start_time,end_time,duration_hrs,total_precip
1970-03-19 18:00:00,1970-03-19 22:00:00,4.0,0.18
1970-04-13 03:00:00,1970-04-13 04:00:00,1.0,0.24
1970-04-19 03:00:00,1970-04-19 07:00:00,4.0,0.26
1970-04-30 00:00:00,1970-05-01 01:00:00,25.0,0.53
1970-05-12 06:00:00,1970-05-13 07:00:00,25.0,1.57
1970-05-14 03:00:00,1970-05-14 13:00:00,10.0,0.33
1970-05-29 15:00:00,1970-05-29 16:00:00,1.0,0.6
1970-06-13 00:00:00,1970-06-13 01:00:00,1.0,0.79
1970-06-20 21:00:00,1970-06-21 04:00:00,7.0,0.54
1970-07-19 15:00:00,1970-07-19 16:00:00,1.0,0.97
1970-07-27 15:00:00,1970-07-27 16:00:00,1.0,0.09
1970-07-28 18:00:00,1970-07-28 19:00:00,1.0,0.15
1970-07-30 00:00:00,1970-07-30 07:00:00,7.0,0.84
1970-08-03 00:00:00,1970-08-03 01:00:00,1.0,0.13
1970-08-18 09:00:00,1970-08-18 10:00:00,1.0,0.16
1970-09-03 06:00:00,1970-09-03 16:00:00,10.0,0.33
1970-09-06 09:00:00,1970-09-06 13:00:00,4.0,0.5700000000000001
1970-09-12 12:00:00,1970-09-12 13:00:00,1.0,0.15
1970-09-14 18:00:00,1970-09-15 07:00:00,13.0,0.8700000000000001
1970-09-22 03:00:00,1970-09-22 04:00:00,1.0,0.2
1970-09-23 21:00:00,1970-09-24 04:00:00,7.0,0.4
1970-09-26 00:00:00,1970-09-26 01:00:00,1.0,0.25
1970-10-13 18:00:00,1970-10-13 22:00:00,4.0,0.18
1970-10-27 21:00:00,1970-10-28 10:00:00,13.0,0.27
1970-11-20 00:00:00,1970-11-20 04:00:00,4.0,0.26
1970-11-27 18:00:00,1970-11-27 19:00:00,1.0,0.08
1970-12-10 18:00:00,1970-12-11 01:00:00,7.0,0.35000000000000003
1971-02-04 18:00:00,1971-02-04 19:00:00,1.0,0.12
1971-02-18 18:00:00,1971-02-18 19:00:00,1.0,0.11
1971-02-19 21:00:00,1971-02-19 22:00:00,1.0,0.12
1971-04-13 00:00:00,1971-04-13 01:00:00,1.0,0.14
1971-04-27 09:00:00,1971-04-27 10:00:00,1.0,0.12
1971-05-02 09:00:00,1971-05-02 10:00:00,1.0,0.08
1971-05-25 00:00:00,1971-05-25 01:00:00,1.0,0.47
1971-06-01 03:00:00,1971-06-01 04:00:00,1.0,0.1
1971-06-02 00:00:00,1971-06-02 01:00:00,1.0,0.14
1971-06-18 21:00:00,1971-06-18 22:00:00,1.0,0.37
1971-06-23 00:00:00,1971-06-23 01:00:00,1.0,0.37
1971-06-23 15:00:00,1971-06-23 16:00:00,1.0,0.43
1971-06-25 00:00:00,1971-06-25 01:00:00,1.0,0.13
1971-07-04 21:00:00,1971-07-05 01:00:00,4.0,0.75
1971-07-08 06:00:00,1971-07-08 07:00:00,1.0,1.18
1971-07-23 15:00:00,1971-07-23 16:00:00,1.0,0.09
1971-08-03 06:00:00,1971-08-03 07:00:00,1.0,0.09
1971-08-14 06:00:00,1971-08-14 07:00:00,1.0,0.35
1971-08-22 21:00:00,1971-08-22 22:00:00,1.0,0.1
1971-08-24 18:00:00,1971-08-24 19:00:00,1.0,1.72
1971-09-04 21:00:00,1971-09-04 22:00:00,1.0,0.12
1971-09-19 06:00:00,1971-09-19 07:00:00,1.0,0.18
1971-12-10 03:00:00,1971-12-10 10:00:00,7.0,0.5
1971-12-30 00:00:00,1971-12-30 04:00:00,4.0,0.25
1972-03-12 21:00:00,1972-03-13 19:00:00,22.0,0.48
1972-03-21 12:00:00,1972-03-21 13:00:00,1.0,0.1
1972-04-16 09:00:00,1972-04-16 10:00:00,1.0,0.33
1972-04-19 00:00:00,1972-04-19 01:00:00,1.0,0.47
1972-05-07 06:00:00,1972-05-07 07:00:00,1.0,0.1
1972-05-14 15:00:00,1972-05-14 16:00:00,1.0,0.66
1972-05-29 12:00:00,1972-05-29 13:00:00,1.0,0.29
1972-06-12 09:00:00,1972-06-12 10:00:00,1.0,0.11
1972-06-14 21:00:00,1972-06-15 01:00:00,4.0,0.91
1972-07-02 03:00:00,1972-07-02 04:00:00,1.0,0.11
1972-07-07 06:00:00,1972-07-07 07:00:00,1.0,0.11
1972-07-12 21:00:00,1972-07-12 22:00:00,1.0,0.66
1972-07-13 18:00:00,1972-07-13 19:00:00,1.0,0.08
1972-08-06 00:00:00,1972-08-06 04:00:00,4.0,0.45
1972-08-11 09:00:00,1972-08-11 13:00:00,4.0,0.38
1972-08-23 12:00:00,1972-08-23 19:00:00,7.0,0.34
1972-08-25 18:00:00,1972-08-25 22:00:00,4.0,1.74
1972-09-13 03:00:00,1972-09-13 07:00:00,4.0,0.39
1972-09-17 18:00:00,1972-09-18 07:00:00,13.0,0.88
1972-09-19 12:00:00,1972-09-19 13:00:00,1.0,0.09
1972-09-28 18:00:00,1972-09-28 22:00:00,4.0,0.43999999999999995
1972-10-11 03:00:00,1972-10-11 04:00:00,1.0,0.34
1972-11-01 21:00:00,1972-11-02 01:00:00,4.0,0.25
1972-12-12 06:00:00,1972-12-12 13:00:00,7.0,0.31000000000000005
1972-12-30 03:00:00,1972-12-30 07:00:00,4.0,0.41000000000000003
1973-02-14 02:00:00,1973-02-15 04:00:00,26.0,0.78
1973-03-05 01:00:00,1973-03-05 04:00:00,3.0,0.37
1973-03-07 03:00:00,1973-03-07 04:00:00,1.0,0.11
1973-03-09 12:00:00,1973-03-09 13:00:00,1.0,0.15
1973-03-11 01:00:00,1973-03-11 03:00:00,2.0,0.18
1973-03-13 20:00:00,1973-03-14 05:00:00,9.0,0.5700000000000001
1973-03-29 12:00:00,1973-03-29 19:00:00,7.0,0.46
1973-03-31 10:00:00,1973-03-31 14:00:00,4.0,0.6699999999999999
1973-04-16 06:00:00,1973-04-16 10:00:00,4.0,0.45
1973-05-01 21:00:00,1973-05-02 00:00:00,3.0,0.21
1973-05-25 02:00:00,1973-05-25 05:00:00,3.0,0.44
1973-05-27 06:00:00,1973-05-27 18:00:00,12.0,1.14
1973-05-28 12:00:00,1973-05-28 21:00:00,9.0,0.61
1973-06-02 23:00:00,1973-06-03 00:00:00,1.0,0.2
1973-06-05 00:00:00,1973-06-05 01:00:00,1.0,0.08
1973-06-16 12:00:00,1973-06-16 23:00:00,11.0,1.56
1973-06-19 22:00:00,1973-06-19 23:00:00,1.0,0.15
1973-07-03 10:00:00,1973-07-03 11:00:00,1.0,0.25
1973-07-04 05:00:00,1973-07-04 08:00:00,3.0,0.9199999999999999
1973-07-09 23:00:00,1973-07-10 00:00:00,1.0,0.13
1973-07-13 21:00:00,1973-07-13 23:00:00,2.0,0.6400000000000001
1973-07-20 02:00:00,1973-07-20 03:00:00,1.0,0.41
1973-07-20 16:00:00,1973-07-20 20:00:00,4.0,1.2000000000000002
1973-07-24 01:00:00,1973-07-24 03:00:00,2.0,0.5
1973-07-26 02:00:00,1973-07-26 03:00:00,1.0,0.13
1973-07-26 17:00:00,1973-07-26 18:00:00,1.0,0.19
1973-07-27 20:00:00,1973-07-27 22:00:00,2.0,0.2
1973-07-30 01:00:00,1973-07-30 08:00:00,7.0,0.44
1973-08-10 00:00:00,1973-08-10 01:00:00,1.0,0.28
1973-09-04 11:00:00,1973-09-04 12:00:00,1.0,0.08
1973-09-21 16:00:00,1973-09-22 03:00:00,11.0,0.77
1973-09-24 19:00:00,1973-09-25 02:00:00,7.0,1.9
1973-10-04 04:00:00,1973-10-04 05:00:00,1.0,0.19999999999999998
1973-10-12 22:00:00,1973-10-13 09:00:00,11.0,1.16
1973-11-14 22:00:00,1973-11-15 03:00:00,5.0,0.3
1973-11-24 04:00:00,1973-11-24 07:00:00,3.0,0.31
1973-12-04 07:00:00,1973-12-04 21:00:00,14.0,1.07
1974-02-21 16:00:00,1974-02-22 09:00:00,17.0,1.25
1974-03-04 07:00:00,1974-03-04 18:00:00,11.0,0.8300000000000001
1974-03-08 07:00:00,1974-03-08 19:00:00,12.0,0.28
1974-03-29 19:00:00,1974-03-29 21:00:00,2.0,0.35
1974-04-03 14:00:00,1974-04-03 16:00:00,2.0,1.09
1974-04-18 19:00:00,1974-04-18 20:00:00,1.0,0.15
1974-04-28 14:00:00,1974-04-29 02:00:00,12.0,1.12
1974-05-07 19:00:00,1974-05-08 09:00:00,14.0,1.1900000000000002
1974-05-11 00:00:00,1974-05-11 01:00:00,1.0,0.12000000000000001
1974-05-13 12:00:00,1974-05-13 13:00:00,1.0,0.12000000000000001
1974-05-14 16:00:00,1974-05-14 19:00:00,3.0,0.7699999999999999
1974-05-16 04:00:00,1974-05-17 06:00:00,26.0,1.24
1974-05-18 09:00:00,1974-05-18 11:00:00,2.0,0.14
1974-05-21 19:00:00,1974-05-22 09:00:00,14.0,0.57
1974-06-05 11:00:00,1974-06-06 21:00:00,34.0,1.12
1974-06-20 19:00:00,1974-06-21 05:00:00,10.0,0.73
1974-06-22 08:00:00,1974-06-22 12:00:00,4.0,0.78
1974-07-02 00:00:00,1974-07-02 01:00:00,1.0,0.1
1974-07-04 07:00:00,1974-07-04 09:00:00,2.0,0.2
1974-07-14 13:00:00,1974-07-14 14:00:00,1.0,0.16
1974-07-22 02:00:00,1974-07-22 10:00:00,8.0,1.57
1974-08-02 14:00:00,1974-08-03 00:00:00,10.0,0.95
1974-08-11 14:00:00,1974-08-11 15:00:00,1.0,0.28
1974-08-16 17:00:00,1974-08-16 19:00:00,2.0,0.42
1974-08-27 07:00:00,1974-08-27 08:00:00,1.0,0.18
1974-09-02 13:00:00,1974-09-02 15:00:00,2.0,0.14
1974-09-28 23:00:00,1974-09-29 02:00:00,3.0,0.7
1974-10-13 15:00:00,1974-10-14 02:00:00,11.0,1.1600000000000001
1974-10-29 05:00:00,1974-10-29 16:00:00,11.0,0.4
1974-11-03 09:00:00,1974-11-03 13:00:00,4.0,0.59
1974-11-05 01:00:00,1974-11-05 11:00:00,10.0,0.26
1974-11-23 13:00:00,1974-11-23 14:00:00,1.0,0.25
1975-01-07 20:00:00,1975-01-08 02:00:00,6.0,0.4000000000000001
1975-01-10 02:00:00,1975-01-10 23:00:00,21.0,1.4300000000000002
1975-01-24 12:00:00,1975-01-24 23:00:00,11.0,0.42000000000000004
1975-01-29 01:00:00,1975-01-29 02:00:00,1.0,0.25
1975-02-17 02:00:00,1975-02-17 06:00:00,4.0,0.6399999999999999
1975-03-22 01:00:00,1975-03-22 02:00:00,1.0,0.13
1975-03-27 19:00:00,1975-03-27 20:00:00,1.0,0.12000000000000001
1975-04-18 06:00:00,1975-04-18 17:00:00,11.0,1.3900000000000001
1975-04-23 06:00:00,1975-04-23 08:00:00,2.0,0.2
1975-04-27 10:00:00,1975-04-28 02:00:00,16.0,1.73
1975-04-29 19:00:00,1975-04-29 20:00:00,1.0,0.09
1975-05-05 04:00:00,1975-05-05 07:00:00,3.0,0.49
1975-05-14 20:00:00,1975-05-14 22:00:00,2.0,0.33999999999999997
1975-05-21 14:00:00,1975-05-21 15:00:00,1.0,0.16
1975-05-24 21:00:00,1975-05-24 23:00:00,2.0,0.26
1975-05-25 15:00:00,1975-05-25 16:00:00,1.0,0.49
1975-05-26 17:00:00,1975-05-26 18:00:00,1.0,0.25
1975-05-30 17:00:00,1975-05-30 20:00:00,3.0,0.6000000000000001
1975-06-02 15:00:00,1975-06-02 17:00:00,2.0,1.21
1975-06-04 18:00:00,1975-06-04 19:00:00,1.0,0.34
1975-06-12 18:00:00,1975-06-12 19:00:00,1.0,0.15
1975-06-13 19:00:00,1975-06-13 21:00:00,2.0,0.30000000000000004
1975-06-14 17:00:00,1975-06-15 08:00:00,15.0,0.8999999999999999
1975-06-17 09:00:00,1975-06-17 13:00:00,4.0,0.6000000000000001
1975-06-18 14:00:00,1975-06-18 15:00:00,1.0,0.13
1975-06-22 23:00:00,1975-06-23 00:00:00,1.0,0.35
1975-06-24 04:00:00,1975-06-24 05:00:00,1.0,0.12
1975-06-27 18:00:00,1975-06-27 19:00:00,1.0,0.52
1975-07-06 06:00:00,1975-07-06 08:00:00,2.0,0.16
1975-07-18 04:00:00,1975-07-18 06:00:00,2.0,0.61
1975-07-19 07:00:00,1975-07-19 10:00:00,3.0,0.3
1975-07-23 19:00:00,1975-07-23 21:00:00,2.0,0.52
1975-08-20 11:00:00,1975-08-20 12:00:00,1.0,0.32
1975-08-21 22:00:00,1975-08-22 06:00:00,8.0,1.98
1975-08-28 22:00:00,1975-08-29 09:00:00,11.0,0.53
1975-10-14 17:00:00,1975-10-14 23:00:00,6.0,0.5
1975-10-24 13:00:00,1975-10-24 21:00:00,8.0,1.18
1975-11-03 04:00:00,1975-11-03 06:00:00,2.0,0.16
1975-11-03 22:00:00,1975-11-03 23:00:00,1.0,0.1
1975-11-09 06:00:00,1975-11-09 07:00:00,1.0,0.14
1975-11-10 01:00:00,1975-11-10 02:00:00,1.0,0.14
1975-11-29 04:00:00,1975-11-30 02:00:00,22.0,0.7200000000000001
1975-12-05 22:00:00,1975-12-06 03:00:00,5.0,0.25
1975-12-13 05:00:00,1975-12-13 09:00:00,4.0,0.33
1976-02-21 01:00:00,1976-02-21 10:00:00,9.0,1.1600000000000001
1976-03-12 03:00:00,1976-03-12 22:00:00,19.0,0.7
1976-03-27 01:00:00,1976-03-27 06:00:00,5.0,0.7999999999999999
1976-03-30 00:00:00,1976-03-30 01:00:00,1.0,0.21000000000000002
1976-04-04 02:00:00,1976-04-04 03:00:00,1.0,0.15000000000000002
1976-04-10 23:00:00,1976-04-11 02:00:00,3.0,0.18
1976-04-15 19:00:00,1976-04-15 20:00:00,1.0,0.22
1976-04-21 02:00:00,1976-04-21 14:00:00,12.0,0.32
1976-05-02 09:00:00,1976-05-02 23:00:00,14.0,0.47
1976-05-05 22:00:00,1976-05-06 15:00:00,17.0,1.6099999999999999
1976-06-13 02:00:00,1976-06-13 03:00:00,1.0,0.08
1976-06-13 19:00:00,1976-06-14 01:00:00,6.0,0.46
1976-06-15 10:00:00,1976-06-15 11:00:00,1.0,0.1
1976-06-18 13:00:00,1976-06-18 18:00:00,5.0,0.41
1976-06-22 22:00:00,1976-06-22 23:00:00,1.0,0.1
1976-06-23 16:00:00,1976-06-23 19:00:00,3.0,0.5
1976-07-20 16:00:00,1976-07-21 03:00:00,11.0,1.0300000000000002
1976-07-28 23:00:00,1976-07-29 00:00:00,1.0,0.13
1976-07-31 00:00:00,1976-07-31 01:00:00,1.0,0.15000000000000002
1976-08-06 01:00:00,1976-08-06 05:00:00,4.0,0.6499999999999999
1976-08-12 02:00:00,1976-08-12 03:00:00,1.0,0.11
1976-08-14 04:00:00,1976-08-14 05:00:00,1.0,0.08
1976-08-28 05:00:00,1976-08-28 06:00:00,1.0,0.2
1976-10-05 05:00:00,1976-10-06 02:00:00,21.0,0.7700000000000002
1976-10-30 16:00:00,1976-10-30 18:00:00,2.0,0.22
1977-02-23 13:00:00,1977-02-23 14:00:00,1.0,0.15
1977-04-19 15:00:00,1977-04-20 03:00:00,12.0,0.96
1977-04-20 16:00:00,1977-04-20 17:00:00,1.0,0.15
1977-04-28 05:00:00,1977-04-28 10:00:00,5.0,0.53
1977-05-04 20:00:00,1977-05-05 04:00:00,8.0,0.8600000000000001
1977-05-05 23:00:00,1977-05-06 00:00:00,1.0,0.22
1977-05-21 15:00:00,1977-05-21 16:00:00,1.0,0.15
1977-05-31 01:00:00,1977-05-31 03:00:00,2.0,0.5700000000000001
1977-06-05 04:00:00,1977-06-05 08:00:00,4.0,0.92
1977-06-08 14:00:00,1977-06-08 15:00:00,1.0,0.12
1977-06-11 02:00:00,1977-06-11 07:00:00,5.0,1.5900000000000003
1977-06-17 16:00:00,1977-06-17 21:00:00,5.0,0.49
1977-06-30 07:00:00,1977-06-30 11:00:00,4.0,1.87
1977-07-08 16:00:00,1977-07-08 17:00:00,1.0,0.2
1977-07-12 08:00:00,1977-07-12 09:00:00,1.0,0.12
1977-07-17 02:00:00,1977-07-17 03:00:00,1.0,0.12
1977-07-18 08:00:00,1977-07-18 10:00:00,2.0,0.24000000000000002
1977-07-24 10:00:00,1977-07-24 12:00:00,2.0,0.27
1977-08-05 12:00:00,1977-08-05 13:00:00,1.0,0.11
1977-08-06 10:00:00,1977-08-06 11:00:00,1.0,0.15
1977-08-08 03:00:00,1977-08-08 08:00:00,5.0,1.2799999999999998
1977-08-11 06:00:00,1977-08-11 11:00:00,5.0,0.7200000000000001
1977-08-16 05:00:00,1977-08-16 06:00:00,1.0,0.17
1977-08-26 15:00:00,1977-08-26 16:00:00,1.0,0.87
1977-08-28 14:00:00,1977-08-28 22:00:00,8.0,0.66
1977-09-01 01:00:00,1977-09-01 03:00:00,2.0,0.89
1977-09-02 08:00:00,1977-09-02 09:00:00,1.0,0.12
1977-09-12 15:00:00,1977-09-13 12:00:00,21.0,0.9400000000000003
1977-09-15 08:00:00,1977-09-15 12:00:00,4.0,0.67
1977-09-17 10:00:00,1977-09-17 11:00:00,1.0,0.09999999999999999
1977-09-30 20:00:00,1977-10-01 02:00:00,6.0,1.02
1977-10-07 15:00:00,1977-10-08 01:00:00,10.0,0.6400000000000001
1977-10-22 02:00:00,1977-10-22 03:00:00,1.0,0.09
1977-10-25 07:00:00,1977-10-25 08:00:00,1.0,0.09
1977-11-20 03:00:00,1977-11-20 06:00:00,3.0,0.28
1978-03-13 20:00:00,1978-03-14 04:00:00,8.0,0.35000000000000003
1978-04-02 09:00:00,1978-04-02 14:00:00,5.0,0.34
1978-04-10 01:00:00,1978-04-10 17:00:00,16.0,0.6799999999999999
1978-04-18 01:00:00,1978-04-18 19:00:00,18.0,0.9400000000000001
1978-04-24 16:00:00,1978-04-24 17:00:00,1.0,0.23
1978-05-04 16:00:00,1978-05-04 19:00:00,3.0,0.32
1978-05-11 10:00:00,1978-05-12 03:00:00,17.0,0.8200000000000001
1978-06-07 07:00:00,1978-06-07 21:00:00,14.0,1.1400000000000001
1978-06-17 03:00:00,1978-06-17 05:00:00,2.0,1.44
1978-06-17 22:00:00,1978-06-18 00:00:00,2.0,0.19
1978-06-26 07:00:00,1978-06-26 08:00:00,1.0,0.08
1978-06-27 08:00:00,1978-06-27 09:00:00,1.0,0.27
1978-06-30 22:00:00,1978-07-01 10:00:00,12.0,1.13
1978-07-01 23:00:00,1978-07-02 08:00:00,9.0,1.4700000000000002
1978-07-12 23:00:00,1978-07-13 00:00:00,1.0,0.15
1978-07-17 13:00:00,1978-07-17 14:00:00,1.0,0.19
1978-07-20 15:00:00,1978-07-21 00:00:00,9.0,1.67
1978-08-09 02:00:00,1978-08-09 04:00:00,2.0,0.2
1978-08-11 08:00:00,1978-08-11 09:00:00,1.0,0.1
1978-08-15 21:00:00,1978-08-16 00:00:00,3.0,0.64
1978-08-18 11:00:00,1978-08-18 12:00:00,1.0,0.1
1978-08-22 08:00:00,1978-08-22 09:00:00,1.0,0.09
1978-08-24 05:00:00,1978-08-24 07:00:00,2.0,0.37
1978-09-13 01:00:00,1978-09-13 08:00:00,7.0,2.84
1978-09-17 01:00:00,1978-09-17 02:00:00,1.0,0.1
1978-09-17 15:00:00,1978-09-18 10:00:00,19.0,2.95
1978-10-02 23:00:00,1978-10-03 00:00:00,1.0,0.08
1978-10-16 09:00:00,1978-10-16 10:00:00,1.0,0.11
1978-10-23 00:00:00,1978-10-23 03:00:00,3.0,0.22
1978-11-26 21:00:00,1978-11-27 01:00:00,4.0,0.27999999999999997
1978-12-03 02:00:00,1978-12-03 05:00:00,3.0,0.25
1978-12-07 04:00:00,1978-12-07 08:00:00,4.0,0.36999999999999994
1978-12-28 23:00:00,1978-12-29 05:00:00,6.0,0.39999999999999997
1979-02-23 02:00:00,1979-02-23 04:00:00,2.0,0.21
1979-03-03 11:00:00,1979-03-04 06:00:00,19.0,1.4
1979-03-20 01:00:00,1979-03-20 02:00:00,1.0,0.17
1979-03-29 11:00:00,1979-03-30 02:00:00,15.0,1.13
1979-03-30 16:00:00,1979-03-30 18:00:00,2.0,0.18
1979-04-02 01:00:00,1979-04-02 04:00:00,3.0,0.42000000000000004
1979-04-08 13:00:00,1979-04-08 19:00:00,6.0,0.24
1979-04-11 07:00:00,1979-04-11 23:00:00,16.0,1.72
1979-04-12 18:00:00,1979-04-12 19:00:00,1.0,0.11
1979-05-02 20:00:00,1979-05-03 01:00:00,5.0,1.3
1979-05-11 02:00:00,1979-05-11 07:00:00,5.0,0.85
1979-05-13 15:00:00,1979-05-13 16:00:00,1.0,0.1
1979-06-07 09:00:00,1979-06-07 13:00:00,4.0,0.63
1979-06-08 16:00:00,1979-06-08 20:00:00,4.0,0.78
1979-06-10 04:00:00,1979-06-10 05:00:00,1.0,0.19
1979-06-13 01:00:00,1979-06-13 02:00:00,1.0,0.16
1979-06-18 03:00:00,1979-06-18 04:00:00,1.0,0.59
1979-06-28 23:00:00,1979-06-29 01:00:00,2.0,0.84
1979-06-29 13:00:00,1979-06-29 17:00:00,4.0,0.29
1979-07-03 22:00:00,1979-07-03 23:00:00,1.0,0.15
1979-07-14 14:00:00,1979-07-14 15:00:00,1.0,0.09
1979-07-22 07:00:00,1979-07-22 09:00:00,2.0,0.22000000000000003
1979-07-24 20:00:00,1979-07-24 21:00:00,1.0,0.35
1979-07-30 08:00:00,1979-07-30 10:00:00,2.0,1.02
1979-08-08 23:00:00,1979-08-09 03:00:00,4.0,0.6900000000000001
1979-08-10 01:00:00,1979-08-10 15:00:00,14.0,1.49
1979-08-27 05:00:00,1979-08-27 06:00:00,1.0,0.14
1979-08-29 01:00:00,1979-08-29 09:00:00,8.0,2.2400000000000007
1979-10-01 16:00:00,1979-10-02 05:00:00,13.0,0.9999999999999999
1979-11-19 11:00:00,1979-11-19 12:00:00,1.0,0.17
1979-11-20 23:00:00,1979-11-21 07:00:00,8.0,1.04
1979-11-25 17:00:00,1979-11-26 06:00:00,13.0,0.8600000000000001
1979-12-11 20:00:00,1979-12-11 21:00:00,1.0,0.09
1980-02-25 08:00:00,1980-02-25 12:00:00,4.0,0.33
1980-03-17 05:00:00,1980-03-17 09:00:00,4.0,0.39999999999999997
1980-04-08 02:00:00,1980-04-08 04:00:00,2.0,0.51
1980-05-12 23:00:00,1980-05-13 00:00:00,1.0,0.22
1980-05-28 13:00:00,1980-05-28 23:00:00,10.0,1.3800000000000001
1980-05-29 14:00:00,1980-05-29 16:00:00,2.0,0.9099999999999999
1980-06-01 07:00:00,1980-06-01 09:00:00,2.0,0.46
1980-06-06 02:00:00,1980-06-06 03:00:00,1.0,0.16
1980-06-07 10:00:00,1980-06-07 15:00:00,5.0,0.6
1980-06-15 07:00:00,1980-06-15 10:00:00,3.0,0.34
1980-06-19 10:00:00,1980-06-19 11:00:00,1.0,0.21
1980-06-28 01:00:00,1980-06-28 03:00:00,2.0,0.51
1980-07-05 04:00:00,1980-07-05 05:00:00,1.0,0.22
1980-07-16 04:00:00,1980-07-16 07:00:00,3.0,0.44999999999999996
1980-07-19 07:00:00,1980-07-19 08:00:00,1.0,0.09
1980-07-20 22:00:00,1980-07-21 03:00:00,5.0,1.54
1980-07-21 16:00:00,1980-07-21 17:00:00,1.0,0.21
1980-08-02 10:00:00,1980-08-02 20:00:00,10.0,0.22
1980-08-04 20:00:00,1980-08-05 01:00:00,5.0,0.67
1980-08-09 01:00:00,1980-08-09 02:00:00,1.0,0.23
1980-08-10 01:00:00,1980-08-10 11:00:00,10.0,0.9700000000000001
1980-08-11 10:00:00,1980-08-11 14:00:00,4.0,0.26
1980-08-13 14:00:00,1980-08-13 16:00:00,2.0,0.38
1980-08-19 07:00:00,1980-08-19 11:00:00,4.0,0.76
1980-08-21 01:00:00,1980-08-21 03:00:00,2.0,1.43
1980-08-31 05:00:00,1980-08-31 08:00:00,3.0,0.24
1980-09-01 04:00:00,1980-09-01 07:00:00,3.0,0.33999999999999997
1980-09-07 07:00:00,1980-09-07 23:00:00,16.0,1.56
1980-09-09 05:00:00,1980-09-09 09:00:00,4.0,0.68
1980-09-12 08:00:00,1980-09-12 12:00:00,4.0,0.39
1980-09-16 19:00:00,1980-09-17 04:00:00,9.0,1.01
1980-09-20 06:00:00,1980-09-20 07:00:00,1.0,0.1
1980-09-22 13:00:00,1980-09-22 14:00:00,1.0,0.48
1980-09-25 14:00:00,1980-09-25 15:00:00,1.0,0.12
1980-10-13 20:00:00,1980-10-13 21:00:00,1.0,0.12
1980-10-24 11:00:00,1980-10-24 14:00:00,3.0,0.48000000000000004
1980-12-01 20:00:00,1980-12-02 08:00:00,12.0,0.6400000000000001
1980-12-07 19:00:00,1980-12-08 10:00:00,15.0,1.4
1981-02-05 22:00:00,1981-02-05 23:00:00,1.0,0.1
1981-04-04 00:00:00,1981-04-04 01:00:00,1.0,0.42
1981-04-08 20:00:00,1981-04-09 00:00:00,4.0,0.51
1981-04-10 12:00:00,1981-04-10 13:00:00,1.0,0.35000000000000003
1981-04-13 04:00:00,1981-04-13 06:00:00,2.0,0.16999999999999998
1981-04-14 01:00:00,1981-04-14 02:00:00,1.0,0.13
1981-04-28 07:00:00,1981-04-28 21:00:00,14.0,2.0100000000000002
1981-05-23 05:00:00,1981-05-23 06:00:00,1.0,0.21
1981-05-24 05:00:00,1981-05-24 06:00:00,1.0,0.27
1981-05-29 06:00:00,1981-05-29 22:00:00,16.0,1.94
1981-06-05 17:00:00,1981-06-05 18:00:00,1.0,0.1
1981-06-08 17:00:00,1981-06-08 21:00:00,4.0,0.41000000000000003
1981-06-09 15:00:00,1981-06-09 20:00:00,5.0,0.7
1981-06-13 02:00:00,1981-06-13 12:00:00,10.0,1.6
1981-06-15 14:00:00,1981-06-16 01:00:00,11.0,0.53
1981-06-21 16:00:00,1981-06-21 19:00:00,3.0,0.24000000000000002
1981-06-24 04:00:00,1981-06-24 06:00:00,2.0,0.35
1981-06-29 23:00:00,1981-06-30 00:00:00,1.0,0.21000000000000002
1981-07-04 10:00:00,1981-07-04 11:00:00,1.0,0.31
1981-07-12 08:00:00,1981-07-12 10:00:00,2.0,1.75
1981-07-13 08:00:00,1981-07-13 09:00:00,1.0,0.38999999999999996
1981-07-25 23:00:00,1981-07-26 00:00:00,1.0,0.18
1981-08-02 15:00:00,1981-08-03 06:00:00,15.0,2.3200000000000003
1981-08-07 17:00:00,1981-08-07 18:00:00,1.0,0.4
1981-08-15 19:00:00,1981-08-15 20:00:00,1.0,0.29
1981-08-25 09:00:00,1981-08-25 12:00:00,3.0,0.36
1981-08-26 16:00:00,1981-08-26 18:00:00,2.0,0.2
1981-08-27 22:00:00,1981-08-28 07:00:00,9.0,0.66
1981-08-31 07:00:00,1981-08-31 08:00:00,1.0,0.11
1981-09-07 16:00:00,1981-09-07 19:00:00,3.0,0.8699999999999999
1981-09-29 05:00:00,1981-09-29 07:00:00,2.0,0.39000000000000007
1981-10-05 22:00:00,1981-10-06 01:00:00,3.0,0.75
1981-10-21 14:00:00,1981-10-21 15:00:00,1.0,0.15
1981-11-04 19:00:00,1981-11-04 20:00:00,1.0,0.34
1981-11-19 20:00:00,1981-11-20 05:00:00,9.0,0.9200000000000002
1981-11-23 14:00:00,1981-11-23 20:00:00,6.0,0.55
1981-11-26 14:00:00,1981-11-26 15:00:00,1.0,0.09
1981-11-30 21:00:00,1981-12-01 09:00:00,12.0,0.5100000000000001
1981-12-21 01:00:00,1981-12-21 04:00:00,3.0,0.16
1982-01-03 21:00:00,1982-01-04 04:00:00,7.0,0.74
1982-03-02 03:00:00,1982-03-02 10:00:00,7.0,0.33999999999999997
1982-03-04 01:00:00,1982-03-04 18:00:00,17.0,0.6600000000000001
1982-03-16 03:00:00,1982-03-16 05:00:00,2.0,0.45
1982-03-19 10:00:00,1982-03-20 03:00:00,17.0,0.96
1982-03-30 12:00:00,1982-03-30 14:00:00,2.0,0.5
1982-04-15 22:00:00,1982-04-16 21:00:00,23.0,1.19
1982-05-20 02:00:00,1982-05-20 03:00:00,1.0,0.15
1982-05-26 11:00:00,1982-05-26 12:00:00,1.0,0.16999999999999998
1982-05-27 07:00:00,1982-05-27 08:00:00,1.0,0.36
1982-05-29 16:00:00,1982-05-30 00:00:00,8.0,0.26
1982-05-31 20:00:00,1982-05-31 23:00:00,3.0,0.15
1982-06-15 02:00:00,1982-06-15 07:00:00,5.0,0.9299999999999999
1982-06-28 08:00:00,1982-06-28 09:00:00,1.0,0.14
1982-07-02 20:00:00,1982-07-03 00:00:00,4.0,2.05
1982-07-06 19:00:00,1982-07-07 02:00:00,7.0,0.79
1982-07-10 10:00:00,1982-07-10 21:00:00,11.0,0.9600000000000001
1982-07-14 00:00:00,1982-07-14 01:00:00,1.0,0.49
1982-07-14 17:00:00,1982-07-14 18:00:00,1.0,0.16999999999999998
1982-07-16 15:00:00,1982-07-16 17:00:00,2.0,0.39
1982-07-21 21:00:00,1982-07-22 11:00:00,14.0,2.7199999999999998
1982-07-27 16:00:00,1982-07-27 17:00:00,1.0,0.2
1982-08-04 02:00:00,1982-08-04 08:00:00,6.0,0.27
1982-08-05 10:00:00,1982-08-05 11:00:00,1.0,0.09
1982-08-07 14:00:00,1982-08-08 04:00:00,14.0,2.4
1982-08-24 21:00:00,1982-08-24 22:00:00,1.0,1.06
1982-09-01 07:00:00,1982-09-01 08:00:00,1.0,0.31
1982-09-17 02:00:00,1982-09-17 21:00:00,19.0,0.48000000000000004
1982-09-19 22:00:00,1982-09-19 23:00:00,1.0,0.08
1982-10-09 01:00:00,1982-10-09 07:00:00,6.0,0.62
1982-10-31 04:00:00,1982-10-31 06:00:00,2.0,0.16
1982-11-01 03:00:00,1982-11-02 00:00:00,21.0,1.6199999999999999
1982-11-11 09:00:00,1982-11-11 14:00:00,5.0,0.86
1982-11-20 19:00:00,1982-11-20 20:00:00,1.0,0.17
1982-11-28 04:00:00,1982-11-28 10:00:00,6.0,0.6400000000000001
1982-12-02 02:00:00,1982-12-03 03:00:00,25.0,4.579999999999999
1982-12-04 23:00:00,1982-12-05 06:00:00,7.0,0.6500000000000001
1982-12-23 02:00:00,1982-12-23 03:00:00,1.0,0.14
1982-12-24 20:00:00,1982-12-25 04:00:00,8.0,2.12
1983-03-18 03:00:00,1983-03-19 02:00:00,23.0,1.35
1983-04-01 17:00:00,1983-04-02 19:00:00,26.0,2.86
1983-04-09 03:00:00,1983-04-09 10:00:00,7.0,1.24
1983-04-13 17:00:00,1983-04-14 02:00:00,9.0,1.24
1983-04-28 00:00:00,1983-04-28 06:00:00,6.0,0.8300000000000002
1983-05-01 15:00:00,1983-05-01 20:00:00,5.0,1.01
1983-05-06 06:00:00,1983-05-06 08:00:00,2.0,0.2
1983-05-07 16:00:00,1983-05-07 17:00:00,1.0,0.14
1983-05-13 20:00:00,1983-05-14 00:00:00,4.0,0.5900000000000001
1983-05-19 00:00:00,1983-05-19 08:00:00,8.0,0.7000000000000001
1983-05-22 02:00:00,1983-05-22 20:00:00,18.0,1.62
1983-05-24 23:00:00,1983-05-25 01:00:00,2.0,0.38
1983-05-27 20:00:00,1983-05-27 21:00:00,1.0,0.12000000000000001
1983-05-29 02:00:00,1983-05-29 16:00:00,14.0,0.8700000000000001
1983-06-10 02:00:00,1983-06-10 06:00:00,4.0,1.1800000000000002
1983-06-14 19:00:00,1983-06-15 02:00:00,7.0,0.73
1983-06-27 03:00:00,1983-06-27 22:00:00,19.0,1.6700000000000002
1983-07-01 03:00:00,1983-07-01 11:00:00,8.0,0.54
1983-07-17 19:00:00,1983-07-17 20:00:00,1.0,0.19
1983-07-18 09:00:00,1983-07-18 19:00:00,10.0,0.73
1983-07-19 22:00:00,1983-07-20 00:00:00,2.0,0.33999999999999997
1983-07-20 18:00:00,1983-07-20 19:00:00,1.0,0.26
1983-07-23 16:00:00,1983-07-23 17:00:00,1.0,0.08
1983-07-29 20:00:00,1983-07-29 21:00:00,1.0,0.26
1983-08-10 20:00:00,1983-08-10 21:00:00,1.0,0.13
1983-08-17 05:00:00,1983-08-17 07:00:00,2.0,0.97
1983-08-25 13:00:00,1983-08-25 14:00:00,1.0,0.24
1983-09-05 21:00:00,1983-09-06 04:00:00,7.0,1.6
1983-09-10 20:00:00,1983-09-10 23:00:00,3.0,0.43
1983-09-18 23:00:00,1983-09-19 02:00:00,3.0,0.3
1983-09-20 12:00:00,1983-09-20 18:00:00,6.0,0.5900000000000001
1983-10-08 04:00:00,1983-10-08 05:00:00,1.0,0.15
1983-10-12 01:00:00,1983-10-12 10:00:00,9.0,0.71
1983-11-23 02:00:00,1983-11-23 17:00:00,15.0,1.54
1983-12-05 17:00:00,1983-12-06 10:00:00,17.0,0.41
1983-12-28 06:00:00,1983-12-28 10:00:00,4.0,0.17
1984-01-30 00:00:00,1984-01-30 08:00:00,8.0,0.41
1984-02-18 14:00:00,1984-02-18 20:00:00,6.0,0.36
1984-03-15 03:00:00,1984-03-15 22:00:00,19.0,0.9400000000000001
1984-03-17 18:00:00,1984-03-17 20:00:00,2.0,0.29000000000000004
1984-03-19 18:00:00,1984-03-20 01:00:00,7.0,0.8400000000000001
1984-04-22 04:00:00,1984-04-22 20:00:00,16.0,1.3900000000000001
1984-04-29 15:00:00,1984-04-29 23:00:00,8.0,0.46
1984-05-13 05:00:00,1984-05-13 07:00:00,2.0,0.19
1984-05-22 03:00:00,1984-05-22 16:00:00,13.0,1.55
1984-05-24 22:00:00,1984-05-25 09:00:00,11.0,0.43
1984-06-13 14:00:00,1984-06-13 15:00:00,1.0,0.08
1984-06-21 20:00:00,1984-06-22 08:00:00,12.0,0.2
1984-06-23 20:00:00,1984-06-23 21:00:00,1.0,0.81
1984-06-27 01:00:00,1984-06-27 02:00:00,1.0,0.22
1984-07-10 21:00:00,1984-07-11 05:00:00,8.0,1.12
1984-07-20 17:00:00,1984-07-20 19:00:00,2.0,1.63
1984-07-26 11:00:00,1984-07-26 13:00:00,2.0,0.18
1984-08-07 10:00:00,1984-08-07 11:00:00,1.0,0.16
1984-08-08 05:00:00,1984-08-08 06:00:00,1.0,0.28
1984-08-09 17:00:00,1984-08-09 20:00:00,3.0,1.39
1984-08-16 14:00:00,1984-08-16 15:00:00,1.0,0.08
1984-09-04 19:00:00,1984-09-04 20:00:00,1.0,0.13
1984-09-08 14:00:00,1984-09-08 15:00:00,1.0,0.19
1984-09-11 01:00:00,1984-09-11 02:00:00,1.0,0.35
1984-09-13 10:00:00,1984-09-13 13:00:00,3.0,0.54
1984-09-25 06:00:00,1984-09-25 14:00:00,8.0,1.2999999999999998
1984-10-08 02:00:00,1984-10-08 03:00:00,1.0,0.19999999999999998
1984-10-14 07:00:00,1984-10-14 10:00:00,3.0,0.41000000000000003
1984-10-15 04:00:00,1984-10-15 05:00:00,1.0,0.41
1984-10-31 10:00:00,1984-11-01 09:00:00,23.0,1.28
1984-11-09 01:00:00,1984-11-09 15:00:00,14.0,0.42000000000000004
1984-11-27 00:00:00,1984-11-27 19:00:00,19.0,1.2400000000000002
1984-12-09 21:00:00,1984-12-09 22:00:00,1.0,0.08
1984-12-21 09:00:00,1984-12-21 15:00:00,6.0,0.47000000000000003
1985-01-11 02:00:00,1985-01-11 03:00:00,1.0,0.09
1985-02-04 23:00:00,1985-02-05 06:00:00,7.0,0.27
1985-02-22 22:00:00,1985-02-24 09:00:00,35.0,2.03
1985-03-23 18:00:00,1985-03-23 20:00:00,2.0,0.10999999999999999
1985-03-27 09:00:00,1985-03-27 10:00:00,1.0,0.1
1985-03-28 01:00:00,1985-03-28 16:00:00,15.0,0.93
1985-03-31 00:00:00,1985-03-31 10:00:00,10.0,0.39999999999999997
1985-04-05 07:00:00,1985-04-05 22:00:00,15.0,0.41000000000000003
1985-04-23 19:00:00,1985-04-23 23:00:00,4.0,0.6499999999999999
1985-05-12 03:00:00,1985-05-12 04:00:00,1.0,0.09
1985-05-15 01:00:00,1985-05-15 03:00:00,2.0,0.31
1985-05-16 21:00:00,1985-05-17 00:00:00,3.0,0.5900000000000001
1985-05-20 09:00:00,1985-05-20 12:00:00,3.0,0.27
1985-05-26 21:00:00,1985-05-27 13:00:00,16.0,0.8400000000000001
1985-06-11 07:00:00,1985-06-11 12:00:00,5.0,0.6499999999999999
1985-06-21 05:00:00,1985-06-21 06:00:00,1.0,0.14
1985-06-23 12:00:00,1985-06-23 13:00:00,1.0,0.08
1985-07-04 23:00:00,1985-07-05 00:00:00,1.0,0.25
1985-07-09 21:00:00,1985-07-09 22:00:00,1.0,0.72
1985-07-25 13:00:00,1985-07-25 17:00:00,4.0,0.8400000000000001
1985-07-30 23:00:00,1985-07-31 06:00:00,7.0,1.0
1985-08-06 01:00:00,1985-08-06 03:00:00,2.0,1.12
1985-08-13 03:00:00,1985-08-13 06:00:00,3.0,1.6400000000000001
1985-08-15 00:00:00,1985-08-15 04:00:00,4.0,0.26
1985-08-24 16:00:00,1985-08-24 17:00:00,1.0,0.2
1985-09-06 08:00:00,1985-09-06 09:00:00,1.0,0.13
1985-09-08 15:00:00,1985-09-09 05:00:00,14.0,0.95
1985-09-22 15:00:00,1985-09-22 23:00:00,8.0,0.26
1985-10-04 07:00:00,1985-10-04 16:00:00,9.0,0.7100000000000002
1985-10-08 05:00:00,1985-10-09 12:00:00,31.0,0.78
1985-10-10 02:00:00,1985-10-10 08:00:00,6.0,0.19
1985-10-18 14:00:00,1985-10-18 23:00:00,9.0,2.05
1985-11-09 14:00:00,1985-11-10 00:00:00,10.0,1.04
1985-11-18 07:00:00,1985-11-18 22:00:00,15.0,1.1700000000000002
1985-11-19 15:00:00,1985-11-19 18:00:00,3.0,0.92
1986-02-18 22:00:00,1986-02-18 23:00:00,1.0,0.13
1986-03-10 08:00:00,1986-03-10 11:00:00,3.0,0.39
1986-04-01 10:00:00,1986-04-01 11:00:00,1.0,0.15
1986-04-14 13:00:00,1986-04-14 15:00:00,2.0,0.18
1986-05-13 22:00:00,1986-05-13 23:00:00,1.0,0.13
1986-05-17 03:00:00,1986-05-17 04:00:00,1.0,0.2
1986-05-17 16:00:00,1986-05-18 07:00:00,15.0,1.35
1986-05-29 08:00:00,1986-05-29 09:00:00,1.0,0.17
1986-06-05 02:00:00,1986-06-05 05:00:00,3.0,0.65
1986-06-10 18:00:00,1986-06-10 19:00:00,1.0,0.19
1986-06-14 09:00:00,1986-06-14 23:00:00,14.0,0.82
1986-06-22 09:00:00,1986-06-22 10:00:00,1.0,0.25
1986-06-30 03:00:00,1986-06-30 08:00:00,5.0,0.6099999999999999
1986-07-10 16:00:00,1986-07-12 10:00:00,42.0,1.58
1986-07-15 20:00:00,1986-07-15 21:00:00,1.0,0.15
1986-07-25 03:00:00,1986-07-25 08:00:00,5.0,0.21999999999999997
1986-07-28 01:00:00,1986-07-28 02:00:00,1.0,0.49
1986-08-26 07:00:00,1986-08-26 16:00:00,9.0,0.56
1986-09-03 17:00:00,1986-09-03 18:00:00,1.0,0.14
1986-09-11 07:00:00,1986-09-11 10:00:00,3.0,1.5399999999999998
1986-09-17 17:00:00,1986-09-17 18:00:00,1.0,0.15
1986-09-21 07:00:00,1986-09-21 10:00:00,3.0,0.78
1986-09-22 20:00:00,1986-09-22 23:00:00,3.0,0.69
1986-09-24 19:00:00,1986-09-24 23:00:00,4.0,0.76
1986-09-26 04:00:00,1986-09-26 13:00:00,9.0,0.6599999999999999
1986-09-28 20:00:00,1986-09-28 21:00:00,1.0,0.11
1986-09-29 12:00:00,1986-09-29 16:00:00,4.0,1.2500000000000002
1986-10-08 17:00:00,1986-10-08 18:00:00,1.0,0.19
1986-12-01 19:00:00,1986-12-02 00:00:00,5.0,0.22000000000000003
1987-01-29 09:00:00,1987-01-29 16:00:00,7.0,0.4
1987-04-11 00:00:00,1987-04-11 18:00:00,18.0,0.7000000000000002
1987-05-02 01:00:00,1987-05-02 05:00:00,4.0,0.48000000000000004
1987-05-11 17:00:00,1987-05-11 18:00:00,1.0,0.17
1987-05-19 01:00:00,1987-05-19 05:00:00,4.0,0.36
1987-05-27 19:00:00,1987-05-27 20:00:00,1.0,0.25
1987-06-11 19:00:00,1987-06-11 21:00:00,2.0,0.98
1987-06-20 15:00:00,1987-06-20 19:00:00,4.0,0.22
1987-06-29 19:00:00,1987-06-29 20:00:00,1.0,0.09
1987-07-05 04:00:00,1987-07-05 15:00:00,11.0,0.5
1987-07-09 16:00:00,1987-07-09 19:00:00,3.0,0.32000000000000006
1987-07-10 17:00:00,1987-07-10 18:00:00,1.0,0.08
1987-07-15 04:00:00,1987-07-15 10:00:00,6.0,0.6
1987-07-20 20:00:00,1987-07-20 23:00:00,3.0,0.7899999999999999
1987-07-26 18:00:00,1987-07-26 19:00:00,1.0,0.67
1987-07-27 08:00:00,1987-07-27 10:00:00,2.0,0.32
1987-07-31 11:00:00,1987-07-31 13:00:00,2.0,0.63
1987-08-08 13:00:00,1987-08-08 23:00:00,10.0,0.34
1987-08-13 21:00:00,1987-08-14 15:00:00,18.0,9.350000000000001
1987-08-15 03:00:00,1987-08-15 06:00:00,3.0,0.5900000000000001
1987-08-16 08:00:00,1987-08-16 09:00:00,1.0,0.12
1987-08-16 21:00:00,1987-08-16 23:00:00,2.0,2.7
1987-08-18 11:00:00,1987-08-18 12:00:00,1.0,0.28
1987-08-21 07:00:00,1987-08-21 11:00:00,4.0,0.37
1987-09-16 09:00:00,1987-09-17 10:00:00,25.0,0.5
1987-09-20 18:00:00,1987-09-20 19:00:00,1.0,0.13
1987-10-16 22:00:00,1987-10-17 00:00:00,2.0,0.23
1987-10-31 21:00:00,1987-10-31 23:00:00,2.0,0.54
1987-11-01 17:00:00,1987-11-02 01:00:00,8.0,0.4
1988-01-19 15:00:00,1988-01-20 00:00:00,9.0,0.62
1988-01-31 06:00:00,1988-01-31 10:00:00,4.0,0.33
1988-02-14 20:00:00,1988-02-14 22:00:00,2.0,0.3
1988-03-12 11:00:00,1988-03-12 12:00:00,1.0,0.1
1988-03-24 06:00:00,1988-03-24 07:00:00,1.0,0.14
1988-03-25 01:00:00,1988-03-25 02:00:00,1.0,0.12
1988-04-02 14:00:00,1988-04-02 15:00:00,1.0,0.38
1988-04-05 21:00:00,1988-04-06 06:00:00,9.0,0.97
1988-04-22 23:00:00,1988-04-23 00:00:00,1.0,0.09999999999999999
1988-04-26 20:00:00,1988-04-26 21:00:00,1.0,0.12
1988-05-15 12:00:00,1988-05-15 16:00:00,4.0,0.35
1988-06-20 18:00:00,1988-06-20 19:00:00,1.0,0.22
1988-06-22 19:00:00,1988-06-22 20:00:00,1.0,0.13
1988-06-28 21:00:00,1988-06-29 06:00:00,9.0,0.6500000000000001
1988-07-16 15:00:00,1988-07-16 16:00:00,1.0,0.29
1988-07-30 02:00:00,1988-07-30 17:00:00,15.0,1.5099999999999998
1988-08-04 18:00:00,1988-08-04 19:00:00,1.0,0.36000000000000004
1988-08-08 20:00:00,1988-08-09 00:00:00,4.0,1.1800000000000002
1988-08-10 13:00:00,1988-08-10 14:00:00,1.0,0.32
1988-08-13 17:00:00,1988-08-13 19:00:00,2.0,0.21000000000000002
1988-08-18 16:00:00,1988-08-18 20:00:00,4.0,0.21
1988-09-04 18:00:00,1988-09-04 19:00:00,1.0,0.1
1988-09-12 07:00:00,1988-09-12 10:00:00,3.0,1.93
1988-09-18 08:00:00,1988-09-19 01:00:00,17.0,0.66
1988-09-19 13:00:00,1988-09-19 16:00:00,3.0,0.19
1988-09-22 19:00:00,1988-09-23 00:00:00,5.0,0.52
1988-10-15 19:00:00,1988-10-15 20:00:00,1.0,0.08
1988-10-23 03:00:00,1988-10-23 09:00:00,6.0,0.3
1988-11-04 07:00:00,1988-11-04 12:00:00,5.0,1.5
1988-11-09 15:00:00,1988-11-10 03:00:00,12.0,1.32
1988-11-12 09:00:00,1988-11-12 18:00:00,9.0,0.37
1988-11-15 15:00:00,1988-11-16 03:00:00,12.0,0.8500000000000001
1988-11-19 03:00:00,1988-11-19 06:00:00,3.0,0.25
1989-01-07 19:00:00,1989-01-07 20:00:00,1.0,0.12
1989-02-13 04:00:00,1989-02-13 06:00:00,2.0,0.2
1989-03-14 18:00:00,1989-03-14 19:00:00,1.0,0.25
1989-03-17 15:00:00,1989-03-17 18:00:00,3.0,0.31000000000000005
1989-03-28 08:00:00,1989-03-28 18:00:00,10.0,0.44
1989-04-17 14:00:00,1989-04-17 15:00:00,1.0,0.08
1989-04-25 03:00:00,1989-04-25 04:00:00,1.0,0.44
1989-04-28 02:00:00,1989-04-28 09:00:00,7.0,0.35000000000000003
1989-05-25 01:00:00,1989-05-25 02:00:00,1.0,0.23
1989-05-29 05:00:00,1989-05-29 07:00:00,2.0,0.29000000000000004
1989-05-31 15:00:00,1989-06-01 10:00:00,19.0,0.87
1989-06-03 07:00:00,1989-06-03 13:00:00,6.0,0.38
1989-07-11 10:00:00,1989-07-12 02:00:00,16.0,0.43
1989-07-18 16:00:00,1989-07-19 02:00:00,10.0,2.11
1989-07-25 15:00:00,1989-07-26 00:00:00,9.0,0.36
1989-07-29 19:00:00,1989-07-30 01:00:00,6.0,1.3399999999999999
1989-08-04 01:00:00,1989-08-04 05:00:00,4.0,3.4
1989-08-05 01:00:00,1989-08-05 06:00:00,5.0,0.79
1989-08-08 19:00:00,1989-08-08 20:00:00,1.0,0.09
1989-08-10 17:00:00,1989-08-10 19:00:00,2.0,0.22999999999999998
1989-08-11 13:00:00,1989-08-11 15:00:00,2.0,0.22999999999999998
1989-08-12 14:00:00,1989-08-12 15:00:00,1.0,0.16
1989-08-13 19:00:00,1989-08-13 21:00:00,2.0,0.54
1989-08-19 23:00:00,1989-08-20 01:00:00,2.0,0.75
1989-08-28 06:00:00,1989-08-28 09:00:00,3.0,0.68
1989-09-04 17:00:00,1989-09-04 18:00:00,1.0,0.11
1989-09-06 03:00:00,1989-09-06 10:00:00,7.0,0.46
1989-09-09 05:00:00,1989-09-09 06:00:00,1.0,0.47
1989-11-05 19:00:00,1989-11-05 20:00:00,1.0,0.29
1989-11-14 23:00:00,1989-11-15 18:00:00,19.0,0.92
1990-01-16 03:00:00,1990-01-16 04:00:00,1.0,0.12
1990-01-17 05:00:00,1990-01-17 06:00:00,1.0,0.14
1990-01-25 03:00:00,1990-01-25 15:00:00,12.0,1.0700000000000003
1990-03-08 11:00:00,1990-03-09 00:00:00,13.0,1.3800000000000001
1990-03-13 10:00:00,1990-03-13 11:00:00,1.0,0.09
1990-03-22 09:00:00,1990-03-22 14:00:00,5.0,0.46
1990-04-09 20:00:00,1990-04-09 23:00:00,3.0,0.31
1990-05-04 03:00:00,1990-05-04 18:00:00,15.0,1.64
1990-05-09 14:00:00,1990-05-10 08:00:00,18.0,3.2800000000000002
1990-05-19 11:00:00,1990-05-19 13:00:00,2.0,0.4
1990-06-02 07:00:00,1990-06-02 08:00:00,1.0,0.17
1990-06-07 19:00:00,1990-06-08 08:00:00,13.0,0.33
1990-06-13 21:00:00,1990-06-14 07:00:00,10.0,0.58
1990-06-20 00:00:00,1990-06-20 01:00:00,1.0,0.09999999999999999
1990-06-22 07:00:00,1990-06-22 16:00:00,9.0,0.48
1990-06-26 09:00:00,1990-06-26 10:00:00,1.0,0.15
1990-07-11 01:00:00,1990-07-11 03:00:00,2.0,0.19
1990-07-18 15:00:00,1990-07-18 16:00:00,1.0,0.11
1990-07-19 16:00:00,1990-07-20 14:00:00,22.0,1.4
1990-08-04 07:00:00,1990-08-04 08:00:00,1.0,0.18000000000000002
1990-08-10 19:00:00,1990-08-10 21:00:00,2.0,0.53
1990-08-12 05:00:00,1990-08-12 18:00:00,13.0,1.5100000000000002
1990-08-19 04:00:00,1990-08-19 06:00:00,2.0,0.51
1990-08-19 20:00:00,1990-08-21 15:00:00,43.0,1.8
1990-09-14 08:00:00,1990-09-14 12:00:00,4.0,0.25
1990-09-21 07:00:00,1990-09-21 10:00:00,3.0,0.46
1990-10-07 08:00:00,1990-10-07 11:00:00,3.0,0.4600000000000001
1990-10-14 14:00:00,1990-10-14 16:00:00,2.0,0.32
1990-10-17 20:00:00,1990-10-17 21:00:00,1.0,0.19
1990-12-03 08:00:00,1990-12-03 10:00:00,2.0,0.22
1990-12-21 10:00:00,1990-12-21 11:00:00,1.0,0.15
1991-02-18 11:00:00,1991-02-18 14:00:00,3.0,0.37
1991-03-12 22:00:00,1991-03-13 02:00:00,4.0,0.38
1991-03-26 05:00:00,1991-03-26 08:00:00,3.0,0.37
1991-03-27 02:00:00,1991-03-27 18:00:00,16.0,0.99
1991-04-08 22:00:00,1991-04-09 08:00:00,10.0,1.29
1991-04-14 05:00:00,1991-04-14 08:00:00,3.0,0.38
1991-04-14 23:00:00,1991-04-15 08:00:00,9.0,1.24
1991-04-23 14:00:00,1991-04-23 22:00:00,8.0,0.35
1991-04-27 11:00:00,1991-04-27 12:00:00,1.0,0.13
1991-05-05 04:00:00,1991-05-05 19:00:00,15.0,1.29
1991-05-16 17:00:00,1991-05-16 18:00:00,1.0,0.85
1991-05-17 22:00:00,1991-05-18 01:00:00,3.0,0.43
1991-05-23 11:00:00,1991-05-23 12:00:00,1.0,0.25
1991-05-25 00:00:00,1991-05-25 02:00:00,2.0,0.76
1991-05-25 16:00:00,1991-05-25 20:00:00,4.0,0.87
1991-06-01 22:00:00,1991-06-01 23:00:00,1.0,0.4
1991-07-03 16:00:00,1991-07-03 17:00:00,1.0,0.24
1991-07-04 20:00:00,1991-07-04 21:00:00,1.0,0.08
1991-07-07 07:00:00,1991-07-07 08:00:00,1.0,0.34
1991-07-22 19:00:00,1991-07-22 20:00:00,1.0,0.42
1991-08-07 10:00:00,1991-08-07 11:00:00,1.0,0.11
1991-08-19 03:00:00,1991-08-19 16:00:00,13.0,0.27
1991-08-29 21:00:00,1991-08-30 00:00:00,3.0,0.5
1991-09-03 13:00:00,1991-09-03 17:00:00,4.0,0.6900000000000001
1991-09-11 23:00:00,1991-09-12 08:00:00,9.0,0.66
1991-09-14 00:00:00,1991-09-14 01:00:00,1.0,0.13
1991-09-15 23:00:00,1991-09-16 00:00:00,1.0,0.16
1991-10-02 18:00:00,1991-10-02 21:00:00,3.0,0.25
1991-10-03 21:00:00,1991-10-05 00:00:00,27.0,2.79
1991-10-26 09:00:00,1991-10-26 19:00:00,10.0,1.02
1991-11-18 01:00:00,1991-11-18 03:00:00,2.0,0.21000000000000002
1991-11-19 15:00:00,1991-11-20 01:00:00,10.0,0.48
1991-11-29 23:00:00,1991-11-30 01:00:00,2.0,0.5
1991-12-08 17:00:00,1991-12-08 18:00:00,1.0,0.3
1991-12-12 09:00:00,1991-12-12 19:00:00,10.0,0.49000000000000005
1991-12-20 16:00:00,1991-12-20 17:00:00,1.0,0.12000000000000001
1992-01-08 09:00:00,1992-01-08 11:00:00,2.0,0.18
1992-02-18 04:00:00,1992-02-18 16:00:00,12.0,0.23
1992-03-06 16:00:00,1992-03-06 20:00:00,4.0,0.13999999999999999
1992-03-09 18:00:00,1992-03-10 02:00:00,8.0,0.34
1992-03-29 18:00:00,1992-03-29 21:00:00,3.0,0.23
1992-04-15 07:00:00,1992-04-16 11:00:00,28.0,0.92
1992-06-17 11:00:00,1992-06-17 16:00:00,5.0,1.2200000000000002
1992-07-02 14:00:00,1992-07-02 18:00:00,4.0,0.61
1992-07-13 08:00:00,1992-07-14 13:00:00,29.0,1.02
1992-07-16 04:00:00,1992-07-16 05:00:00,1.0,0.09
1992-07-18 16:00:00,1992-07-18 18:00:00,2.0,0.48
1992-07-30 09:00:00,1992-07-30 23:00:00,14.0,0.8000000000000002
1992-08-02 13:00:00,1992-08-02 14:00:00,1.0,0.5
1992-08-07 19:00:00,1992-08-07 21:00:00,2.0,0.32
1992-08-12 13:00:00,1992-08-12 14:00:00,1.0,0.11
1992-08-18 14:00:00,1992-08-18 15:00:00,1.0,0.24
1992-08-25 13:00:00,1992-08-26 05:00:00,16.0,0.7
1992-08-29 07:00:00,1992-08-29 09:00:00,2.0,0.32
1992-09-08 00:00:00,1992-09-08 01:00:00,1.0,0.19
1992-09-09 07:00:00,1992-09-09 18:00:00,11.0,1.02
1992-09-14 14:00:00,1992-09-14 15:00:00,1.0,0.35
1992-09-18 07:00:00,1992-09-18 08:00:00,1.0,0.13
1992-09-26 07:00:00,1992-09-26 23:00:00,16.0,0.8200000000000001
1992-10-08 14:00:00,1992-10-08 15:00:00,1.0,0.17
1992-10-14 14:00:00,1992-10-15 04:00:00,14.0,1.22
1992-11-03 13:00:00,1992-11-04 00:00:00,11.0,0.78
1992-11-09 04:00:00,1992-11-09 06:00:00,2.0,0.19
1992-11-25 14:00:00,1992-11-25 19:00:00,5.0,0.39
1992-12-29 05:00:00,1992-12-29 07:00:00,2.0,0.4
1992-12-30 02:00:00,1992-12-30 19:00:00,17.0,0.8800000000000001
1993-01-12 16:00:00,1993-01-13 06:00:00,14.0,0.69
1993-02-21 00:00:00,1993-02-21 09:00:00,9.0,0.38
1993-03-21 22:00:00,1993-03-23 04:00:00,30.0,1.53
1993-03-31 05:00:00,1993-04-01 21:00:00,40.0,2.06
1993-04-19 10:00:00,1993-04-20 10:00:00,24.0,1.2300000000000002
1993-05-28 17:00:00,1993-05-28 18:00:00,1.0,0.11
1993-06-04 16:00:00,1993-06-04 20:00:00,4.0,1.33
1993-06-07 12:00:00,1993-06-08 20:00:00,32.0,1.7900000000000003
1993-06-14 04:00:00,1993-06-14 06:00:00,2.0,0.6000000000000001
1993-06-17 19:00:00,1993-06-18 01:00:00,6.0,1.53
1993-06-18 23:00:00,1993-06-19 05:00:00,6.0,1.4
1993-06-19 18:00:00,1993-06-19 20:00:00,2.0,0.22999999999999998
1993-06-26 19:00:00,1993-06-26 21:00:00,2.0,1.2
1993-06-28 01:00:00,1993-06-28 03:00:00,2.0,0.36
1993-06-30 02:00:00,1993-06-30 08:00:00,6.0,0.81
1993-07-06 00:00:00,1993-07-06 01:00:00,1.0,0.15
1993-07-13 19:00:00,1993-07-13 20:00:00,1.0,0.11
1993-07-18 05:00:00,1993-07-18 18:00:00,13.0,2.85
1993-07-25 06:00:00,1993-07-25 09:00:00,3.0,1.2
1993-08-06 01:00:00,1993-08-06 07:00:00,6.0,0.28
1993-08-09 14:00:00,1993-08-09 15:00:00,1.0,0.19
1993-08-15 12:00:00,1993-08-15 17:00:00,5.0,1.87
1993-08-23 18:00:00,1993-08-23 20:00:00,2.0,1.4
1993-08-29 02:00:00,1993-08-29 13:00:00,11.0,0.8000000000000002
1993-08-30 19:00:00,1993-08-31 08:00:00,13.0,0.7600000000000001
1993-09-02 07:00:00,1993-09-02 09:00:00,2.0,0.13
1993-09-03 02:00:00,1993-09-03 03:00:00,1.0,0.15000000000000002
1993-09-20 19:00:00,1993-09-20 20:00:00,1.0,0.22
1993-09-25 12:00:00,1993-09-25 23:00:00,11.0,1.2000000000000002
1993-10-08 22:00:00,1993-10-09 04:00:00,6.0,0.45
1993-10-16 04:00:00,1993-10-16 06:00:00,2.0,0.2
1993-10-20 17:00:00,1993-10-20 22:00:00,5.0,0.93
1993-11-12 22:00:00,1993-11-12 23:00:00,1.0,0.23
1993-11-24 17:00:00,1993-11-24 18:00:00,1.0,0.11
1993-12-18 04:00:00,1993-12-18 15:00:00,11.0,0.46
1994-02-19 18:00:00,1994-02-20 03:00:00,9.0,1.2500000000000002
1994-03-21 01:00:00,1994-03-21 06:00:00,5.0,0.35
1994-04-28 13:00:00,1994-04-28 16:00:00,3.0,0.35000000000000003
1994-05-23 21:00:00,1994-05-23 22:00:00,1.0,0.09
1994-05-25 16:00:00,1994-05-25 20:00:00,4.0,0.18
1994-06-17 12:00:00,1994-06-17 14:00:00,2.0,0.87
1994-06-20 04:00:00,1994-06-20 08:00:00,4.0,0.65
1994-06-23 10:00:00,1994-06-24 08:00:00,22.0,3.76
1994-07-04 21:00:00,1994-07-04 23:00:00,2.0,0.22000000000000003
1994-07-21 19:00:00,1994-07-21 21:00:00,2.0,0.84
1994-08-01 21:00:00,1994-08-01 22:00:00,1.0,0.33
1994-08-10 17:00:00,1994-08-11 04:00:00,11.0,0.8400000000000001
1994-08-13 03:00:00,1994-08-13 12:00:00,9.0,1.07
1994-08-19 19:00:00,1994-08-19 20:00:00,1.0,0.21
1994-08-30 14:00:00,1994-08-30 16:00:00,2.0,0.42000000000000004
1994-09-05 03:00:00,1994-09-05 04:00:00,1.0,0.09
1994-10-07 23:00:00,1994-10-08 00:00:00,1.0,0.17
1994-10-18 16:00:00,1994-10-18 17:00:00,1.0,0.09
1994-10-31 03:00:00,1994-11-01 03:00:00,24.0,2.3
1994-11-03 19:00:00,1994-11-03 22:00:00,3.0,0.33
1994-11-13 23:00:00,1994-11-14 02:00:00,3.0,0.24
1994-11-27 09:00:00,1994-11-27 13:00:00,4.0,1.1400000000000001
1995-04-09 04:00:00,1995-04-09 08:00:00,4.0,0.8
1995-04-10 04:00:00,1995-04-10 17:00:00,13.0,0.51
1995-04-11 13:00:00,1995-04-11 21:00:00,8.0,0.7000000000000001
1995-04-17 01:00:00,1995-04-17 02:00:00,1.0,0.18
1995-04-26 10:00:00,1995-04-27 06:00:00,20.0,2.0900000000000003
1995-05-09 20:00:00,1995-05-10 11:00:00,15.0,0.75
1995-05-16 21:00:00,1995-05-16 23:00:00,2.0,0.23
1995-05-18 09:00:00,1995-05-18 12:00:00,3.0,0.16999999999999998
1995-05-23 04:00:00,1995-05-24 07:00:00,27.0,1.3800000000000001
1995-05-25 04:00:00,1995-05-25 05:00:00,1.0,0.1
1995-06-27 12:00:00,1995-06-27 20:00:00,8.0,0.93
1995-07-04 10:00:00,1995-07-04 13:00:00,3.0,1.63
1995-07-05 23:00:00,1995-07-06 00:00:00,1.0,0.21
1995-07-09 06:00:00,1995-07-09 07:00:00,1.0,0.08
1995-07-27 20:00:00,1995-07-27 21:00:00,1.0,0.19
1995-08-09 23:00:00,1995-08-10 00:00:00,1.0,0.08
1995-08-15 01:00:00,1995-08-15 13:00:00,12.0,1.07
1995-08-16 14:00:00,1995-08-17 02:00:00,12.0,1.4300000000000002
1995-08-28 11:00:00,1995-08-28 12:00:00,1.0,0.15
1995-09-07 12:00:00,1995-09-07 15:00:00,3.0,0.61
1995-10-01 01:00:00,1995-10-01 02:00:00,1.0,0.16
1995-10-06 01:00:00,1995-10-06 06:00:00,5.0,0.9800000000000002
1995-10-19 19:00:00,1995-10-20 04:00:00,9.0,1.3199999999999998
1995-10-23 20:00:00,1995-10-23 22:00:00,2.0,0.21
1995-11-01 17:00:00,1995-11-01 22:00:00,5.0,0.5800000000000001
1995-11-10 10:00:00,1995-11-11 06:00:00,20.0,2.5199999999999996
1996-01-26 16:00:00,1996-01-26 19:00:00,3.0,0.24
1996-02-26 20:00:00,1996-02-27 07:00:00,11.0,0.52
1996-03-05 01:00:00,1996-03-05 04:00:00,3.0,0.21
1996-03-25 01:00:00,1996-03-25 02:00:00,1.0,0.14
1996-04-12 11:00:00,1996-04-12 12:00:00,1.0,0.22
1996-04-14 22:00:00,1996-04-15 06:00:00,8.0,0.74
1996-04-18 21:00:00,1996-04-18 22:00:00,1.0,0.48
1996-04-19 19:00:00,1996-04-19 20:00:00,1.0,0.21
1996-04-25 14:00:00,1996-04-25 15:00:00,1.0,0.11
1996-05-03 22:00:00,1996-05-03 23:00:00,1.0,0.13
1996-05-09 03:00:00,1996-05-09 21:00:00,18.0,0.8400000000000001
1996-05-10 11:00:00,1996-05-10 12:00:00,1.0,0.08
1996-05-20 07:00:00,1996-05-20 21:00:00,14.0,0.6400000000000001
1996-05-23 07:00:00,1996-05-23 11:00:00,4.0,0.51
1996-05-24 12:00:00,1996-05-24 13:00:00,1.0,0.12
1996-05-27 06:00:00,1996-05-27 09:00:00,3.0,0.39
1996-06-01 18:00:00,1996-06-01 23:00:00,5.0,0.51
1996-06-04 12:00:00,1996-06-04 13:00:00,1.0,0.26
1996-06-06 02:00:00,1996-06-06 03:00:00,1.0,0.08
1996-06-09 21:00:00,1996-06-10 00:00:00,3.0,0.53
1996-06-17 08:00:00,1996-06-17 20:00:00,12.0,1.19
1996-07-14 17:00:00,1996-07-14 18:00:00,1.0,0.30000000000000004
1996-07-15 20:00:00,1996-07-15 21:00:00,1.0,0.15
1996-07-17 11:00:00,1996-07-18 07:00:00,20.0,2.4099999999999997
1996-07-27 16:00:00,1996-07-27 17:00:00,1.0,0.1
1996-07-28 06:00:00,1996-07-28 07:00:00,1.0,0.23
1996-08-06 02:00:00,1996-08-06 03:00:00,1.0,0.17
1996-08-22 19:00:00,1996-08-22 21:00:00,2.0,0.34
1996-09-08 18:00:00,1996-09-08 19:00:00,1.0,0.18
1996-09-11 09:00:00,1996-09-11 10:00:00,1.0,0.08
1996-09-26 08:00:00,1996-09-26 23:00:00,15.0,1.56
1996-10-16 07:00:00,1996-10-16 09:00:00,2.0,0.23
1996-10-17 17:00:00,1996-10-17 19:00:00,2.0,0.18000000000000002
1996-10-22 18:00:00,1996-10-22 23:00:00,5.0,0.39
1996-10-29 09:00:00,1996-10-29 21:00:00,12.0,1.4700000000000002
1996-11-06 12:00:00,1996-11-07 01:00:00,13.0,0.52
1996-11-17 03:00:00,1996-11-17 05:00:00,2.0,0.32
1996-12-11 05:00:00,1996-12-11 08:00:00,3.0,0.38
1997-01-21 17:00:00,1997-01-21 20:00:00,3.0,0.16999999999999998
1997-01-24 15:00:00,1997-01-24 18:00:00,3.0,0.2
1997-02-20 15:00:00,1997-02-21 23:00:00,32.0,3.85
1997-02-26 11:00:00,1997-02-27 07:00:00,20.0,0.8500000000000002
1997-03-24 18:00:00,1997-03-25 02:00:00,8.0,0.22999999999999998
1997-03-28 22:00:00,1997-03-29 03:00:00,5.0,0.7199999999999999
1997-04-30 16:00:00,1997-05-01 04:00:00,12.0,0.5700000000000001
1997-05-02 10:00:00,1997-05-02 16:00:00,6.0,0.32000000000000006
1997-05-18 19:00:00,1997-05-18 20:00:00,1.0,0.08
1997-05-24 20:00:00,1997-05-25 06:00:00,10.0,0.7799999999999999
1997-05-28 19:00:00,1997-05-28 20:00:00,1.0,0.29000000000000004
1997-06-02 04:00:00,1997-06-02 08:00:00,4.0,0.39999999999999997
1997-06-13 20:00:00,1997-06-13 21:00:00,1.0,0.11
1997-06-16 02:00:00,1997-06-16 07:00:00,5.0,1.0100000000000002
1997-06-20 19:00:00,1997-06-21 08:00:00,13.0,1.23
1997-06-25 03:00:00,1997-06-25 06:00:00,3.0,0.38
1997-07-02 04:00:00,1997-07-02 05:00:00,1.0,0.12
1997-07-08 11:00:00,1997-07-08 13:00:00,2.0,0.16
1997-07-18 14:00:00,1997-07-18 18:00:00,4.0,3.4699999999999998
1997-07-26 19:00:00,1997-07-26 20:00:00,1.0,0.51
1997-08-12 06:00:00,1997-08-12 14:00:00,8.0,0.8899999999999999
1997-08-15 05:00:00,1997-08-15 07:00:00,2.0,0.44000000000000006
1997-08-16 17:00:00,1997-08-17 18:00:00,25.0,2.26
1997-09-16 22:00:00,1997-09-17 03:00:00,5.0,1.2000000000000002
1997-09-19 15:00:00,1997-09-19 19:00:00,4.0,0.53
1997-10-09 04:00:00,1997-10-09 05:00:00,1.0,0.15
1997-10-13 03:00:00,1997-10-13 12:00:00,9.0,0.46
1997-10-26 11:00:00,1997-10-27 01:00:00,14.0,1.5
1997-11-27 17:00:00,1997-11-27 19:00:00,2.0,0.22
1997-12-24 15:00:00,1997-12-24 20:00:00,5.0,0.42
1998-01-14 18:00:00,1998-01-14 19:00:00,1.0,0.11
1998-02-17 14:00:00,1998-02-17 20:00:00,6.0,0.24000000000000002
1998-03-28 06:00:00,1998-03-28 07:00:00,1.0,0.13
1998-04-07 15:00:00,1998-04-08 22:00:00,31.0,1.1800000000000002
1998-04-20 16:00:00,1998-04-21 12:00:00,20.0,0.74
1998-04-26 01:00:00,1998-04-26 02:00:00,1.0,0.18
1998-05-28 09:00:00,1998-05-28 11:00:00,2.0,0.28
1998-06-08 21:00:00,1998-06-09 05:00:00,8.0,0.51
1998-06-11 03:00:00,1998-06-11 16:00:00,13.0,0.78
1998-06-18 19:00:00,1998-06-18 22:00:00,3.0,0.8899999999999999
1998-06-28 05:00:00,1998-06-28 06:00:00,1.0,0.11
1998-07-03 21:00:00,1998-07-04 00:00:00,3.0,0.53
1998-08-04 00:00:00,1998-08-04 16:00:00,16.0,1.5499999999999998
1998-08-05 16:00:00,1998-08-05 18:00:00,2.0,1.5899999999999999
1998-08-07 13:00:00,1998-08-07 16:00:00,3.0,0.15999999999999998
1998-09-30 15:00:00,1998-09-30 16:00:00,1.0,0.11
1998-10-05 07:00:00,1998-10-05 09:00:00,2.0,0.9299999999999999
1998-10-17 05:00:00,1998-10-18 05:00:00,24.0,2.93
1998-10-27 16:00:00,1998-10-27 18:00:00,2.0,0.43
1998-10-29 20:00:00,1998-10-29 21:00:00,1.0,0.28
1998-11-30 09:00:00,1998-11-30 11:00:00,2.0,0.33
1998-12-06 11:00:00,1998-12-06 21:00:00,10.0,1.12
1999-01-17 13:00:00,1999-01-17 16:00:00,3.0,0.35
1999-01-21 21:00:00,1999-01-22 07:00:00,10.0,1.1900000000000002
1999-02-05 16:00:00,1999-02-05 17:00:00,1.0,0.1
1999-02-11 16:00:00,1999-02-11 18:00:00,2.0,0.4
1999-02-26 20:00:00,1999-02-27 07:00:00,11.0,0.5700000000000001
1999-04-04 03:00:00,1999-04-04 04:00:00,1.0,0.11
1999-04-15 15:00:00,1999-04-16 12:00:00,21.0,1.5600000000000003
1999-04-21 20:00:00,1999-04-23 04:00:00,32.0,2.28
1999-04-27 13:00:00,1999-04-28 00:00:00,11.0,1.1900000000000002
1999-05-17 02:00:00,1999-05-17 12:00:00,10.0,0.6100000000000001
1999-05-21 17:00:00,1999-05-22 01:00:00,8.0,0.8400000000000001
1999-05-23 09:00:00,1999-05-23 10:00:00,1.0,0.13
1999-05-31 11:00:00,1999-05-31 18:00:00,7.0,0.76
1999-06-01 19:00:00,1999-06-02 00:00:00,5.0,1.1
1999-06-11 13:00:00,1999-06-11 20:00:00,7.0,1.6
1999-06-12 23:00:00,1999-06-13 16:00:00,17.0,1.9700000000000002
1999-06-22 14:00:00,1999-06-22 15:00:00,1.0,0.29
1999-07-01 02:00:00,1999-07-01 05:00:00,3.0,0.77
1999-07-21 18:00:00,1999-07-21 21:00:00,3.0,1.78
1999-07-23 18:00:00,1999-07-24 00:00:00,6.0,0.24
1999-08-07 09:00:00,1999-08-07 12:00:00,3.0,0.16
1999-08-12 07:00:00,1999-08-12 09:00:00,2.0,0.29000000000000004
1999-08-13 17:00:00,1999-08-13 18:00:00,1.0,0.09
1999-08-23 17:00:00,1999-08-23 22:00:00,5.0,0.62
1999-08-25 13:00:00,1999-08-25 14:00:00,1.0,0.15000000000000002
1999-09-12 15:00:00,1999-09-12 16:00:00,1.0,0.12
1999-09-19 21:00:00,1999-09-19 22:00:00,1.0,0.1
1999-10-16 07:00:00,1999-10-16 08:00:00,1.0,0.09
1999-11-23 01:00:00,1999-11-23 03:00:00,2.0,0.27
1999-12-03 08:00:00,1999-12-03 09:00:00,1.0,0.09999999999999999
2000-02-24 04:00:00,2000-02-24 09:00:00,5.0,0.73
2000-04-19 10:00:00,2000-04-19 14:00:00,4.0,0.6
2000-05-11 10:00:00,2000-05-11 11:00:00,1.0,0.16
2000-05-12 17:00:00,2000-05-12 19:00:00,2.0,0.26
2000-05-18 11:00:00,2000-05-18 19:00:00,8.0,1.04
2000-05-27 23:00:00,2000-05-28 11:00:00,12.0,0.7300000000000001
2000-05-31 14:00:00,2000-05-31 16:00:00,2.0,0.25
2000-06-01 22:00:00,2000-06-01 23:00:00,1.0,0.09
2000-06-05 03:00:00,2000-06-05 07:00:00,4.0,0.33
2000-06-11 05:00:00,2000-06-11 08:00:00,3.0,0.22
2000-06-14 11:00:00,2000-06-14 14:00:00,3.0,0.56
2000-06-24 15:00:00,2000-06-24 21:00:00,6.0,1.02
2000-07-02 23:00:00,2000-07-03 02:00:00,3.0,1.2
2000-07-10 05:00:00,2000-07-10 08:00:00,3.0,1.01
2000-07-30 03:00:00,2000-07-30 07:00:00,4.0,0.35
2000-08-02 01:00:00,2000-08-02 02:00:00,1.0,0.09
2000-08-03 11:00:00,2000-08-03 12:00:00,1.0,0.23
2000-08-05 13:00:00,2000-08-05 14:00:00,1.0,0.14
2000-08-06 16:00:00,2000-08-06 18:00:00,2.0,1.28
2000-08-17 05:00:00,2000-08-17 08:00:00,3.0,0.59
2000-09-11 13:00:00,2000-09-12 01:00:00,12.0,2.2700000000000005
2000-09-14 05:00:00,2000-09-14 07:00:00,2.0,0.23
2000-09-22 11:00:00,2000-09-22 21:00:00,10.0,0.68
2000-10-03 20:00:00,2000-10-04 03:00:00,7.0,0.9400000000000001
2000-10-15 18:00:00,2000-10-15 19:00:00,1.0,0.08
2001-03-12 11:00:00,2001-03-12 13:00:00,2.0,0.16
2001-04-06 13:00:00,2001-04-06 14:00:00,1.0,0.14
2001-04-09 05:00:00,2001-04-09 08:00:00,3.0,0.24
2001-04-11 07:00:00,2001-04-11 21:00:00,14.0,0.5
2001-04-15 05:00:00,2001-04-15 08:00:00,3.0,0.26
2001-04-21 01:00:00,2001-04-21 06:00:00,5.0,0.26
2001-04-23 12:00:00,2001-04-23 16:00:00,4.0,0.6400000000000001
2001-05-06 18:00:00,2001-05-06 20:00:00,2.0,0.22999999999999998
2001-05-16 05:00:00,2001-05-16 07:00:00,2.0,0.32
2001-05-24 15:00:00,2001-05-24 16:00:00,1.0,0.12
2001-05-26 13:00:00,2001-05-27 01:00:00,12.0,0.8100000000000002
2001-05-28 16:00:00,2001-05-28 17:00:00,1.0,0.08
2001-06-01 22:00:00,2001-06-02 00:00:00,2.0,0.31
2001-06-05 04:00:00,2001-06-05 14:00:00,10.0,0.64
2001-06-11 23:00:00,2001-06-12 07:00:00,8.0,0.9099999999999999
2001-06-14 21:00:00,2001-06-14 22:00:00,1.0,0.31
2001-06-18 05:00:00,2001-06-18 07:00:00,2.0,0.44
2001-07-07 03:00:00,2001-07-07 04:00:00,1.0,0.14
2001-07-17 10:00:00,2001-07-17 12:00:00,2.0,0.56
2001-07-22 16:00:00,2001-07-22 17:00:00,1.0,0.55
2001-08-02 06:00:00,2001-08-02 11:00:00,5.0,1.29
2001-08-07 19:00:00,2001-08-07 21:00:00,2.0,0.62
2001-08-09 20:00:00,2001-08-09 22:00:00,2.0,0.45999999999999996
2001-08-21 21:00:00,2001-08-23 04:00:00,31.0,2.52
2001-08-24 21:00:00,2001-08-25 16:00:00,19.0,2.04
2001-08-27 20:00:00,2001-08-27 22:00:00,2.0,0.44999999999999996
2001-08-30 21:00:00,2001-08-31 00:00:00,3.0,4.3
2001-09-06 20:00:00,2001-09-07 00:00:00,4.0,0.98
2001-09-09 04:00:00,2001-09-09 15:00:00,11.0,0.28
2001-09-17 17:00:00,2001-09-17 21:00:00,4.0,0.35
2001-09-18 21:00:00,2001-09-19 11:00:00,14.0,2.42
2001-09-20 21:00:00,2001-09-21 01:00:00,4.0,1.9100000000000001
2001-10-04 15:00:00,2001-10-05 02:00:00,11.0,1.04
2001-10-10 11:00:00,2001-10-10 21:00:00,10.0,0.16
2001-10-13 11:00:00,2001-10-14 00:00:00,13.0,3.6099999999999994
2001-10-14 14:00:00,2001-10-14 15:00:00,1.0,0.09
2001-10-22 11:00:00,2001-10-23 04:00:00,17.0,1.42
2001-10-24 09:00:00,2001-10-24 16:00:00,7.0,1.35
2001-11-24 09:00:00,2001-11-25 03:00:00,18.0,0.47
2002-03-01 23:00:00,2002-03-02 20:00:00,21.0,1.1600000000000001
2002-03-08 07:00:00,2002-03-08 08:00:00,1.0,0.18
2002-03-09 04:00:00,2002-03-09 11:00:00,7.0,0.64
2002-03-29 08:00:00,2002-03-29 14:00:00,6.0,0.5900000000000001
2002-04-19 21:00:00,2002-04-20 00:00:00,3.0,0.16999999999999998
2002-04-24 16:00:00,2002-04-24 17:00:00,1.0,0.25
2002-04-27 13:00:00,2002-04-27 21:00:00,8.0,0.47000000000000003
2002-05-08 09:00:00,2002-05-08 10:00:00,1.0,0.13
2002-05-09 01:00:00,2002-05-09 04:00:00,3.0,0.29
2002-05-11 10:00:00,2002-05-12 11:00:00,25.0,2.3699999999999997
2002-05-16 11:00:00,2002-05-16 17:00:00,6.0,0.8200000000000001
2002-05-25 05:00:00,2002-05-25 07:00:00,2.0,0.28
2002-06-10 11:00:00,2002-06-11 09:00:00,22.0,1.05
2002-06-14 13:00:00,2002-06-14 21:00:00,8.0,1.0899999999999999
2002-07-04 11:00:00,2002-07-04 14:00:00,3.0,0.31
2002-07-09 00:00:00,2002-07-09 03:00:00,3.0,2.6599999999999997
2002-07-27 07:00:00,2002-07-27 09:00:00,2.0,0.24
2002-08-04 20:00:00,2002-08-05 00:00:00,4.0,0.6799999999999999
2002-08-13 14:00:00,2002-08-13 21:00:00,7.0,2.44
2002-08-22 01:00:00,2002-08-22 10:00:00,9.0,4.420000000000001
2002-09-02 08:00:00,2002-09-02 12:00:00,4.0,0.65
2002-09-18 04:00:00,2002-09-18 06:00:00,2.0,0.21000000000000002
2002-09-20 09:00:00,2002-09-20 11:00:00,2.0,0.35
2002-09-22 03:00:00,2002-09-22 06:00:00,3.0,0.23
2002-09-29 05:00:00,2002-09-29 06:00:00,1.0,0.11
2002-10-02 03:00:00,2002-10-02 05:00:00,2.0,0.31000000000000005
2002-10-04 09:00:00,2002-10-04 13:00:00,4.0,0.6
2002-11-09 22:00:00,2002-11-09 23:00:00,1.0,0.08
2003-05-04 20:00:00,2003-05-05 01:00:00,5.0,1.22
2003-05-08 23:00:00,2003-05-09 03:00:00,4.0,1.27
2003-05-09 23:00:00,2003-05-10 11:00:00,12.0,0.21
2003-05-10 23:00:00,2003-05-11 00:00:00,1.0,0.28
2003-05-14 10:00:00,2003-05-14 19:00:00,9.0,0.56
2003-06-03 02:00:00,2003-06-03 03:00:00,1.0,0.11
2003-06-08 03:00:00,2003-06-08 17:00:00,14.0,0.45
2003-06-18 14:00:00,2003-06-18 18:00:00,4.0,0.6
2003-07-04 06:00:00,2003-07-04 07:00:00,1.0,0.12
2003-07-05 03:00:00,2003-07-05 06:00:00,3.0,0.52
2003-07-06 03:00:00,2003-07-06 04:00:00,1.0,0.12
2003-07-06 17:00:00,2003-07-07 10:00:00,17.0,0.7
2003-07-09 13:00:00,2003-07-10 01:00:00,12.0,0.36
2003-07-15 04:00:00,2003-07-15 06:00:00,2.0,1.23
2003-07-17 17:00:00,2003-07-17 18:00:00,1.0,0.1
2003-07-20 22:00:00,2003-07-21 03:00:00,5.0,0.76
2003-08-02 20:00:00,2003-08-02 22:00:00,2.0,0.55
2003-08-03 13:00:00,2003-08-03 19:00:00,6.0,0.7499999999999999
2003-08-08 07:00:00,2003-08-08 12:00:00,5.0,0.16
2003-08-14 05:00:00,2003-08-14 07:00:00,2.0,0.16
2003-09-14 02:00:00,2003-09-14 11:00:00,9.0,0.47
2003-10-14 01:00:00,2003-10-14 13:00:00,12.0,1.09
2003-11-04 19:00:00,2003-11-05 00:00:00,5.0,0.9600000000000001
2003-11-17 22:00:00,2003-11-18 17:00:00,19.0,1.3900000000000001
2004-03-04 17:00:00,2004-03-05 05:00:00,12.0,0.9200000000000002
2004-03-26 01:00:00,2004-03-26 03:00:00,2.0,0.24
2004-03-28 17:00:00,2004-03-28 20:00:00,3.0,0.91
2004-04-17 03:00:00,2004-04-17 04:00:00,1.0,0.13
2004-04-20 16:00:00,2004-04-20 22:00:00,6.0,0.22000000000000003
2004-05-07 05:00:00,2004-05-07 07:00:00,2.0,0.16
2004-05-12 17:00:00,2004-05-12 20:00:00,3.0,0.71
2004-05-13 17:00:00,2004-05-14 13:00:00,20.0,1.0
2004-05-17 23:00:00,2004-05-18 03:00:00,4.0,0.76
2004-05-20 20:00:00,2004-05-20 21:00:00,1.0,1.45
2004-05-21 10:00:00,2004-05-22 03:00:00,17.0,0.85
2004-05-22 19:00:00,2004-05-22 21:00:00,2.0,0.6799999999999999
2004-05-30 10:00:00,2004-05-30 21:00:00,11.0,1.58
2004-06-12 01:00:00,2004-06-12 02:00:00,1.0,0.16
2004-06-14 10:00:00,2004-06-14 11:00:00,1.0,0.23
2004-06-21 12:00:00,2004-06-21 17:00:00,5.0,0.79
2004-07-03 15:00:00,2004-07-03 21:00:00,6.0,1.32
2004-07-09 14:00:00,2004-07-10 01:00:00,11.0,0.8400000000000001
2004-07-21 20:00:00,2004-07-21 21:00:00,1.0,0.08
2004-08-03 22:00:00,2004-08-04 08:00:00,10.0,1.5100000000000002
2004-08-17 05:00:00,2004-08-17 07:00:00,2.0,0.24
2004-08-18 23:00:00,2004-08-19 01:00:00,2.0,0.39
2004-08-26 05:00:00,2004-08-26 06:00:00,1.0,0.13
2004-08-27 02:00:00,2004-08-27 04:00:00,2.0,0.24
2004-08-28 01:00:00,2004-08-28 05:00:00,4.0,0.58
2004-09-15 21:00:00,2004-09-15 22:00:00,1.0,0.13
2004-10-08 05:00:00,2004-10-08 14:00:00,9.0,0.6799999999999999
2004-10-23 01:00:00,2004-10-23 12:00:00,11.0,0.9099999999999999
2004-10-29 04:00:00,2004-10-29 06:00:00,2.0,0.49
2004-11-01 09:00:00,2004-11-02 06:00:00,21.0,1.12
2004-11-04 01:00:00,2004-11-04 09:00:00,8.0,0.51
2004-11-24 13:00:00,2004-11-24 21:00:00,8.0,0.8400000000000001
2004-12-07 04:00:00,2004-12-07 11:00:00,7.0,0.8400000000000001
2005-01-01 20:00:00,2005-01-01 23:00:00,3.0,0.24
2005-01-12 01:00:00,2005-01-13 08:00:00,31.0,1.25
2005-03-30 17:00:00,2005-03-30 20:00:00,3.0,0.41000000000000003
2005-05-11 06:00:00,2005-05-11 07:00:00,1.0,0.12
2005-06-04 13:00:00,2005-06-04 14:00:00,1.0,0.5800000000000001
2005-07-20 12:00:00,2005-07-20 13:00:00,1.0,0.61
2005-07-26 15:00:00,2005-07-26 19:00:00,4.0,0.53
2005-08-09 21:00:00,2005-08-09 22:00:00,1.0,0.13
2005-08-12 01:00:00,2005-08-12 07:00:00,6.0,0.48000000000000004
2005-08-20 01:00:00,2005-08-20 05:00:00,4.0,1.3400000000000003
2005-09-19 06:00:00,2005-09-19 09:00:00,3.0,0.57
2005-09-22 19:00:00,2005-09-22 20:00:00,1.0,0.16
2005-09-24 14:00:00,2005-09-24 15:00:00,1.0,0.12000000000000001
2005-09-28 15:00:00,2005-09-28 17:00:00,2.0,0.23
2005-10-02 15:00:00,2005-10-02 16:00:00,1.0,0.89
2005-11-28 03:00:00,2005-11-28 08:00:00,5.0,0.59
2005-12-30 15:00:00,2005-12-30 19:00:00,4.0,0.25
2006-01-02 11:00:00,2006-01-02 15:00:00,4.0,0.24000000000000002
2006-01-13 07:00:00,2006-01-13 16:00:00,9.0,0.78
2006-02-03 06:00:00,2006-02-03 11:00:00,5.0,0.48
2006-03-07 20:00:00,2006-03-07 21:00:00,1.0,0.09
2006-03-12 19:00:00,2006-03-13 03:00:00,8.0,0.62
2006-04-16 17:00:00,2006-04-17 00:00:00,7.0,0.5700000000000001
2006-04-20 02:00:00,2006-04-20 03:00:00,1.0,0.08
2006-05-01 22:00:00,2006-05-02 01:00:00,3.0,0.44999999999999996
2006-05-14 23:00:00,2006-05-15 01:00:00,2.0,0.18
2006-05-24 20:00:00,2006-05-24 21:00:00,1.0,0.29
2006-05-29 16:00:00,2006-05-29 17:00:00,1.0,0.28
2006-05-30 15:00:00,2006-05-30 20:00:00,5.0,1.25
2006-06-25 22:00:00,2006-06-26 11:00:00,13.0,1.71
2006-06-28 06:00:00,2006-06-28 07:00:00,1.0,0.21000000000000002
2006-06-28 20:00:00,2006-06-28 21:00:00,1.0,0.26
2006-07-03 04:00:00,2006-07-03 08:00:00,4.0,0.4
2006-07-14 03:00:00,2006-07-14 04:00:00,1.0,0.09
2006-07-17 22:00:00,2006-07-17 23:00:00,1.0,0.43
2006-07-20 03:00:00,2006-07-20 12:00:00,9.0,2.1
2006-07-30 11:00:00,2006-07-30 12:00:00,1.0,0.1
2006-08-02 22:00:00,2006-08-03 07:00:00,9.0,0.5700000000000001
2006-08-18 18:00:00,2006-08-18 23:00:00,5.0,0.91
2006-08-24 04:00:00,2006-08-24 07:00:00,3.0,0.8300000000000001
2006-09-03 22:00:00,2006-09-04 08:00:00,10.0,0.29999999999999993
2006-09-11 02:00:00,2006-09-11 12:00:00,10.0,1.5300000000000002
2006-09-13 01:00:00,2006-09-13 02:00:00,1.0,0.19999999999999998
2006-09-17 16:00:00,2006-09-18 00:00:00,8.0,0.3
2006-09-22 16:00:00,2006-09-22 18:00:00,2.0,2.0700000000000003
2006-09-23 13:00:00,2006-09-23 17:00:00,4.0,0.72
2006-10-02 12:00:00,2006-10-02 23:00:00,11.0,1.54
2006-11-10 16:00:00,2006-11-10 23:00:00,7.0,1.43
2006-11-29 09:00:00,2006-11-30 02:00:00,17.0,1.99
2006-12-12 18:00:00,2006-12-12 19:00:00,1.0,0.08
2006-12-22 03:00:00,2006-12-22 10:00:00,7.0,0.8600000000000001
2006-12-31 07:00:00,2006-12-31 09:00:00,2.0,0.13
2007-01-12 15:00:00,2007-01-12 16:00:00,1.0,0.14
2007-02-24 20:00:00,2007-02-25 15:00:00,19.0,0.7800000000000001
2007-03-01 03:00:00,2007-03-01 16:00:00,13.0,1.11
2007-03-14 20:00:00,2007-03-14 21:00:00,1.0,0.12
2007-03-21 01:00:00,2007-03-21 17:00:00,16.0,1.1
2007-03-31 14:00:00,2007-03-31 22:00:00,8.0,0.49
2007-04-03 07:00:00,2007-04-03 08:00:00,1.0,0.15
2007-04-24 21:00:00,2007-04-25 06:00:00,9.0,1.28
2007-04-26 01:00:00,2007-04-26 16:00:00,15.0,0.5
2007-04-29 23:00:00,2007-04-30 00:00:00,1.0,0.15000000000000002
2007-05-09 02:00:00,2007-05-09 03:00:00,1.0,0.13
2007-05-15 17:00:00,2007-05-16 01:00:00,8.0,0.4
2007-05-26 01:00:00,2007-05-26 16:00:00,15.0,0.97
2007-06-01 18:00:00,2007-06-01 20:00:00,2.0,0.22
2007-06-05 01:00:00,2007-06-05 03:00:00,2.0,0.37
2007-06-18 14:00:00,2007-06-19 02:00:00,12.0,1.1600000000000001
2007-06-26 13:00:00,2007-06-26 14:00:00,1.0,0.16
2007-07-09 15:00:00,2007-07-09 18:00:00,3.0,0.25
2007-07-10 15:00:00,2007-07-10 17:00:00,2.0,0.69
2007-07-16 22:00:00,2007-07-17 09:00:00,11.0,0.51
2007-07-18 19:00:00,2007-07-19 00:00:00,5.0,1.73
2007-07-19 12:00:00,2007-07-19 13:00:00,1.0,0.16
2007-07-26 03:00:00,2007-07-26 04:00:00,1.0,0.16
2007-08-05 00:00:00,2007-08-05 07:00:00,7.0,1.57
2007-08-12 02:00:00,2007-08-12 03:00:00,1.0,0.22
2007-08-15 18:00:00,2007-08-15 19:00:00,1.0,0.2
2007-08-22 21:00:00,2007-08-24 02:00:00,29.0,2.8999999999999995
2007-09-06 14:00:00,2007-09-06 15:00:00,1.0,0.14
2007-09-07 15:00:00,2007-09-07 16:00:00,1.0,0.09
2007-09-10 16:00:00,2007-09-10 20:00:00,4.0,0.31
2007-09-25 14:00:00,2007-09-26 01:00:00,11.0,0.35000000000000003
2007-10-01 00:00:00,2007-10-01 06:00:00,6.0,0.44000000000000006
2007-10-02 23:00:00,2007-10-03 00:00:00,1.0,0.1
2007-10-26 18:00:00,2007-10-26 22:00:00,4.0,0.29000000000000004
2007-11-20 20:00:00,2007-11-21 22:00:00,26.0,1.07
2007-12-02 11:00:00,2007-12-02 14:00:00,3.0,0.18
2008-02-04 12:00:00,2008-02-04 13:00:00,1.0,0.27
2008-04-03 17:00:00,2008-04-03 18:00:00,1.0,0.16
2008-04-25 18:00:00,2008-04-25 22:00:00,4.0,0.22999999999999998
2008-04-28 09:00:00,2008-04-28 16:00:00,7.0,0.31
2008-05-02 08:00:00,2008-05-02 19:00:00,11.0,1.62
2008-05-07 07:00:00,2008-05-07 19:00:00,12.0,0.76
2008-05-11 04:00:00,2008-05-11 10:00:00,6.0,0.8999999999999999
2008-05-26 00:00:00,2008-05-26 03:00:00,3.0,0.49
2008-06-03 11:00:00,2008-06-03 13:00:00,2.0,0.55
2008-06-05 01:00:00,2008-06-05 02:00:00,1.0,0.64
2008-06-07 15:00:00,2008-06-09 01:00:00,34.0,1.3800000000000001
2008-06-13 00:00:00,2008-06-13 04:00:00,4.0,0.39
2008-06-15 06:00:00,2008-06-15 08:00:00,2.0,0.22
2008-07-02 16:00:00,2008-07-02 18:00:00,2.0,0.15
2008-07-10 02:00:00,2008-07-10 03:00:00,1.0,0.13999999999999999
2008-07-12 00:00:00,2008-07-12 07:00:00,7.0,0.78
2008-07-19 03:00:00,2008-07-19 11:00:00,8.0,1.6400000000000001
2008-07-20 00:00:00,2008-07-20 02:00:00,2.0,0.74
2008-07-31 13:00:00,2008-08-01 06:00:00,17.0,1.4700000000000002
2008-08-04 06:00:00,2008-08-04 23:00:00,17.0,2.69
2008-08-22 11:00:00,2008-08-22 12:00:00,1.0,0.08
2008-09-08 11:00:00,2008-09-08 19:00:00,8.0,1.19
2008-09-12 12:00:00,2008-09-14 13:00:00,49.0,8.39
2008-09-24 17:00:00,2008-09-24 19:00:00,2.0,0.2
2008-09-29 10:00:00,2008-09-29 14:00:00,4.0,0.83
2008-10-07 15:00:00,2008-10-08 05:00:00,14.0,0.97
2008-10-15 12:00:00,2008-10-15 15:00:00,3.0,0.18
2008-10-20 12:00:00,2008-10-20 13:00:00,1.0,0.14
2008-11-02 04:00:00,2008-11-02 05:00:00,1.0,0.09
2008-11-06 12:00:00,2008-11-06 16:00:00,4.0,0.29000000000000004
2008-12-14 21:00:00,2008-12-15 01:00:00,4.0,0.21000000000000002
2008-12-19 00:00:00,2008-12-19 07:00:00,7.0,0.59
2009-01-04 02:00:00,2009-01-04 03:00:00,1.0,0.08
2009-02-11 05:00:00,2009-02-11 16:00:00,11.0,0.79
2009-02-18 06:00:00,2009-02-18 08:00:00,2.0,0.18
2009-02-26 12:00:00,2009-02-27 01:00:00,13.0,2.05
2009-03-31 13:00:00,2009-03-31 16:00:00,3.0,0.41000000000000003
2009-04-05 18:00:00,2009-04-05 22:00:00,4.0,0.48
2009-04-13 09:00:00,2009-04-13 14:00:00,5.0,0.22999999999999998
2009-04-23 22:00:00,2009-04-23 23:00:00,1.0,0.26
2009-04-25 15:00:00,2009-04-26 11:00:00,20.0,1.44
2009-04-27 19:00:00,2009-04-27 22:00:00,3.0,0.52
2009-04-30 06:00:00,2009-04-30 12:00:00,6.0,0.6599999999999999
2009-05-06 15:00:00,2009-05-07 04:00:00,13.0,0.9099999999999999
2009-05-26 16:00:00,2009-05-27 00:00:00,8.0,1.7599999999999998
2009-06-01 03:00:00,2009-06-01 08:00:00,5.0,0.35
2009-06-08 01:00:00,2009-06-08 05:00:00,4.0,0.46
2009-06-16 15:00:00,2009-06-16 20:00:00,5.0,1.26
2009-06-18 05:00:00,2009-06-18 06:00:00,1.0,0.09
2009-06-19 02:00:00,2009-06-19 20:00:00,18.0,3.9000000000000004
2009-06-22 04:00:00,2009-06-22 05:00:00,1.0,0.09
2009-06-27 23:00:00,2009-06-28 00:00:00,1.0,0.28
2009-07-11 03:00:00,2009-07-11 04:00:00,1.0,0.25
2009-07-15 03:00:00,2009-07-15 05:00:00,2.0,0.9099999999999999
2009-08-09 15:00:00,2009-08-09 17:00:00,2.0,0.25
2009-08-16 12:00:00,2009-08-16 15:00:00,3.0,0.65
2009-08-17 04:00:00,2009-08-17 07:00:00,3.0,0.32999999999999996
2009-08-19 16:00:00,2009-08-19 18:00:00,2.0,0.37
2009-08-26 03:00:00,2009-08-27 08:00:00,29.0,1.6100000000000003
2009-09-20 16:00:00,2009-09-20 21:00:00,5.0,0.74
2009-09-25 17:00:00,2009-09-25 18:00:00,1.0,0.15
2009-09-27 20:00:00,2009-09-27 21:00:00,1.0,0.08
2009-10-02 16:00:00,2009-10-02 20:00:00,4.0,0.15
2009-10-25 22:00:00,2009-10-26 01:00:00,3.0,0.33
2009-10-29 20:00:00,2009-10-30 13:00:00,17.0,1.35
2009-11-18 08:00:00,2009-11-18 09:00:00,1.0,0.16
2009-11-24 17:00:00,2009-11-24 23:00:00,6.0,0.6600000000000001
2010-01-24 02:00:00,2010-01-24 08:00:00,6.0,0.42000000000000004
2010-02-21 19:00:00,2010-02-22 02:00:00,7.0,0.41000000000000003
2010-02-24 21:00:00,2010-02-24 23:00:00,2.0,0.32999999999999996
2010-03-11 09:00:00,2010-03-11 21:00:00,12.0,0.35000000000000003
2010-04-04 18:00:00,2010-04-04 23:00:00,5.0,0.76
2010-04-05 19:00:00,2010-04-06 08:00:00,13.0,1.28
2010-05-02 00:00:00,2010-05-02 05:00:00,5.0,1.06
2010-05-07 03:00:00,2010-05-07 08:00:00,5.0,0.69
2010-05-11 01:00:00,2010-05-11 10:00:00,9.0,0.95
2010-05-31 10:00:00,2010-05-31 11:00:00,1.0,0.21
2010-06-05 09:00:00,2010-06-05 10:00:00,1.0,0.1
2010-06-12 09:00:00,2010-06-12 10:00:00,1.0,0.28
2010-06-15 16:00:00,2010-06-15 18:00:00,2.0,0.6000000000000001
2010-06-18 15:00:00,2010-06-18 23:00:00,8.0,0.8099999999999999
2010-06-21 21:00:00,2010-06-21 23:00:00,2.0,0.37
2010-06-26 03:00:00,2010-06-26 04:00:00,1.0,0.84
2010-06-27 08:00:00,2010-06-27 09:00:00,1.0,0.52
2010-07-06 18:00:00,2010-07-06 20:00:00,2.0,0.43
2010-07-07 19:00:00,2010-07-08 01:00:00,6.0,0.34
2010-07-11 18:00:00,2010-07-11 21:00:00,3.0,0.95
2010-07-13 03:00:00,2010-07-13 04:00:00,1.0,0.17
2010-07-23 17:00:00,2010-07-24 07:00:00,14.0,6.5
2010-07-31 00:00:00,2010-07-31 07:00:00,7.0,0.72
2010-08-04 05:00:00,2010-08-04 16:00:00,11.0,0.45
2010-08-09 04:00:00,2010-08-09 05:00:00,1.0,0.15
2010-08-13 19:00:00,2010-08-13 20:00:00,1.0,0.24
2010-08-21 00:00:00,2010-08-21 03:00:00,3.0,0.52
2010-09-02 09:00:00,2010-09-02 22:00:00,13.0,1.32
2010-09-11 07:00:00,2010-09-11 09:00:00,2.0,0.2
2010-09-16 08:00:00,2010-09-16 09:00:00,1.0,0.16
2010-09-18 09:00:00,2010-09-18 10:00:00,1.0,0.34
2010-09-24 03:00:00,2010-09-24 05:00:00,2.0,0.27
2010-10-01 23:00:00,2010-10-02 01:00:00,2.0,0.15000000000000002
2010-10-26 06:00:00,2010-10-26 07:00:00,1.0,0.11
2010-11-11 22:00:00,2010-11-12 00:00:00,2.0,0.4
2010-12-31 06:00:00,2010-12-31 14:00:00,8.0,0.6900000000000001
2011-02-20 09:00:00,2011-02-21 00:00:00,15.0,0.9400000000000001
2011-02-27 22:00:00,2011-02-28 02:00:00,4.0,0.39
2011-03-20 10:00:00,2011-03-20 12:00:00,2.0,0.29000000000000004
2011-03-22 04:00:00,2011-03-23 02:00:00,22.0,0.49
2011-04-03 21:00:00,2011-04-04 02:00:00,5.0,0.32
2011-04-07 21:00:00,2011-04-08 06:00:00,9.0,0.6500000000000001
2011-04-19 09:00:00,2011-04-19 20:00:00,11.0,0.91
2011-04-25 22:00:00,2011-04-26 06:00:00,8.0,0.6799999999999999
2011-04-27 06:00:00,2011-04-27 09:00:00,3.0,0.22999999999999998
2011-05-11 18:00:00,2011-05-12 04:00:00,10.0,0.32
2011-05-22 21:00:00,2011-05-23 00:00:00,3.0,0.34
2011-05-24 22:00:00,2011-05-26 08:00:00,34.0,2.64
2011-05-29 10:00:00,2011-05-29 14:00:00,4.0,1.93
2011-05-31 14:00:00,2011-05-31 15:00:00,1.0,0.08
2011-06-04 14:00:00,2011-06-04 15:00:00,1.0,0.12
2011-06-10 03:00:00,2011-06-10 07:00:00,4.0,0.65
2011-06-15 04:00:00,2011-06-15 19:00:00,15.0,0.8300000000000001
2011-06-20 07:00:00,2011-06-20 08:00:00,1.0,0.18
2011-06-21 19:00:00,2011-06-21 21:00:00,2.0,0.8500000000000001
2011-07-11 07:00:00,2011-07-11 08:00:00,1.0,0.39
2011-07-22 01:00:00,2011-07-22 10:00:00,9.0,1.04
2011-07-23 00:00:00,2011-07-23 04:00:00,4.0,6.96
2011-07-27 22:00:00,2011-07-28 00:00:00,2.0,0.7
2011-08-02 20:00:00,2011-08-02 22:00:00,2.0,0.42000000000000004
2011-08-06 05:00:00,2011-08-06 06:00:00,1.0,0.12
2011-08-07 08:00:00,2011-08-07 17:00:00,9.0,0.64
2011-08-08 16:00:00,2011-08-08 23:00:00,7.0,0.63
2011-08-13 12:00:00,2011-08-13 17:00:00,5.0,0.67
2011-08-20 09:00:00,2011-08-20 12:00:00,3.0,1.36
2011-08-23 09:00:00,2011-08-23 15:00:00,6.0,0.65
2011-09-30 15:00:00,2011-09-30 16:00:00,1.0,0.08
2011-10-16 06:00:00,2011-10-16 07:00:00,1.0,0.11
2011-10-23 22:00:00,2011-10-23 23:00:00,1.0,0.17
2011-10-27 16:00:00,2011-10-27 17:00:00,1.0,0.12
2011-11-08 01:00:00,2011-11-09 07:00:00,30.0,1.6800000000000002
2011-12-30 06:00:00,2011-12-30 15:00:00,9.0,0.38000000000000006
2012-01-22 22:00:00,2012-01-23 04:00:00,6.0,0.5800000000000001
2012-02-10 14:00:00,2012-02-10 16:00:00,2.0,0.12000000000000001
2012-02-23 13:00:00,2012-02-24 06:00:00,17.0,0.8600000000000001
2012-02-28 23:00:00,2012-02-29 03:00:00,4.0,0.21000000000000002
2012-03-02 15:00:00,2012-03-02 17:00:00,2.0,0.18
2012-03-08 01:00:00,2012-03-08 03:00:00,2.0,0.3
2012-03-22 19:00:00,2012-03-22 20:00:00,1.0,0.12
2012-03-23 08:00:00,2012-03-23 14:00:00,6.0,1.27
2012-04-14 23:00:00,2012-04-15 03:00:00,4.0,0.6599999999999999
2012-04-28 04:00:00,2012-04-28 06:00:00,2.0,0.21
2012-05-03 17:00:00,2012-05-04 02:00:00,9.0,1.5799999999999998
2012-05-06 11:00:00,2012-05-07 10:00:00,23.0,1.15
2012-05-20 21:00:00,2012-05-20 22:00:00,1.0,0.12
2012-05-31 09:00:00,2012-05-31 21:00:00,12.0,1.0
2012-06-16 22:00:00,2012-06-17 01:00:00,3.0,0.39
2012-06-29 10:00:00,2012-06-30 00:00:00,14.0,0.46
2012-07-05 13:00:00,2012-07-05 14:00:00,1.0,0.28
2012-07-13 16:00:00,2012-07-13 17:00:00,1.0,0.24
2012-07-18 21:00:00,2012-07-19 05:00:00,8.0,1.4300000000000002
2012-07-24 05:00:00,2012-07-24 07:00:00,2.0,0.54
2012-07-26 00:00:00,2012-07-26 04:00:00,4.0,0.71
2012-07-31 02:00:00,2012-07-31 03:00:00,1.0,0.16
2012-08-04 15:00:00,2012-08-04 16:00:00,1.0,0.36
2012-08-10 01:00:00,2012-08-10 03:00:00,2.0,0.18
2012-08-13 06:00:00,2012-08-13 14:00:00,8.0,0.33999999999999997
2012-08-16 07:00:00,2012-08-16 08:00:00,1.0,0.37
2012-08-26 10:00:00,2012-08-26 20:00:00,10.0,0.5399999999999999
2012-09-04 01:00:00,2012-09-04 03:00:00,2.0,0.4
2012-09-04 22:00:00,2012-09-05 08:00:00,10.0,0.42
2012-09-08 21:00:00,2012-09-08 22:00:00,1.0,0.2
2012-09-17 17:00:00,2012-09-17 20:00:00,3.0,0.2
2012-10-04 17:00:00,2012-10-04 18:00:00,1.0,0.08
2012-10-17 15:00:00,2012-10-17 22:00:00,7.0,0.62
2012-10-22 11:00:00,2012-10-23 00:00:00,13.0,0.8300000000000001
2012-11-10 12:00:00,2012-11-10 13:00:00,1.0,0.22
2012-11-22 16:00:00,2012-11-22 18:00:00,2.0,0.24
2012-12-20 01:00:00,2012-12-20 19:00:00,18.0,1.2800000000000002
2013-01-10 21:00:00,2013-01-11 03:00:00,6.0,0.9099999999999999
2013-01-13 00:00:00,2013-01-13 01:00:00,1.0,0.11
2013-02-18 19:00:00,2013-02-18 21:00:00,2.0,0.25
2013-02-26 12:00:00,2013-02-27 03:00:00,15.0,0.5
2013-03-10 01:00:00,2013-03-10 17:00:00,16.0,0.83
2013-04-08 05:00:00,2013-04-08 07:00:00,2.0,0.45
2013-04-09 02:00:00,2013-04-09 07:00:00,5.0,0.15000000000000002
2013-04-10 06:00:00,2013-04-10 08:00:00,2.0,0.33
2013-04-10 21:00:00,2013-04-11 15:00:00,18.0,0.75
2013-04-17 08:00:00,2013-04-18 10:00:00,26.0,5.63
2013-05-02 13:00:00,2013-05-02 14:00:00,1.0,0.11
2013-05-09 19:00:00,2013-05-10 04:00:00,9.0,0.42
2013-05-20 21:00:00,2013-05-21 01:00:00,4.0,1.27
2013-05-21 23:00:00,2013-05-22 13:00:00,14.0,1.35
2013-05-28 01:00:00,2013-05-28 02:00:00,1.0,0.16999999999999998
2013-05-30 15:00:00,2013-05-31 03:00:00,12.0,0.8500000000000001
2013-06-01 15:00:00,2013-06-01 18:00:00,3.0,0.75
2013-06-12 17:00:00,2013-06-12 21:00:00,4.0,0.73
2013-06-15 21:00:00,2013-06-15 22:00:00,1.0,0.11
2013-06-21 11:00:00,2013-06-21 13:00:00,2.0,0.97
2013-06-24 17:00:00,2013-06-24 18:00:00,1.0,0.17
2013-06-27 16:00:00,2013-06-27 18:00:00,2.0,1.16
2013-07-08 08:00:00,2013-07-08 10:00:00,2.0,0.45000000000000007
2013-07-19 20:00:00,2013-07-19 21:00:00,1.0,0.29
2013-07-31 19:00:00,2013-07-31 21:00:00,2.0,0.58
2013-08-02 01:00:00,2013-08-02 07:00:00,6.0,0.8400000000000001
2013-08-12 15:00:00,2013-08-12 18:00:00,3.0,0.27
2013-08-22 11:00:00,2013-08-22 12:00:00,1.0,0.19
2013-08-30 16:00:00,2013-08-30 18:00:00,2.0,0.53
2013-09-01 20:00:00,2013-09-01 21:00:00,1.0,0.14
2013-09-18 17:00:00,2013-09-19 09:00:00,16.0,1.12
2013-09-28 23:00:00,2013-09-29 02:00:00,3.0,0.41000000000000003
2013-10-05 15:00:00,2013-10-05 16:00:00,1.0,0.82
2013-10-12 13:00:00,2013-10-12 14:00:00,1.0,0.12
2013-11-11 13:00:00,2013-11-11 16:00:00,3.0,0.25
2013-11-16 18:00:00,2013-11-17 16:00:00,22.0,0.78
2014-01-10 14:00:00,2014-01-11 01:00:00,11.0,0.74
2014-02-01 05:00:00,2014-02-01 14:00:00,9.0,0.39
2014-02-20 04:00:00,2014-02-20 19:00:00,15.0,1.15
2014-03-11 23:00:00,2014-03-12 04:00:00,5.0,0.55
2014-04-03 06:00:00,2014-04-03 09:00:00,3.0,0.51
2014-04-25 00:00:00,2014-04-25 02:00:00,2.0,0.22
2014-05-12 17:00:00,2014-05-12 19:00:00,2.0,0.9400000000000001
2014-05-20 21:00:00,2014-05-21 00:00:00,3.0,0.89
2014-05-27 18:00:00,2014-05-27 20:00:00,2.0,0.21
2014-06-02 10:00:00,2014-06-02 11:00:00,1.0,0.11
2014-06-10 15:00:00,2014-06-11 06:00:00,15.0,1.71
2014-06-18 10:00:00,2014-06-18 23:00:00,13.0,0.6300000000000001
2014-06-19 19:00:00,2014-06-19 21:00:00,2.0,0.25
2014-06-21 16:00:00,2014-06-21 18:00:00,2.0,1.3499999999999999
2014-06-24 16:00:00,2014-06-24 17:00:00,1.0,0.41
2014-06-30 02:00:00,2014-06-30 03:00:00,1.0,0.32
2014-06-30 17:00:00,2014-06-30 23:00:00,6.0,2.64
2014-07-07 00:00:00,2014-07-07 01:00:00,1.0,0.63
2014-07-08 04:00:00,2014-07-08 05:00:00,1.0,0.54
2014-07-12 22:00:00,2014-07-13 00:00:00,2.0,0.35
2014-08-01 13:00:00,2014-08-01 14:00:00,1.0,0.14
2014-08-04 17:00:00,2014-08-05 00:00:00,7.0,2.8600000000000003
2014-08-11 01:00:00,2014-08-11 05:00:00,4.0,0.83
2014-08-23 13:00:00,2014-08-23 14:00:00,1.0,0.3
2014-08-26 09:00:00,2014-08-26 10:00:00,1.0,0.12
2014-09-01 09:00:00,2014-09-01 10:00:00,1.0,0.08
2014-09-04 06:00:00,2014-09-04 11:00:00,5.0,0.21
2014-09-05 13:00:00,2014-09-05 16:00:00,3.0,0.54
2014-10-02 20:00:00,2014-10-03 06:00:00,10.0,0.94
2014-10-13 15:00:00,2014-10-14 20:00:00,29.0,1.3499999999999999
2014-11-11 09:00:00,2014-11-11 10:00:00,1.0,0.2
2015-04-13 04:00:00,2015-04-13 06:00:00,2.0,0.2
2015-04-19 16:00:00,2015-04-19 22:00:00,6.0,0.45
2015-04-24 19:00:00,2015-04-24 21:00:00,2.0,0.15
2015-05-03 18:00:00,2015-05-03 21:00:00,3.0,0.32
2015-05-05 02:00:00,2015-05-05 06:00:00,4.0,0.8999999999999999
2015-05-08 15:00:00,2015-05-09 05:00:00,14.0,1.0699999999999998
2015-05-11 13:00:00,2015-05-11 14:00:00,1.0,0.13
2015-05-24 15:00:00,2015-05-24 17:00:00,2.0,0.32
2015-05-26 11:00:00,2015-05-26 17:00:00,6.0,0.32
2015-05-29 10:00:00,2015-05-29 11:00:00,1.0,0.17
2015-06-07 07:00:00,2015-06-07 09:00:00,2.0,0.33
2015-06-13 03:00:00,2015-06-13 04:00:00,1.0,0.09
2015-06-13 18:00:00,2015-06-14 08:00:00,14.0,0.9500000000000001
2015-06-15 07:00:00,2015-06-15 20:00:00,13.0,2.7699999999999996
2015-06-17 07:00:00,2015-06-17 09:00:00,2.0,0.16
2015-06-18 06:00:00,2015-06-18 08:00:00,2.0,0.37
2015-06-22 11:00:00,2015-06-22 12:00:00,1.0,0.09
2015-06-25 02:00:00,2015-06-25 04:00:00,2.0,0.97
2015-06-29 03:00:00,2015-06-30 01:00:00,22.0,0.8200000000000002
2015-07-13 05:00:00,2015-07-13 07:00:00,2.0,0.21000000000000002
2015-07-16 16:00:00,2015-07-16 22:00:00,6.0,1.02
2015-07-18 14:00:00,2015-07-18 15:00:00,1.0,0.49
2015-08-02 13:00:00,2015-08-02 23:00:00,10.0,0.78
2015-08-14 21:00:00,2015-08-14 22:00:00,1.0,0.16999999999999998
2015-08-15 15:00:00,2015-08-15 16:00:00,1.0,0.14
2015-08-17 14:00:00,2015-08-18 04:00:00,14.0,0.22000000000000003
2015-08-18 19:00:00,2015-08-18 20:00:00,1.0,0.25
2015-08-29 03:00:00,2015-08-29 18:00:00,15.0,0.7
2015-09-08 11:00:00,2015-09-08 19:00:00,8.0,1.01
2015-09-10 12:00:00,2015-09-10 14:00:00,2.0,0.22999999999999998
2015-09-11 06:00:00,2015-09-11 07:00:00,1.0,0.13
2015-09-17 15:00:00,2015-09-18 04:00:00,13.0,1.6900000000000002
2015-09-18 18:00:00,2015-09-19 00:00:00,6.0,1.1300000000000001
2015-09-29 09:00:00,2015-09-29 11:00:00,2.0,0.38
2015-10-20 20:00:00,2015-10-20 21:00:00,1.0,0.11
2015-10-27 10:00:00,2015-10-27 20:00:00,10.0,0.41
2015-11-06 01:00:00,2015-11-06 02:00:00,1.0,0.16
2015-11-17 12:00:00,2015-11-17 15:00:00,3.0,0.6299999999999999
2015-11-20 20:00:00,2015-11-21 14:00:00,18.0,1.24
2015-12-16 06:00:00,2015-12-16 07:00:00,1.0,0.08
2015-12-21 01:00:00,2015-12-21 12:00:00,11.0,0.6400000000000001
2015-12-23 10:00:00,2015-12-23 12:00:00,2.0,0.46
2016-01-25 17:00:00,2016-01-26 01:00:00,8.0,0.16999999999999998
2016-01-31 12:00:00,2016-01-31 13:00:00,1.0,0.09
2016-02-02 12:00:00,2016-02-02 15:00:00,3.0,0.68
2016-02-16 14:00:00,2016-02-16 18:00:00,4.0,0.5000000000000001
2016-03-01 14:00:00,2016-03-01 15:00:00,1.0,0.13
2016-03-27 15:00:00,2016-03-27 18:00:00,3.0,0.32
2016-04-20 19:00:00,2016-04-21 00:00:00,5.0,0.49
2016-04-25 20:00:00,2016-04-25 21:00:00,1.0,0.09
2016-04-27 17:00:00,2016-04-28 03:00:00,10.0,0.9200000000000002
2016-05-01 19:00:00,2016-05-01 21:00:00,2.0,0.5
2016-05-04 00:00:00,2016-05-04 05:00:00,5.0,0.41000000000000003
2016-05-09 18:00:00,2016-05-10 12:00:00,18.0,1.41
2016-05-11 22:00:00,2016-05-12 02:00:00,4.0,0.6699999999999999
2016-05-25 16:00:00,2016-05-25 20:00:00,4.0,0.95
2016-05-27 14:00:00,2016-05-27 15:00:00,1.0,0.09
2016-05-28 21:00:00,2016-05-28 23:00:00,2.0,0.15000000000000002
2016-05-31 14:00:00,2016-06-01 08:00:00,18.0,0.95
2016-06-04 11:00:00,2016-06-04 14:00:00,3.0,0.36
2016-06-15 01:00:00,2016-06-15 03:00:00,2.0,0.29
2016-07-06 01:00:00,2016-07-06 07:00:00,6.0,1.0700000000000003
2016-07-07 17:00:00,2016-07-07 19:00:00,2.0,0.9800000000000001
2016-07-15 14:00:00,2016-07-15 15:00:00,1.0,0.12000000000000001
2016-07-17 07:00:00,2016-07-17 09:00:00,2.0,0.29
2016-07-21 19:00:00,2016-07-21 23:00:00,4.0,1.3
2016-07-23 18:00:00,2016-07-24 00:00:00,6.0,1.09
2016-07-24 17:00:00,2016-07-24 18:00:00,1.0,0.39
2016-07-28 11:00:00,2016-07-28 16:00:00,5.0,0.44999999999999996
2016-08-18 04:00:00,2016-08-18 06:00:00,2.0,0.74
2016-08-20 07:00:00,2016-08-20 08:00:00,1.0,0.45
2016-08-24 07:00:00,2016-08-24 10:00:00,3.0,0.2
2016-08-25 00:00:00,2016-08-25 01:00:00,1.0,0.09
2016-08-26 22:00:00,2016-08-27 07:00:00,9.0,1.03
