disasterNumber,incidentType,state,county,city,zipCode,totalValidRegistrations,validCallCenterRegistrations,validWebRegistrations,validMobileRegistrations,ihpReferrals,ihpEligible,ihpAmount,haReferrals,haEligible,haAmount,onaReferrals,onaEligible,onaAmount,hash,lastRefresh,declarationDate,title,incidentBeginDate,incidentEndDate
4116.0,Flood,IL,Cook (County),Chicago,60644.0,1.0,0.0,1.0,0.0,1.0,0.0,0.0,1.0,0.0,0.0,0.0,0.0,0.0,7b94c8cc82eaebb8a56647758ae70fb8,2014-11-23T02:38:03 +00:00,2013-05-10T18:15:00 +00:00,"SEVERE STORMS, STRAIGHT-LINE WINDS, AND FLOODING",2013-04-16 09:37:00,2013-05-05T00:00:00 +00:00
4116.0,Flood,IL,Cook (County),Chicago,60614.0,7.0,2.0,5.0,0.0,7.0,3.0,2936.2,6.0,1.0,888.26,7.0,2.0,2047.94,0649825eca55c3ae07678b2afd7ea2d9,2014-11-23T02:38:03 +00:00,2013-05-10T18:15:00 +00:00,"SEVERE STORMS, STRAIGHT-LINE WINDS, AND FLOODING",2013-04-16 09:37:00,2013-05-05T00:00:00 +00:00
4116.0,Flood,IL,Cook (County),Chicago,60624.0,1175.0,753.0,349.0,73.0,1148.0,692.0,2255862.26,1107.0,553.0,1650428.98,990.0,396.0,605433.28,c6e8298ee56b528cf98adb00bcac7639,2015-03-02T19:03:16 +00:00,2013-05-10T18:15:00 +00:00,"SEVERE STORMS, STRAIGHT-LINE WINDS, AND FLOODING",2013-04-16 09:37:00,2013-05-05T00:00:00 +00:00
4116.0,Flood,IL,Cook (County),Chicago,60636.0,2571.0,1.0,584.0,135.0,2508.0,1539.0,3448754.61,2423.0,1237.0,2751573.28,2068.0,710.0,697181.33,dbf38848961f88ee280ab76643e34bc7,2015-03-02T19:03:16 +00:00,2013-05-10T18:15:00 +00:00,"SEVERE STORMS, STRAIGHT-LINE WINDS, AND FLOODING",2013-04-16 09:37:00,2013-05-05T00:00:00 +00:00
4116.0,Flood,IL,Cook (County),Chicago,60659.0,154.0,75.0,70.0,9.0,146.0,103.0,169962.97,140.0,97.0,152721.0,110.0,31.0,17241.97,4b8febc4bdd1081d41d68e6afdcfb8d5,2014-11-23T02:38:03 +00:00,2013-05-10T18:15:00 +00:00,"SEVERE STORMS, STRAIGHT-LINE WINDS, AND FLOODING",2013-04-16 09:37:00,2013-05-05T00:00:00 +00:00
4116.0,Flood,IL,Cook (County),Chicago,60646.0,360.0,103.0,244.0,13.0,349.0,271.0,442442.45,341.0,262.0,415927.23,260.0,41.0,26515.22,5c2bf06029d8c68a4291a41d4da12d89,2014-11-23T02:38:03 +00:00,2013-05-10T18:15:00 +00:00,"SEVERE STORMS, STRAIGHT-LINE WINDS, AND FLOODING",2013-04-16 09:37:00,2013-05-05T00:00:00 +00:00
4116.0,Flood,IL,Cook (County),Chicago,60290.0,4.0,4.0,0.0,0.0,3.0,3.0,3263.6,3.0,3.0,2301.51,3.0,1.0,962.09,569002cbfdf5b87c320d501ec10a559b,2014-11-23T02:38:03 +00:00,2013-05-10T18:15:00 +00:00,"SEVERE STORMS, STRAIGHT-LINE WINDS, AND FLOODING",2013-04-16 09:37:00,2013-05-05T00:00:00 +00:00
4116.0,Flood,IL,Cook (County),Chicago,60615.0,231.0,124.0,83.0,24.0,213.0,108.0,297918.49,198.0,77.0,226320.32,176.0,68.0,71598.17,2d8132ba442b2a4e4714a5d2e1c4efa1,2014-11-23T02:38:03 +00:00,2013-05-10T18:15:00 +00:00,"SEVERE STORMS, STRAIGHT-LINE WINDS, AND FLOODING",2013-04-16 09:37:00,2013-05-05T00:00:00 +00:00
4116.0,Flood,IL,Cook (County),Chicago,60625.0,217.0,100.0,117.0,0.0,203.0,146.0,541258.13,193.0,128.0,387868.34,167.0,66.0,153389.79,76b2401554c072e2a611bf421625b438,2014-11-23T02:38:03 +00:00,2013-05-10T18:15:00 +00:00,"SEVERE STORMS, STRAIGHT-LINE WINDS, AND FLOODING",2013-04-16 09:37:00,2013-05-05T00:00:00 +00:00
4116.0,Flood,IL,Cook (County),Chicago,60637.0,930.0,553.0,306.0,71.0,885.0,499.0,1124564.1,835.0,338.0,874961.65,744.0,275.0,249602.45,1e28cd11843957b976846e942f3e9b84,2015-03-02T19:03:16 +00:00,2013-05-10T18:15:00 +00:00,"SEVERE STORMS, STRAIGHT-LINE WINDS, AND FLOODING",2013-04-16 09:37:00,2013-05-05T00:00:00 +00:00
4116.0,Flood,IL,Cook (County),Chicago,60647.0,104.0,50.0,48.0,6.0,93.0,64.0,210084.37,86.0,53.0,147806.73,73.0,35.0,62277.64,129428c6918bfa0fd3dc22ffc00712fe,2015-03-02T19:03:16 +00:00,2013-05-10T18:15:00 +00:00,"SEVERE STORMS, STRAIGHT-LINE WINDS, AND FLOODING",2013-04-16 09:37:00,2013-05-05T00:00:00 +00:00
4116.0,Flood,IL,Cook (County),Chicago,60660.0,15.0,6.0,7.0,2.0,13.0,2.0,4541.18,12.0,2.0,3712.07,9.0,1.0,829.11,f28ba24786ecc069bef33f40dab83a9a,2014-11-23T02:38:03 +00:00,2013-05-10T18:15:00 +00:00,"SEVERE STORMS, STRAIGHT-LINE WINDS, AND FLOODING",2013-04-16 09:37:00,2013-05-05T00:00:00 +00:00
4116.0,Flood,IL,Cook (County),Chicago,60624.0,1.0,0.0,1.0,0.0,1.0,0.0,0.0,1.0,0.0,0.0,1.0,0.0,0.0,c3d3cf01d6c18ddbd2868de9fd4ae91c,2014-11-23T02:38:03 +00:00,2013-05-10T18:15:00 +00:00,"SEVERE STORMS, STRAIGHT-LINE WINDS, AND FLOODING",2013-04-16 09:37:00,2013-05-05T00:00:00 +00:00
4116.0,Flood,IL,Cook (County),Chicago,60604.0,1.0,0.0,1.0,0.0,0.0,0.0,0.0,0.0,0.0,0.0,0.0,0.0,0.0,9097b4ee339d160f0c18d55d7da544ce,2014-11-23T02:38:03 +00:00,2013-05-10T18:15:00 +00:00,"SEVERE STORMS, STRAIGHT-LINE WINDS, AND FLOODING",2013-04-16 09:37:00,2013-05-05T00:00:00 +00:00
4116.0,Flood,IL,Cook (County),Chicago,60616.0,52.0,29.0,20.0,3.0,49.0,27.0,50305.25,43.0,21.0,34336.11,39.0,10.0,15969.14,4d52303055cddbee222237adb5e6011f,2014-11-23T02:38:03 +00:00,2013-05-10T18:15:00 +00:00,"SEVERE STORMS, STRAIGHT-LINE WINDS, AND FLOODING",2013-04-16 09:37:00,2013-05-05T00:00:00 +00:00
4116.0,Flood,IL,Cook (County),Chicago,60626.0,62.0,33.0,24.0,5.0,57.0,35.0,60253.13,52.0,21.0,42848.62,46.0,22.0,17404.51,25359318fd8030fb8ae5c991e584a812,2014-11-23T02:38:03 +00:00,2013-05-10T18:15:00 +00:00,"SEVERE STORMS, STRAIGHT-LINE WINDS, AND FLOODING",2013-04-16 09:37:00,2013-05-05T00:00:00 +00:00
4116.0,Flood,IL,Cook (County),Chicago,60638.0,254.0,125.0,116.0,13.0,244.0,170.0,296697.06,235.0,153.0,252489.35,185.0,51.0,44207.71,703dde59fb94d8724dafb7e580de1af9,2014-11-23T02:38:03 +00:00,2013-05-10T18:15:00 +00:00,"SEVERE STORMS, STRAIGHT-LINE WINDS, AND FLOODING",2013-04-16 09:37:00,2013-05-05T00:00:00 +00:00
4116.0,Flood,IL,Cook (County),Chicago,60649.0,868.0,521.0,292.0,55.0,820.0,326.0,647843.53,769.0,256.0,549439.15,623.0,125.0,98404.38,d7751b872e8a71ba45ab3ca3f0a1b3f6,2015-03-02T19:03:16 +00:00,2013-05-10T18:15:00 +00:00,"SEVERE STORMS, STRAIGHT-LINE WINDS, AND FLOODING",2013-04-16 09:37:00,2013-05-05T00:00:00 +00:00
4116.0,Flood,IL,Cook (County),Chicago,60661.0,2.0,1.0,0.0,1.0,1.0,1.0,4965.0,0.0,0.0,0.0,1.0,1.0,4965.0,955bff8c7a0532f615a49d150f15a270,2014-11-23T02:38:03 +00:00,2013-05-10T18:15:00 +00:00,"SEVERE STORMS, STRAIGHT-LINE WINDS, AND FLOODING",2013-04-16 09:37:00,2013-05-05T00:00:00 +00:00
4116.0,Flood,IL,Cook (County),Chicago,60630.0,1.0,0.0,1.0,0.0,1.0,1.0,989.18,1.0,1.0,989.18,1.0,0.0,0.0,0d9d29db5b65c06373a7ba129722504b,2014-11-23T02:38:03 +00:00,2013-05-10T18:15:00 +00:00,"SEVERE STORMS, STRAIGHT-LINE WINDS, AND FLOODING",2013-04-16 09:37:00,2013-05-05T00:00:00 +00:00
4116.0,Flood,IL,Cook (County),Chicago,60605.0,3.0,2.0,1.0,0.0,3.0,1.0,149.88,3.0,1.0,149.88,1.0,0.0,0.0,3654a75394b9fbb0a78bedc9b6342049,2014-11-23T02:38:03 +00:00,2013-05-10T18:15:00 +00:00,"SEVERE STORMS, STRAIGHT-LINE WINDS, AND FLOODING",2013-04-16 09:37:00,2013-05-05T00:00:00 +00:00
4116.0,Flood,IL,Cook (County),Chicago,60617.0,2953.0,1.0,988.0,128.0,2871.0,1771.0,3534339.21,2778.0,1557.0,2975514.79,2104.0,619.0,558824.42,0b3e7ff8a8189a49b829ff73cea359d5,2014-11-23T02:38:03 +00:00,2013-05-10T18:15:00 +00:00,"SEVERE STORMS, STRAIGHT-LINE WINDS, AND FLOODING",2013-04-16 09:37:00,2013-05-05T00:00:00 +00:00
4116.0,Flood,IL,Cook (County),Chicago,60628.0,5604.0,3.0,1.0,264.0,5452.0,3743.0,7305846.45,5307.0,3220.0,6236544.88,4209.0,1413.0,1069301.57,2a642b0f8cdeb39cc55cfb6850f95976,2015-03-02T19:03:16 +00:00,2013-05-10T18:15:00 +00:00,"SEVERE STORMS, STRAIGHT-LINE WINDS, AND FLOODING",2013-04-16 09:37:00,2013-05-05T00:00:00 +00:00
4116.0,Flood,IL,Cook (County),Chicago,60639.0,679.0,430.0,209.0,40.0,666.0,499.0,1614664.74,651.0,424.0,1188153.55,521.0,258.0,426511.19,e80b4a673493d3d548542fe1b5054591,2015-03-02T19:03:16 +00:00,2013-05-10T18:15:00 +00:00,"SEVERE STORMS, STRAIGHT-LINE WINDS, AND FLOODING",2013-04-16 09:37:00,2013-05-05T00:00:00 +00:00
4116.0,Flood,IL,Cook (County),Chicago,60651.0,2020.0,1.0,530.0,100.0,1969.0,1253.0,3081699.93,1894.0,1010.0,2310203.87,1567.0,593.0,771496.06,bee1b9826f2e13297fb83c3ea712a339,2015-03-02T19:03:16 +00:00,2013-05-10T18:15:00 +00:00,"SEVERE STORMS, STRAIGHT-LINE WINDS, AND FLOODING",2013-04-16 09:37:00,2013-05-05T00:00:00 +00:00
4116.0,Flood,IL,Cook (County),Chicago,60666.0,1.0,1.0,0.0,0.0,1.0,0.0,0.0,0.0,0.0,0.0,1.0,0.0,0.0,ede2e3388939f43e90c3a4cff89d4b3c,2014-11-23T02:38:03 +00:00,2013-05-10T18:15:00 +00:00,"SEVERE STORMS, STRAIGHT-LINE WINDS, AND FLOODING",2013-04-16 09:37:00,2013-05-05T00:00:00 +00:00
4116.0,Flood,IL,Cook (County),Chicago,60607.0,7.0,3.0,3.0,1.0,5.0,0.0,0.0,3.0,0.0,0.0,4.0,0.0,0.0,bd65073c5f959b06a603fa3bfa0369f5,2014-11-23T02:38:03 +00:00,2013-05-10T18:15:00 +00:00,"SEVERE STORMS, STRAIGHT-LINE WINDS, AND FLOODING",2013-04-16 09:37:00,2013-05-05T00:00:00 +00:00
4116.0,Flood,IL,Cook (County),Chicago,60618.0,144.0,60.0,80.0,4.0,135.0,88.0,201291.2,124.0,77.0,163583.24,102.0,31.0,37707.96,d11fd5442b03160e7164ce831864d922,2014-11-23T02:38:03 +00:00,2013-05-10T18:15:00 +00:00,"SEVERE STORMS, STRAIGHT-LINE WINDS, AND FLOODING",2013-04-16 09:37:00,2013-05-05T00:00:00 +00:00
4116.0,Flood,IL,Cook (County),Chicago,60629.0,1848.0,1.0,646.0,107.0,1790.0,1305.0,2674887.1,1713.0,1086.0,2174515.41,1424.0,561.0,500371.69,85e0106f0174d60545bfbbe7e6e2a7bf,2015-03-02T19:03:16 +00:00,2013-05-10T18:15:00 +00:00,"SEVERE STORMS, STRAIGHT-LINE WINDS, AND FLOODING",2013-04-16 09:37:00,2013-05-05T00:00:00 +00:00
4116.0,Flood,IL,Cook (County),Chicago,60640.0,12.0,1.0,9.0,2.0,9.0,1.0,7697.75,9.0,1.0,5933.53,8.0,1.0,1764.22,952a0205511dab6f73aaf64de62750bd,2014-11-23T02:38:03 +00:00,2013-05-10T18:15:00 +00:00,"SEVERE STORMS, STRAIGHT-LINE WINDS, AND FLOODING",2013-04-16 09:37:00,2013-05-05T00:00:00 +00:00
4116.0,Flood,IL,Cook (County),Chicago,60652.0,1301.0,717.0,518.0,66.0,1265.0,1002.0,2299844.87,1235.0,958.0,2117609.3,885.0,232.0,182235.57,4f41a6c7e97f178220fea33fda4d2406,2015-03-02T19:03:16 +00:00,2013-05-10T18:15:00 +00:00,"SEVERE STORMS, STRAIGHT-LINE WINDS, AND FLOODING",2013-04-16 09:37:00,2013-05-05T00:00:00 +00:00
4116.0,Flood,IL,Cook (County),Chicago,60678.0,1.0,1.0,0.0,0.0,1.0,1.0,509.66,1.0,1.0,509.66,1.0,0.0,0.0,d254b166dfa83fbd16442019c642c23d,2014-11-23T02:38:03 +00:00,2013-05-10T18:15:00 +00:00,"SEVERE STORMS, STRAIGHT-LINE WINDS, AND FLOODING",2013-04-16 09:37:00,2013-05-05T00:00:00 +00:00
4116.0,Flood,IL,Cook (County),Chicago,60609.0,861.0,603.0,212.0,46.0,838.0,527.0,1285594.22,808.0,379.0,952630.73,684.0,334.0,332963.49,c9bc61d99ae8061c1878669146256acb,2015-03-02T19:03:16 +00:00,2013-05-10T18:15:00 +00:00,"SEVERE STORMS, STRAIGHT-LINE WINDS, AND FLOODING",2013-04-16 09:37:00,2013-05-05T00:00:00 +00:00
4116.0,Flood,IL,Cook (County),Chicago,60620.0,4415.0,2.0,1.0,202.0,4297.0,2699.0,5313449.91,4141.0,2212.0,4388605.56,3294.0,1105.0,924844.35,0d593b0c4ff0229727b7ceab1ca431af,2015-03-02T19:03:16 +00:00,2013-05-10T18:15:00 +00:00,"SEVERE STORMS, STRAIGHT-LINE WINDS, AND FLOODING",2013-04-16 09:37:00,2013-05-05T00:00:00 +00:00
4116.0,Flood,IL,Cook (County),Chicago,60631.0,508.0,133.0,346.0,29.0,489.0,370.0,647586.47,472.0,351.0,597697.27,363.0,73.0,49889.2,ec40dad35d4d743a572c69895a34dd4e,2014-11-23T02:38:04 +00:00,2013-05-10T18:15:00 +00:00,"SEVERE STORMS, STRAIGHT-LINE WINDS, AND FLOODING",2013-04-16 09:37:00,2013-05-05T00:00:00 +00:00
4116.0,Flood,IL,Cook (County),Chicago,60642.0,18.0,10.0,6.0,2.0,16.0,6.0,13849.14,14.0,3.0,10030.5,14.0,5.0,3818.64,81885d86940e5100eddb7d2438afa549,2014-11-23T02:38:04 +00:00,2013-05-10T18:15:00 +00:00,"SEVERE STORMS, STRAIGHT-LINE WINDS, AND FLOODING",2013-04-16 09:37:00,2013-05-05T00:00:00 +00:00
4116.0,Flood,IL,Cook (County),Chicago,60654.0,1.0,0.0,1.0,0.0,0.0,0.0,0.0,0.0,0.0,0.0,0.0,0.0,0.0,36dab0a2ec246b72e12569a24c12f7e4,2014-11-23T02:38:04 +00:00,2013-05-10T18:15:00 +00:00,"SEVERE STORMS, STRAIGHT-LINE WINDS, AND FLOODING",2013-04-16 09:37:00,2013-05-05T00:00:00 +00:00
4116.0,Flood,IL,Cook (County),Chicago,60803.0,1.0,0.0,1.0,0.0,1.0,1.0,521.27,1.0,1.0,521.27,1.0,0.0,0.0,e1132186604e928fa3a035ad001f4599,2014-11-23T02:38:04 +00:00,2013-05-10T18:15:00 +00:00,"SEVERE STORMS, STRAIGHT-LINE WINDS, AND FLOODING",2013-04-16 09:37:00,2013-05-05T00:00:00 +00:00
4116.0,Flood,IL,Cook (County),Chicago,60608.0,98.0,38.0,50.0,10.0,93.0,53.0,153727.7,84.0,43.0,103876.12,77.0,25.0,49851.58,7d10fb1f82019cff7b23b962f2747e4a,2014-11-23T02:38:04 +00:00,2013-05-10T18:15:00 +00:00,"SEVERE STORMS, STRAIGHT-LINE WINDS, AND FLOODING",2013-04-16 09:37:00,2013-05-05T00:00:00 +00:00
4116.0,Flood,IL,Cook (County),Chicago,60630.0,476.0,168.0,294.0,14.0,451.0,349.0,665699.57,439.0,340.0,622732.32,314.0,57.0,42967.25,2659a9307f31b41be5efe02ca6605cd0,2014-11-23T02:38:04 +00:00,2013-05-10T18:15:00 +00:00,"SEVERE STORMS, STRAIGHT-LINE WINDS, AND FLOODING",2013-04-16 09:37:00,2013-05-05T00:00:00 +00:00
4116.0,Flood,IL,Cook (County),Chicago,60619.0,4130.0,2.0,1.0,175.0,3965.0,2745.0,6591773.07,3838.0,2387.0,5512737.12,3048.0,1134.0,1079035.95,7ed7895e229805fc77ab6e0a811a4e5e,2015-03-02T19:03:16 +00:00,2013-05-10T18:15:00 +00:00,"SEVERE STORMS, STRAIGHT-LINE WINDS, AND FLOODING",2013-04-16 09:37:00,2013-05-05T00:00:00 +00:00
4116.0,Flood,IL,Cook (County),Chicago,60641.0,126.0,55.0,66.0,5.0,118.0,82.0,214283.12,112.0,73.0,172499.35,81.0,30.0,41783.77,78e7ed53fdb68547b1424e5d31f80b89,2015-03-02T19:03:16 +00:00,2013-05-10T18:15:00 +00:00,"SEVERE STORMS, STRAIGHT-LINE WINDS, AND FLOODING",2013-04-16 09:37:00,2013-05-05T00:00:00 +00:00
4116.0,Flood,IL,Cook (County),Chicago,60653.0,405.0,247.0,134.0,24.0,388.0,220.0,563493.7,367.0,151.0,418616.55,312.0,116.0,144877.15,d3ea8024c2853127ec4be9b999f69d44,2015-03-02T19:03:16 +00:00,2013-05-10T18:15:00 +00:00,"SEVERE STORMS, STRAIGHT-LINE WINDS, AND FLOODING",2013-04-16 09:37:00,2013-05-05T00:00:00 +00:00
4116.0,Flood,IL,Cook (County),Chicago,60707.0,170.0,81.0,83.0,6.0,164.0,134.0,252515.81,161.0,124.0,221625.58,114.0,26.0,30890.23,9c99a569d1eaabee7d7b83a624d695c0,2014-11-23T02:38:04 +00:00,2013-05-10T18:15:00 +00:00,"SEVERE STORMS, STRAIGHT-LINE WINDS, AND FLOODING",2013-04-16 09:37:00,2013-05-05T00:00:00 +00:00
4116.0,Flood,IL,Cook (County),Chicago,60610.0,17.0,4.0,8.0,5.0,14.0,3.0,16855.79,10.0,2.0,5598.52,13.0,3.0,11257.27,a7947dbc25eacd05591f6d4247182958,2014-11-23T02:38:04 +00:00,2013-05-10T18:15:00 +00:00,"SEVERE STORMS, STRAIGHT-LINE WINDS, AND FLOODING",2013-04-16 09:37:00,2013-05-05T00:00:00 +00:00
4116.0,Flood,IL,Cook (County),Chicago,60621.0,1502.0,1.0,355.0,90.0,1455.0,812.0,1929631.38,1396.0,576.0,1478411.83,1218.0,466.0,451219.55,9054426a11d671f9270e043d524a8ebb,2015-03-02T19:03:16 +00:00,2013-05-10T18:15:00 +00:00,"SEVERE STORMS, STRAIGHT-LINE WINDS, AND FLOODING",2013-04-16 09:37:00,2013-05-05T00:00:00 +00:00
4116.0,Flood,IL,Cook (County),Chicago,60632.0,284.0,156.0,119.0,9.0,274.0,188.0,589302.59,267.0,170.0,484206.26,224.0,82.0,105096.33,90f8b3268a5cae238abd310663ada27a,2015-03-02T19:03:16 +00:00,2013-05-10T18:15:00 +00:00,"SEVERE STORMS, STRAIGHT-LINE WINDS, AND FLOODING",2013-04-16 09:37:00,2013-05-05T00:00:00 +00:00
4116.0,Flood,IL,Cook (County),Chicago,60643.0,2842.0,1.0,915.0,124.0,2792.0,2019.0,4281041.71,2730.0,1805.0,3816678.99,2044.0,618.0,464362.72,efaaa439dee871acb21b41e624fabd37,2015-03-02T19:03:16 +00:00,2013-05-10T18:15:00 +00:00,"SEVERE STORMS, STRAIGHT-LINE WINDS, AND FLOODING",2013-04-16 09:37:00,2013-05-05T00:00:00 +00:00
4116.0,Flood,IL,Cook (County),Chicago,60655.0,200.0,59.0,127.0,14.0,195.0,153.0,246433.4,187.0,152.0,242956.39,124.0,10.0,3477.01,589aab87ef3c3cec1de5e3029af8d3bc,2014-11-23T02:38:04 +00:00,2013-05-10T18:15:00 +00:00,"SEVERE STORMS, STRAIGHT-LINE WINDS, AND FLOODING",2013-04-16 09:37:00,2013-05-05T00:00:00 +00:00
4116.0,Flood,IL,Cook (County),Chicago,60827.0,184.0,124.0,50.0,10.0,169.0,75.0,209445.75,150.0,53.0,161582.66,152.0,45.0,47863.09,af0ed84cc269bf663f69f9f2eb4841da,2014-11-23T02:38:04 +00:00,2013-05-10T18:15:00 +00:00,"SEVERE STORMS, STRAIGHT-LINE WINDS, AND FLOODING",2013-04-16 09:37:00,2013-05-05T00:00:00 +00:00
4116.0,Flood,IL,Cook (County),Chicago,60612.0,421.0,257.0,136.0,28.0,403.0,229.0,625396.38,384.0,166.0,459840.44,345.0,127.0,165555.94,7e503a9f9aae350535693a42815f3b3f,2015-03-02T19:03:16 +00:00,2013-05-10T18:15:00 +00:00,"SEVERE STORMS, STRAIGHT-LINE WINDS, AND FLOODING",2013-04-16 09:37:00,2013-05-05T00:00:00 +00:00
4116.0,Flood,IL,Cook (County),Chicago,60644.0,1814.0,1.0,465.0,95.0,1766.0,1086.0,2955103.74,1714.0,902.0,2191059.99,1474.0,522.0,764043.75,1515f4f3cd88d827755716671d53ab24,2015-03-02T19:03:16 +00:00,2013-05-10T18:15:00 +00:00,"SEVERE STORMS, STRAIGHT-LINE WINDS, AND FLOODING",2013-04-16 09:37:00,2013-05-05T00:00:00 +00:00
4116.0,Flood,IL,Cook (County),Chicago,60633.0,217.0,154.0,57.0,6.0,209.0,158.0,504160.59,202.0,144.0,456323.14,160.0,53.0,47837.45,86bf3162acc0a88bd42a0d17a6a6c1ed,2014-11-23T02:38:04 +00:00,2013-05-10T18:15:00 +00:00,"SEVERE STORMS, STRAIGHT-LINE WINDS, AND FLOODING",2013-04-16 09:37:00,2013-05-05T00:00:00 +00:00
4116.0,Flood,IL,Cook (County),Chicago,60622.0,41.0,13.0,25.0,3.0,38.0,23.0,38233.88,33.0,13.0,25527.02,32.0,12.0,12706.86,f49759c8f766ae20fc5c0cfedee3406e,2014-11-23T02:38:04 +00:00,2013-05-10T18:15:00 +00:00,"SEVERE STORMS, STRAIGHT-LINE WINDS, AND FLOODING",2013-04-16 09:37:00,2013-05-05T00:00:00 +00:00
4116.0,Flood,IL,Cook (County),Chicago,60656.0,386.0,108.0,262.0,16.0,374.0,290.0,530073.51,368.0,278.0,496750.17,279.0,67.0,33323.34,682e023f2c34d81d46967712adb99651,2014-11-23T02:38:04 +00:00,2013-05-10T18:15:00 +00:00,"SEVERE STORMS, STRAIGHT-LINE WINDS, AND FLOODING",2013-04-16 09:37:00,2013-05-05T00:00:00 +00:00
4116.0,Flood,IL,Cook (County),Chicago,60617.0,1.0,0.0,1.0,0.0,1.0,1.0,567.78,1.0,1.0,567.78,1.0,0.0,0.0,f4eb5d898baa3d5f6aa1f43a8ec8cee6,2014-11-23T02:38:04 +00:00,2013-05-10T18:15:00 +00:00,"SEVERE STORMS, STRAIGHT-LINE WINDS, AND FLOODING",2013-04-16 09:37:00,2013-05-05T00:00:00 +00:00
4116.0,Flood,IL,Cook (County),Chicago,60613.0,8.0,3.0,5.0,0.0,8.0,4.0,11652.18,8.0,3.0,5192.0,5.0,4.0,6460.18,d23bd2ab7bb76dc3c34f1d6678e07b03,2014-11-23T02:38:04 +00:00,2013-05-10T18:15:00 +00:00,"SEVERE STORMS, STRAIGHT-LINE WINDS, AND FLOODING",2013-04-16 09:37:00,2013-05-05T00:00:00 +00:00
4116.0,Flood,IL,Cook (County),Chicago,60623.0,977.0,627.0,277.0,73.0,952.0,532.0,1900607.65,925.0,435.0,1461379.58,782.0,261.0,439228.07,65e8f85e6b5f721df21e754687c1ad1f,2015-03-02T19:03:16 +00:00,2013-05-10T18:15:00 +00:00,"SEVERE STORMS, STRAIGHT-LINE WINDS, AND FLOODING",2013-04-16 09:37:00,2013-05-05T00:00:00 +00:00
4116.0,Flood,IL,Cook (County),Chicago,60634.0,866.0,279.0,557.0,30.0,837.0,699.0,1566813.95,819.0,680.0,1466812.63,611.0,135.0,100001.32,5fa3485db6864a3210b42da0a797f131,2014-11-23T02:38:04 +00:00,2013-05-10T18:15:00 +00:00,"SEVERE STORMS, STRAIGHT-LINE WINDS, AND FLOODING",2013-04-16 09:37:00,2013-05-05T00:00:00 +00:00
4116.0,Flood,IL,Cook (County),Chicago,60657.0,3.0,0.0,3.0,0.0,3.0,0.0,0.0,3.0,0.0,0.0,1.0,0.0,0.0,a595bf1c59d7e0015e629b77538b5d8e,2014-11-23T02:38:04 +00:00,2013-05-10T18:15:00 +00:00,"SEVERE STORMS, STRAIGHT-LINE WINDS, AND FLOODING",2013-04-16 09:37:00,2013-05-05T00:00:00 +00:00
4116.0,Flood,IL,Cook (County),Chicago,60645.0,157.0,52.0,96.0,9.0,152.0,103.0,176063.64,144.0,96.0,144112.66,115.0,23.0,31950.98,2077e53e80420867be4c203fe12d8f1d,2014-11-23T02:38:04 +00:00,2013-05-10T18:15:00 +00:00,"SEVERE STORMS, STRAIGHT-LINE WINDS, AND FLOODING",2013-04-16 09:37:00,2013-05-05T00:00:00 +00:00
1800.0,Severe Storm(s),IL,Cook (County),Chicago,60610.0,3.0,0.0,3.0,0.0,2.0,0.0,0.0,2.0,0.0,0.0,2.0,0.0,0.0,d6f961f4916dc4aafb8327a820577852,2014-11-23T02:44:41 +00:00,2008-10-03T18:30:00 +00:00,SEVERE STORMS AND FLOODING,2008-09-13 08:00:00,2008-10-05T00:00:00 +00:00
1800.0,Severe Storm(s),IL,Cook (County),Chicago,60621.0,496.0,332.0,164.0,0.0,468.0,224.0,479901.63,457.0,188.0,405396.76,342.0,82.0,74504.87,a1c937877810fd07c4f1a9ec55477ebe,2014-11-23T02:44:41 +00:00,2008-10-03T18:30:00 +00:00,SEVERE STORMS AND FLOODING,2008-09-13 08:00:00,2008-10-05T00:00:00 +00:00
1800.0,Severe Storm(s),IL,Cook (County),Chicago,60632.0,15.0,8.0,7.0,0.0,15.0,11.0,14114.21,15.0,10.0,13505.59,8.0,2.0,608.62,46c8998ef6165be89c6a25d788be46c4,2014-11-23T02:44:41 +00:00,2008-10-03T18:30:00 +00:00,SEVERE STORMS AND FLOODING,2008-09-13 08:00:00,2008-10-05T00:00:00 +00:00
1800.0,Severe Storm(s),IL,Cook (County),Chicago,60643.0,1239.0,729.0,510.0,0.0,1194.0,684.0,1214463.0,1177.0,613.0,1097808.13,820.0,189.0,116654.87,4031106431623f00582ddef53974b448,2014-11-23T02:44:41 +00:00,2008-10-03T18:30:00 +00:00,SEVERE STORMS AND FLOODING,2008-09-13 08:00:00,2008-10-05T00:00:00 +00:00
1800.0,Severe Storm(s),IL,Cook (County),Chicago,60656.0,55.0,11.0,44.0,0.0,51.0,39.0,60127.94,51.0,39.0,58708.97,36.0,3.0,1418.97,e181bc05d03b000ca77d8ea2f87a4c5d,2014-11-23T02:44:41 +00:00,2008-10-03T18:30:00 +00:00,SEVERE STORMS AND FLOODING,2008-09-13 08:00:00,2008-10-05T00:00:00 +00:00
1800.0,Severe Storm(s),IL,Cook (County),Chicago,60612.0,113.0,66.0,47.0,0.0,102.0,51.0,166120.67,100.0,43.0,137979.99,70.0,18.0,28140.68,d63f8c115740a3f9bd0e008936ab5ba1,2014-11-23T02:44:41 +00:00,2008-10-03T18:30:00 +00:00,SEVERE STORMS AND FLOODING,2008-09-13 08:00:00,2008-10-05T00:00:00 +00:00
1800.0,Severe Storm(s),IL,Cook (County),Chicago,60622.0,14.0,9.0,5.0,0.0,11.0,4.0,9186.1,11.0,3.0,5484.35,9.0,1.0,3701.75,163c0f4fe7e2e6fb4f2ee1c97b6e7d2b,2014-11-23T02:44:41 +00:00,2008-10-03T18:30:00 +00:00,SEVERE STORMS AND FLOODING,2008-09-13 08:00:00,2008-10-05T00:00:00 +00:00
1800.0,Severe Storm(s),IL,Cook (County),Chicago,60633.0,102.0,76.0,26.0,0.0,98.0,54.0,106949.16,93.0,51.0,98160.93,63.0,11.0,8788.23,80b44364d9ac8828cc1bcfdf5b4c46fa,2014-11-23T02:44:41 +00:00,2008-10-03T18:30:00 +00:00,SEVERE STORMS AND FLOODING,2008-09-13 08:00:00,2008-10-05T00:00:00 +00:00
1800.0,Severe Storm(s),IL,Cook (County),Chicago,60644.0,398.0,231.0,167.0,0.0,376.0,234.0,553789.14,366.0,187.0,417729.9,282.0,110.0,136059.24,a03bf90480a671fef52f6deb89d6fb44,2014-11-23T02:44:41 +00:00,2008-10-03T18:30:00 +00:00,SEVERE STORMS AND FLOODING,2008-09-13 08:00:00,2008-10-05T00:00:00 +00:00
1800.0,Severe Storm(s),IL,Cook (County),Chicago,60657.0,1.0,1.0,0.0,0.0,0.0,0.0,0.0,0.0,0.0,0.0,0.0,0.0,0.0,13cb9c86e112c4a751bd27d00d685634,2014-11-23T02:44:41 +00:00,2008-10-03T18:30:00 +00:00,SEVERE STORMS AND FLOODING,2008-09-13 08:00:00,2008-10-05T00:00:00 +00:00
1800.0,Severe Storm(s),IL,Cook (County),Chicago,60613.0,2.0,2.0,0.0,0.0,2.0,1.0,10408.21,2.0,1.0,10408.21,1.0,0.0,0.0,1a71f0d6e1ae351f3c5dd0464f1f0fd9,2014-11-23T02:44:41 +00:00,2008-10-03T18:30:00 +00:00,SEVERE STORMS AND FLOODING,2008-09-13 08:00:00,2008-10-05T00:00:00 +00:00
1800.0,Severe Storm(s),IL,Cook (County),Chicago,60623.0,217.0,150.0,67.0,0.0,209.0,111.0,325677.04,203.0,88.0,241224.88,150.0,51.0,84452.16,1e78c8b114f69262b9efcd6595340427,2014-11-23T02:44:41 +00:00,2008-10-03T18:30:00 +00:00,SEVERE STORMS AND FLOODING,2008-09-13 08:00:00,2008-10-05T00:00:00 +00:00
1800.0,Severe Storm(s),IL,Cook (County),Chicago,60634.0,68.0,24.0,44.0,0.0,65.0,47.0,97305.41,64.0,46.0,90578.74,43.0,6.0,6726.67,b6dd812587bd7055c3985fa7d5ae1ca1,2014-11-23T02:44:41 +00:00,2008-10-03T18:30:00 +00:00,SEVERE STORMS AND FLOODING,2008-09-13 08:00:00,2008-10-05T00:00:00 +00:00
1800.0,Severe Storm(s),IL,Cook (County),Chicago,60645.0,36.0,14.0,22.0,0.0,36.0,23.0,45484.37,36.0,23.0,43949.4,23.0,3.0,1534.97,29318b8e2fb0d66aeaee4e1abcda1b10,2014-11-23T02:44:41 +00:00,2008-10-03T18:30:00 +00:00,SEVERE STORMS AND FLOODING,2008-09-13 08:00:00,2008-10-05T00:00:00 +00:00
1800.0,Severe Storm(s),IL,Cook (County),Chicago,60659.0,47.0,30.0,17.0,0.0,45.0,26.0,79149.77,44.0,26.0,77985.22,30.0,3.0,1164.55,dfe343817d924db058b23c16a7d6a0cf,2014-11-23T02:44:41 +00:00,2008-10-03T18:30:00 +00:00,SEVERE STORMS AND FLOODING,2008-09-13 08:00:00,2008-10-05T00:00:00 +00:00
1800.0,Severe Storm(s),IL,Cook (County),Chicago,60615.0,1.0,0.0,1.0,0.0,0.0,0.0,0.0,0.0,0.0,0.0,0.0,0.0,0.0,3a8beda529c85b7096d67511c11e7e3a,2014-11-23T02:44:41 +00:00,2008-10-03T18:30:00 +00:00,SEVERE STORMS AND FLOODING,2008-09-13 08:00:00,2008-10-05T00:00:00 +00:00
1800.0,Severe Storm(s),IL,Cook (County),Chicago,60624.0,1.0,0.0,1.0,0.0,1.0,0.0,0.0,1.0,0.0,0.0,1.0,0.0,0.0,7790d695bc7eb6fca0ce76068ffc6c9e,2014-11-23T02:44:41 +00:00,2008-10-03T18:30:00 +00:00,SEVERE STORMS AND FLOODING,2008-09-13 08:00:00,2008-10-05T00:00:00 +00:00
1800.0,Severe Storm(s),IL,Cook (County),Chicago,60614.0,3.0,2.0,1.0,0.0,3.0,2.0,5041.84,3.0,1.0,4791.85,2.0,2.0,249.99,5ed2c0612d6a0cee4bb50bc749fbd0d7,2014-11-23T02:44:41 +00:00,2008-10-03T18:30:00 +00:00,SEVERE STORMS AND FLOODING,2008-09-13 08:00:00,2008-10-05T00:00:00 +00:00
1800.0,Severe Storm(s),IL,Cook (County),Chicago,60624.0,263.0,141.0,122.0,0.0,246.0,95.0,212295.65,239.0,78.0,169909.56,177.0,32.0,42386.09,e461ba938990e6eed0ed4f199343716f,2014-11-23T02:44:41 +00:00,2008-10-03T18:30:00 +00:00,SEVERE STORMS AND FLOODING,2008-09-13 08:00:00,2008-10-05T00:00:00 +00:00
1800.0,Severe Storm(s),IL,Cook (County),Chicago,60636.0,916.0,603.0,313.0,0.0,883.0,467.0,998756.37,866.0,408.0,840743.97,655.0,177.0,158012.4,a7382ac6727d1684e69ba2382fdf34fc,2014-11-23T02:44:41 +00:00,2008-10-03T18:30:00 +00:00,SEVERE STORMS AND FLOODING,2008-09-13 08:00:00,2008-10-05T00:00:00 +00:00
1800.0,Severe Storm(s),IL,Cook (County),Chicago,60646.0,65.0,21.0,44.0,0.0,61.0,42.0,89338.56,59.0,42.0,86621.31,37.0,8.0,2717.25,c35ef2ab81841b90ffc90b47e50afef5,2014-11-23T02:44:41 +00:00,2008-10-03T18:30:00 +00:00,SEVERE STORMS AND FLOODING,2008-09-13 08:00:00,2008-10-05T00:00:00 +00:00
1800.0,Severe Storm(s),IL,Cook (County),Chicago,60660.0,6.0,2.0,4.0,0.0,6.0,4.0,17034.08,6.0,4.0,17034.08,5.0,0.0,0.0,76852e4d89e807764fc8d51bf19a3a4c,2014-11-23T02:44:41 +00:00,2008-10-03T18:30:00 +00:00,SEVERE STORMS AND FLOODING,2008-09-13 08:00:00,2008-10-05T00:00:00 +00:00
1800.0,Severe Storm(s),IL,Cook (County),Chicago,60477.0,1.0,0.0,1.0,0.0,0.0,0.0,0.0,0.0,0.0,0.0,0.0,0.0,0.0,fce4269d3f06625accfa089464160f02,2014-11-23T02:44:41 +00:00,2008-10-03T18:30:00 +00:00,SEVERE STORMS AND FLOODING,2008-09-13 08:00:00,2008-10-05T00:00:00 +00:00
1800.0,Severe Storm(s),IL,Cook (County),Chicago,60615.0,85.0,52.0,33.0,0.0,83.0,49.0,162604.71,82.0,40.0,149510.27,53.0,16.0,13094.44,37b21c43b75f6ed92118e8408cacb48a,2014-11-23T02:44:41 +00:00,2008-10-03T18:30:00 +00:00,SEVERE STORMS AND FLOODING,2008-09-13 08:00:00,2008-10-05T00:00:00 +00:00
1800.0,Severe Storm(s),IL,Cook (County),Chicago,60625.0,276.0,118.0,158.0,0.0,244.0,191.0,1317810.74,234.0,183.0,1158189.9,170.0,77.0,159620.84,a96d2dcf8b9fa04c85eed371131e739d,2014-11-23T02:44:41 +00:00,2008-10-03T18:30:00 +00:00,SEVERE STORMS AND FLOODING,2008-09-13 08:00:00,2008-10-05T00:00:00 +00:00
1800.0,Severe Storm(s),IL,Cook (County),Chicago,60637.0,395.0,233.0,162.0,0.0,367.0,182.0,392215.79,352.0,154.0,320951.26,263.0,61.0,71264.53,0f3ce71c04d38a7756d965eebe70bc00,2014-11-23T02:44:41 +00:00,2008-10-03T18:30:00 +00:00,SEVERE STORMS AND FLOODING,2008-09-13 08:00:00,2008-10-05T00:00:00 +00:00
1800.0,Severe Storm(s),IL,Cook (County),Chicago,60647.0,26.0,16.0,10.0,0.0,25.0,13.0,19514.72,20.0,9.0,16477.32,21.0,6.0,3037.4,75e80163de2c2f0996eab857a9735ae5,2014-11-23T02:44:41 +00:00,2008-10-03T18:30:00 +00:00,SEVERE STORMS AND FLOODING,2008-09-13 08:00:00,2008-10-05T00:00:00 +00:00
1800.0,Severe Storm(s),IL,Cook (County),Chicago,60686.0,1.0,1.0,0.0,0.0,1.0,0.0,0.0,1.0,0.0,0.0,1.0,0.0,0.0,50daeadde2f65a212a0abe4a4d3bc15e,2014-11-23T02:44:41 +00:00,2008-10-03T18:30:00 +00:00,SEVERE STORMS AND FLOODING,2008-09-13 08:00:00,2008-10-05T00:00:00 +00:00
1800.0,Severe Storm(s),IL,Cook (County),Chicago,60479.0,1.0,0.0,1.0,0.0,1.0,1.0,1728.54,1.0,1.0,1728.54,1.0,0.0,0.0,3557a9d38aae3b3041587bc95cc13dc1,2014-11-23T02:44:41 +00:00,2008-10-03T18:30:00 +00:00,SEVERE STORMS AND FLOODING,2008-09-13 08:00:00,2008-10-05T00:00:00 +00:00
1800.0,Severe Storm(s),IL,Cook (County),Chicago,60616.0,17.0,10.0,7.0,0.0,14.0,6.0,13694.93,14.0,5.0,12479.96,9.0,3.0,1214.97,222e311bace42c444ffa43ee7a6e398f,2014-11-23T02:44:41 +00:00,2008-10-03T18:30:00 +00:00,SEVERE STORMS AND FLOODING,2008-09-13 08:00:00,2008-10-05T00:00:00 +00:00
1800.0,Severe Storm(s),IL,Cook (County),Chicago,60626.0,15.0,10.0,5.0,0.0,14.0,7.0,10271.16,13.0,7.0,9053.91,9.0,1.0,1217.25,992a3c0a8930dedea617b8ad6082d5ff,2014-11-23T02:44:41 +00:00,2008-10-03T18:30:00 +00:00,SEVERE STORMS AND FLOODING,2008-09-13 08:00:00,2008-10-05T00:00:00 +00:00
1800.0,Severe Storm(s),IL,Cook (County),Chicago,60638.0,72.0,51.0,21.0,0.0,69.0,42.0,115292.27,67.0,36.0,107613.09,46.0,14.0,7679.18,77c436c99cbb159a959777e0069938ab,2014-11-23T02:44:41 +00:00,2008-10-03T18:30:00 +00:00,SEVERE STORMS AND FLOODING,2008-09-13 08:00:00,2008-10-05T00:00:00 +00:00
1800.0,Severe Storm(s),IL,Cook (County),Chicago,60649.0,758.0,465.0,293.0,0.0,714.0,449.0,987801.62,697.0,410.0,901963.83,456.0,101.0,85837.79,c423e0707e2820433e2b0a62d73552c4,2014-11-23T02:44:41 +00:00,2008-10-03T18:30:00 +00:00,SEVERE STORMS AND FLOODING,2008-09-13 08:00:00,2008-10-05T00:00:00 +00:00
1800.0,Severe Storm(s),IL,Cook (County),Chicago,60706.0,1.0,1.0,0.0,0.0,0.0,0.0,0.0,0.0,0.0,0.0,0.0,0.0,0.0,49e861219aee643602b9e087e9469380,2014-11-23T02:44:41 +00:00,2008-10-03T18:30:00 +00:00,SEVERE STORMS AND FLOODING,2008-09-13 08:00:00,2008-10-05T00:00:00 +00:00
1800.0,Severe Storm(s),IL,Cook (County),Chicago,60605.0,2.0,2.0,0.0,0.0,2.0,0.0,0.0,2.0,0.0,0.0,2.0,0.0,0.0,a679c6519a813277823041b54cb3973b,2014-11-23T02:44:42 +00:00,2008-10-03T18:30:00 +00:00,SEVERE STORMS AND FLOODING,2008-09-13 08:00:00,2008-10-05T00:00:00 +00:00
1800.0,Severe Storm(s),IL,Cook (County),Chicago,60617.0,2564.0,1.0,944.0,0.0,2478.0,1713.0,3132207.52,2448.0,1580.0,2782539.98,1606.0,426.0,349667.54,4cb9c671317e8423298fe4107765a721,2014-11-23T02:44:42 +00:00,2008-10-03T18:30:00 +00:00,SEVERE STORMS AND FLOODING,2008-09-13 08:00:00,2008-10-05T00:00:00 +00:00
1800.0,Severe Storm(s),IL,Cook (County),Chicago,60628.0,2373.0,1.0,841.0,0.0,2274.0,1258.0,2126768.24,2222.0,1107.0,1881646.56,1584.0,371.0,245121.68,3ada400b8a330f94121df5277276ba8d,2014-11-23T02:44:42 +00:00,2008-10-03T18:30:00 +00:00,SEVERE STORMS AND FLOODING,2008-09-13 08:00:00,2008-10-05T00:00:00 +00:00
1800.0,Severe Storm(s),IL,Cook (County),Chicago,60639.0,178.0,104.0,74.0,0.0,167.0,91.0,203433.07,163.0,77.0,161275.6,118.0,36.0,42157.47,ec3df302e21a858288a4ef52cacd648f,2014-11-23T02:44:42 +00:00,2008-10-03T18:30:00 +00:00,SEVERE STORMS AND FLOODING,2008-09-13 08:00:00,2008-10-05T00:00:00 +00:00
1800.0,Severe Storm(s),IL,Cook (County),Chicago,60651.0,484.0,305.0,179.0,0.0,463.0,291.0,562460.25,454.0,239.0,428949.15,326.0,111.0,133511.1,9122d8c0673760f5bc7e3b9a35f15095,2014-11-23T02:44:42 +00:00,2008-10-03T18:30:00 +00:00,SEVERE STORMS AND FLOODING,2008-09-13 08:00:00,2008-10-05T00:00:00 +00:00
1800.0,Severe Storm(s),IL,Cook (County),Chicago,60707.0,62.0,32.0,30.0,0.0,60.0,19.0,24257.14,59.0,18.0,20081.26,40.0,1.0,4175.88,fcff33b5038e1271f83a92dcb6c8dcbe,2014-11-23T02:44:42 +00:00,2008-10-03T18:30:00 +00:00,SEVERE STORMS AND FLOODING,2008-09-13 08:00:00,2008-10-05T00:00:00 +00:00
1800.0,Severe Storm(s),IL,Cook (County),Chicago,60607.0,6.0,5.0,1.0,0.0,5.0,3.0,7707.36,5.0,3.0,7707.36,3.0,0.0,0.0,0b2cde7908f71dd10e51693a8859dff5,2014-11-23T02:44:42 +00:00,2008-10-03T18:30:00 +00:00,SEVERE STORMS AND FLOODING,2008-09-13 08:00:00,2008-10-05T00:00:00 +00:00
1800.0,Severe Storm(s),IL,Cook (County),Chicago,60618.0,12.0,7.0,5.0,0.0,11.0,5.0,11231.96,11.0,4.0,8200.99,8.0,2.0,3030.97,1f50edeec075e843f9f53b78268acff9,2014-11-23T02:44:42 +00:00,2008-10-03T18:30:00 +00:00,SEVERE STORMS AND FLOODING,2008-09-13 08:00:00,2008-10-05T00:00:00 +00:00
1800.0,Severe Storm(s),IL,Cook (County),Chicago,60629.0,424.0,253.0,171.0,0.0,400.0,201.0,389932.99,388.0,182.0,359697.04,273.0,50.0,30235.95,4fc721f3ba107640209cfc12b555bd76,2014-11-23T02:44:42 +00:00,2008-10-03T18:30:00 +00:00,SEVERE STORMS AND FLOODING,2008-09-13 08:00:00,2008-10-05T00:00:00 +00:00
1800.0,Severe Storm(s),IL,Cook (County),Chicago,60640.0,5.0,4.0,1.0,0.0,5.0,1.0,3817.14,5.0,1.0,2008.0,3.0,1.0,1809.14,431dd3fcf7b944ff9f9e8c1cf58beb1f,2014-11-23T02:44:42 +00:00,2008-10-03T18:30:00 +00:00,SEVERE STORMS AND FLOODING,2008-09-13 08:00:00,2008-10-05T00:00:00 +00:00
1800.0,Severe Storm(s),IL,Cook (County),Chicago,60652.0,600.0,305.0,295.0,0.0,573.0,299.0,432447.9,562.0,283.0,404136.03,347.0,50.0,28311.87,7d02f7c6eb1c22436f614789a2c2c02e,2014-11-23T02:44:42 +00:00,2008-10-03T18:30:00 +00:00,SEVERE STORMS AND FLOODING,2008-09-13 08:00:00,2008-10-05T00:00:00 +00:00
1800.0,Severe Storm(s),IL,Cook (County),Chicago,60827.0,132.0,104.0,28.0,0.0,109.0,28.0,35446.29,92.0,20.0,30946.57,82.0,10.0,4499.72,274e768e2325b857c5adcb11d5807d91,2014-11-23T02:44:42 +00:00,2008-10-03T18:30:00 +00:00,SEVERE STORMS AND FLOODING,2008-09-13 08:00:00,2008-10-05T00:00:00 +00:00
1800.0,Severe Storm(s),IL,Cook (County),Chicago,60608.0,18.0,10.0,8.0,0.0,16.0,10.0,39477.65,16.0,10.0,32361.55,9.0,3.0,7116.1,55ec8e774576f59f0c21983e7d275370,2014-11-23T02:44:42 +00:00,2008-10-03T18:30:00 +00:00,SEVERE STORMS AND FLOODING,2008-09-13 08:00:00,2008-10-05T00:00:00 +00:00
1800.0,Severe Storm(s),IL,Cook (County),Chicago,60619.0,2342.0,1.0,951.0,0.0,2228.0,1518.0,3371991.82,2188.0,1378.0,3044166.83,1525.0,421.0,327824.99,93437ca7ae03b2ac7f9b7324fa09b141,2014-11-23T02:44:42 +00:00,2008-10-03T18:30:00 +00:00,SEVERE STORMS AND FLOODING,2008-09-13 08:00:00,2008-10-05T00:00:00 +00:00
1800.0,Severe Storm(s),IL,Cook (County),Chicago,60630.0,54.0,16.0,38.0,0.0,52.0,37.0,87303.76,52.0,36.0,86578.79,34.0,3.0,724.97,ad6d1921866509dcf83e2bca3349b995,2014-11-23T02:44:42 +00:00,2008-10-03T18:30:00 +00:00,SEVERE STORMS AND FLOODING,2008-09-13 08:00:00,2008-10-05T00:00:00 +00:00
1800.0,Severe Storm(s),IL,Cook (County),Chicago,60641.0,25.0,14.0,11.0,0.0,22.0,11.0,25669.91,21.0,11.0,20978.18,13.0,2.0,4691.73,8a709abf232ecbc3ecc4022bd6a88ca1,2014-11-23T02:44:42 +00:00,2008-10-03T18:30:00 +00:00,SEVERE STORMS AND FLOODING,2008-09-13 08:00:00,2008-10-05T00:00:00 +00:00
1800.0,Severe Storm(s),IL,Cook (County),Chicago,60653.0,126.0,53.0,73.0,0.0,121.0,49.0,129909.96,119.0,45.0,109794.25,78.0,11.0,20115.71,2ef5026b4916e36d5a8d8cf26ee0b96e,2014-11-23T02:44:42 +00:00,2008-10-03T18:30:00 +00:00,SEVERE STORMS AND FLOODING,2008-09-13 08:00:00,2008-10-05T00:00:00 +00:00
1800.0,Severe Storm(s),IL,Cook (County),Chicago,60609.0,305.0,200.0,105.0,0.0,287.0,150.0,422354.69,279.0,128.0,349145.94,217.0,62.0,73208.75,6f4f92b32b3a4c3a9c21356f9a9453e4,2014-11-23T02:44:42 +00:00,2008-10-03T18:30:00 +00:00,SEVERE STORMS AND FLOODING,2008-09-13 08:00:00,2008-10-05T00:00:00 +00:00
1800.0,Severe Storm(s),IL,Cook (County),Chicago,60620.0,1619.0,931.0,688.0,0.0,1555.0,847.0,1734763.68,1514.0,767.0,1545270.97,1044.0,252.0,189492.71,5ea69eed103ddb8b8123618d1dca43a0,2014-11-23T02:44:42 +00:00,2008-10-03T18:30:00 +00:00,SEVERE STORMS AND FLOODING,2008-09-13 08:00:00,2008-10-05T00:00:00 +00:00
1800.0,Severe Storm(s),IL,Cook (County),Chicago,60631.0,286.0,80.0,206.0,0.0,276.0,223.0,493427.59,270.0,213.0,474310.16,201.0,46.0,19117.43,a72cc9f2795e29566b761e7c90addb6f,2014-11-23T02:44:42 +00:00,2008-10-03T18:30:00 +00:00,SEVERE STORMS AND FLOODING,2008-09-13 08:00:00,2008-10-05T00:00:00 +00:00
1800.0,Severe Storm(s),IL,Cook (County),Chicago,60642.0,3.0,2.0,1.0,0.0,3.0,0.0,0.0,3.0,0.0,0.0,2.0,0.0,0.0,b26c22dea01cfc2cc91221f8525ac6c2,2014-11-23T02:44:42 +00:00,2008-10-03T18:30:00 +00:00,SEVERE STORMS AND FLOODING,2008-09-13 08:00:00,2008-10-05T00:00:00 +00:00
1800.0,Severe Storm(s),IL,Cook (County),Chicago,60655.0,40.0,13.0,27.0,0.0,37.0,24.0,23206.29,36.0,24.0,23006.3,26.0,1.0,199.99,eba2fad55db2e475b2e2bece8361ebe5,2014-11-23T02:44:42 +00:00,2008-10-03T18:30:00 +00:00,SEVERE STORMS AND FLOODING,2008-09-13 08:00:00,2008-10-05T00:00:00 +00:00
1935.0,Severe Storm(s),IL,Cook (County),Chicago,60628.0,1.0,0.0,1.0,0.0,1.0,1.0,1836.86,1.0,1.0,1836.86,1.0,0.0,0.0,7021639eb3c5c2f697b06a7060200859,2014-11-23T02:46:28 +00:00,2010-08-19T14:00:00 +00:00,SEVERE STORMS AND FLOODING,2010-07-19 14:36:00,2010-08-07T11:00:00 +00:00
1935.0,Severe Storm(s),IL,Cook (County),Chicago,60620.0,3.0,0.0,3.0,0.0,3.0,3.0,5010.22,3.0,3.0,5010.22,3.0,0.0,0.0,e9c8d60c18d97f797626efd4e1a6c2e0,2014-11-23T02:46:28 +00:00,2010-08-19T14:00:00 +00:00,SEVERE STORMS AND FLOODING,2010-07-19 14:36:00,2010-08-07T11:00:00 +00:00
1935.0,Severe Storm(s),IL,Cook (County),Chicago,60616.0,213.0,108.0,105.0,0.0,194.0,127.0,312472.72,186.0,118.0,286976.35,135.0,35.0,25496.37,12dcb63fdf32b41688cfc52272348407,2014-11-23T02:46:28 +00:00,2010-08-19T14:00:00 +00:00,SEVERE STORMS AND FLOODING,2010-07-19 14:36:00,2010-08-07T11:00:00 +00:00
1935.0,Severe Storm(s),IL,Cook (County),Chicago,60620.0,1.0,0.0,1.0,0.0,1.0,1.0,2015.19,1.0,1.0,2015.19,1.0,0.0,0.0,1f2c48f74428e1b10b85cea078e7b2a7,2014-11-23T02:46:28 +00:00,2010-08-19T14:00:00 +00:00,SEVERE STORMS AND FLOODING,2010-07-19 14:36:00,2010-08-07T11:00:00 +00:00
1935.0,Severe Storm(s),IL,Cook (County),Chicago,60637.0,1482.0,1.0,456.0,8.0,1417.0,995.0,3817850.12,1366.0,759.0,3115296.19,1127.0,522.0,702553.93,66e7f008c0db13b80e57733786d9af83,2014-11-23T02:46:28 +00:00,2010-08-19T14:00:00 +00:00,SEVERE STORMS AND FLOODING,2010-07-19 14:36:00,2010-08-07T11:00:00 +00:00
1935.0,Severe Storm(s),IL,Cook (County),Chicago,60628.0,1.0,0.0,1.0,0.0,1.0,0.0,0.0,1.0,0.0,0.0,1.0,0.0,0.0,3b8e83ae3f3e1fdaf6ef49ba27d69f15,2014-11-23T02:46:28 +00:00,2010-08-19T14:00:00 +00:00,SEVERE STORMS AND FLOODING,2010-07-19 14:36:00,2010-08-07T11:00:00 +00:00
1935.0,Severe Storm(s),IL,Cook (County),Chicago,60626.0,31.0,19.0,12.0,0.0,28.0,16.0,109918.74,28.0,11.0,98477.25,22.0,6.0,11441.49,e1ca04b752fb03fd24319cc3accfcbdf,2014-11-23T02:46:28 +00:00,2010-08-19T14:00:00 +00:00,SEVERE STORMS AND FLOODING,2010-07-19 14:36:00,2010-08-07T11:00:00 +00:00
1935.0,Severe Storm(s),IL,Cook (County),Chicago,60104.0,2.0,0.0,2.0,0.0,2.0,2.0,4952.59,1.0,1.0,4372.59,2.0,1.0,580.0,b8af57e9a766e8be4280ea0ec0c3a174,2014-11-23T02:46:28 +00:00,2010-08-19T14:00:00 +00:00,SEVERE STORMS AND FLOODING,2010-07-19 14:36:00,2010-08-07T11:00:00 +00:00
1935.0,Severe Storm(s),IL,Cook (County),Chicago,60606.0,2.0,2.0,0.0,0.0,1.0,1.0,2828.77,1.0,1.0,2828.77,0.0,0.0,0.0,db16c9af1868f270411f392710f895c4,2014-11-23T02:46:28 +00:00,2010-08-19T14:00:00 +00:00,SEVERE STORMS AND FLOODING,2010-07-19 14:36:00,2010-08-07T11:00:00 +00:00
1935.0,Severe Storm(s),IL,Cook (County),Chicago,60617.0,1.0,0.0,1.0,0.0,1.0,1.0,170.46,1.0,1.0,170.46,1.0,0.0,0.0,88a6748178fdbbb22f616b4e72556989,2014-11-23T02:46:28 +00:00,2010-08-19T14:00:00 +00:00,SEVERE STORMS AND FLOODING,2010-07-19 14:36:00,2010-08-07T11:00:00 +00:00
1935.0,Severe Storm(s),IL,Cook (County),Chicago,60621.0,2.0,0.0,2.0,0.0,2.0,2.0,1631.47,2.0,1.0,399.0,2.0,1.0,1232.47,608245051e9ed0debd3eb1c6c77bff60,2014-11-23T02:46:28 +00:00,2010-08-19T14:00:00 +00:00,SEVERE STORMS AND FLOODING,2010-07-19 14:36:00,2010-08-07T11:00:00 +00:00
1935.0,Severe Storm(s),IL,Cook (County),Chicago,60617.0,1.0,0.0,1.0,0.0,1.0,1.0,459.0,1.0,0.0,0.0,1.0,1.0,459.0,af1637d1e646d071313201dc847f5b8e,2014-11-23T02:46:28 +00:00,2010-08-19T14:00:00 +00:00,SEVERE STORMS AND FLOODING,2010-07-19 14:36:00,2010-08-07T11:00:00 +00:00
1935.0,Severe Storm(s),IL,Cook (County),Chicago,60628.0,1.0,0.0,1.0,0.0,1.0,1.0,1535.97,1.0,1.0,1535.97,1.0,0.0,0.0,3b5b90061aa7c1ee0d41a2f6a7472fdf,2014-11-23T02:46:28 +00:00,2010-08-19T14:00:00 +00:00,SEVERE STORMS AND FLOODING,2010-07-19 14:36:00,2010-08-07T11:00:00 +00:00
1935.0,Severe Storm(s),IL,Cook (County),Chicago,60131.0,1.0,0.0,1.0,0.0,0.0,0.0,0.0,0.0,0.0,0.0,0.0,0.0,0.0,a37303d2a9f7680dfeac6dcffa028727,2014-11-23T02:46:28 +00:00,2010-08-19T14:00:00 +00:00,SEVERE STORMS AND FLOODING,2010-07-19 14:36:00,2010-08-07T11:00:00 +00:00
1935.0,Severe Storm(s),IL,Cook (County),Chicago,60607.0,270.0,115.0,154.0,1.0,197.0,87.0,157175.66,182.0,85.0,151485.72,79.0,4.0,5689.94,b8e0da9af758ef553e2bc57b48dfd9e6,2014-11-23T02:46:28 +00:00,2010-08-19T14:00:00 +00:00,SEVERE STORMS AND FLOODING,2010-07-19 14:36:00,2010-08-07T11:00:00 +00:00
1935.0,Severe Storm(s),IL,Cook (County),Chicago,60617.0,5878.0,3.0,1.0,21.0,5693.0,4470.0,11633547.92,5595.0,4038.0,10576844.2,3969.0,1461.0,1056703.72,385b85f73eede73e653ec17375732dcd,2014-11-23T02:46:28 +00:00,2010-08-19T14:00:00 +00:00,SEVERE STORMS AND FLOODING,2010-07-19 14:36:00,2010-08-07T11:00:00 +00:00
1935.0,Severe Storm(s),IL,Cook (County),Chicago,60627.0,1.0,1.0,0.0,0.0,1.0,0.0,0.0,1.0,0.0,0.0,1.0,0.0,0.0,ccc7f7a9204927f1ebe9ab059829acbd,2014-11-23T02:46:28 +00:00,2010-08-19T14:00:00 +00:00,SEVERE STORMS AND FLOODING,2010-07-19 14:36:00,2010-08-07T11:00:00 +00:00
1935.0,Severe Storm(s),IL,Cook (County),Chicago,60638.0,2823.0,1.0,1.0,11.0,2743.0,2317.0,5871160.02,2719.0,2200.0,5381932.18,1814.0,596.0,489227.84,6707fff6132de07c768d4076d9377ad5,2014-11-23T02:46:28 +00:00,2010-08-19T14:00:00 +00:00,SEVERE STORMS AND FLOODING,2010-07-19 14:36:00,2010-08-07T11:00:00 +00:00
1935.0,Severe Storm(s),IL,Cook (County),Chicago,60612.0,1.0,0.0,1.0,0.0,1.0,1.0,2266.48,1.0,0.0,0.0,1.0,1.0,2266.48,406be9c22e0d959e040fbda56de41b43,2014-11-23T02:46:28 +00:00,2010-08-19T14:00:00 +00:00,SEVERE STORMS AND FLOODING,2010-07-19 14:36:00,2010-08-07T11:00:00 +00:00
1935.0,Severe Storm(s),IL,Cook (County),Chicago,60628.0,1.0,0.0,1.0,0.0,1.0,1.0,1887.94,1.0,1.0,1887.94,1.0,0.0,0.0,91a3859f823b4fabe28b92cd1f22e7a3,2014-11-23T02:46:28 +00:00,2010-08-19T14:00:00 +00:00,SEVERE STORMS AND FLOODING,2010-07-19 14:36:00,2010-08-07T11:00:00 +00:00
1935.0,Severe Storm(s),IL,Cook (County),Chicago,60620.0,1.0,0.0,1.0,0.0,1.0,1.0,6458.16,1.0,1.0,5869.29,1.0,1.0,588.87,3634add076e9da1a640683b81800458e,2014-11-23T02:46:28 +00:00,2010-08-19T14:00:00 +00:00,SEVERE STORMS AND FLOODING,2010-07-19 14:36:00,2010-08-07T11:00:00 +00:00
1935.0,Severe Storm(s),IL,Cook (County),Chicago,60643.0,1.0,0.0,1.0,0.0,1.0,1.0,502.82,1.0,1.0,502.82,1.0,0.0,0.0,f0dfe0606e40907ce5f3027e0b3207d4,2014-11-23T02:46:28 +00:00,2010-08-19T14:00:00 +00:00,SEVERE STORMS AND FLOODING,2010-07-19 14:36:00,2010-08-07T11:00:00 +00:00
1935.0,Severe Storm(s),IL,Cook (County),Chicago,60290.0,2.0,2.0,0.0,0.0,2.0,1.0,3504.96,2.0,1.0,3504.96,0.0,0.0,0.0,b1f9975f98238ca76a9dc2c7e938adb0,2014-11-23T02:46:28 +00:00,2010-08-19T14:00:00 +00:00,SEVERE STORMS AND FLOODING,2010-07-19 14:36:00,2010-08-07T11:00:00 +00:00
1935.0,Severe Storm(s),IL,Cook (County),Chicago,60609.0,2440.0,1.0,829.0,3.0,2300.0,1732.0,5787665.12,2240.0,1447.0,4700645.23,1801.0,851.0,1087019.89,c4b832bcdbe1d231256d7c1293c66eb1,2014-11-23T02:46:28 +00:00,2010-08-19T14:00:00 +00:00,SEVERE STORMS AND FLOODING,2010-07-19 14:36:00,2010-08-07T11:00:00 +00:00
1935.0,Severe Storm(s),IL,Cook (County),Chicago,60619.0,6819.0,4.0,2.0,14.0,6576.0,5371.0,16628206.05,6466.0,4821.0,14901411.06,4736.0,1975.0,1726794.99,050d9057cc59ae34566c7b5b354015c0,2014-11-23T02:46:28 +00:00,2010-08-19T14:00:00 +00:00,SEVERE STORMS AND FLOODING,2010-07-19 14:36:00,2010-08-07T11:00:00 +00:00
1935.0,Severe Storm(s),IL,Cook (County),Chicago,60629.0,8050.0,5.0,2.0,31.0,7768.0,6793.0,25523770.07,7658.0,6077.0,20694515.76,5841.0,3131.0,4829254.31,3423a19b316b102c2b7a529d89cb3553,2014-11-23T02:46:28 +00:00,2010-08-19T14:00:00 +00:00,SEVERE STORMS AND FLOODING,2010-07-19 14:36:00,2010-08-07T11:00:00 +00:00
1935.0,Severe Storm(s),IL,Cook (County),Chicago,60640.0,11.0,6.0,4.0,1.0,10.0,3.0,4878.85,10.0,1.0,3554.04,6.0,2.0,1324.81,362c89822bfc2775e20809f4889c1244,2014-11-23T02:46:28 +00:00,2010-08-19T14:00:00 +00:00,SEVERE STORMS AND FLOODING,2010-07-19 14:36:00,2010-08-07T11:00:00 +00:00
1935.0,Severe Storm(s),IL,Cook (County),Chicago,60651.0,2.0,0.0,2.0,0.0,2.0,2.0,962.38,2.0,1.0,503.38,2.0,1.0,459.0,decd8a13ce95942141b02cff0ad1140b,2014-11-23T02:46:28 +00:00,2010-08-19T14:00:00 +00:00,SEVERE STORMS AND FLOODING,2010-07-19 14:36:00,2010-08-07T11:00:00 +00:00
1935.0,Severe Storm(s),IL,Cook (County),Chicago,60624.0,2.0,0.0,2.0,0.0,2.0,1.0,1806.0,2.0,1.0,1806.0,1.0,0.0,0.0,1f6f3559749377aac338f4d173ca68b2,2014-11-23T02:46:28 +00:00,2010-08-19T14:00:00 +00:00,SEVERE STORMS AND FLOODING,2010-07-19 14:36:00,2010-08-07T11:00:00 +00:00
1935.0,Severe Storm(s),IL,Cook (County),Chicago,60619.0,1.0,0.0,1.0,0.0,1.0,1.0,1168.7,1.0,1.0,1168.7,0.0,0.0,0.0,38913970764db1f189df58f8f3e26e9b,2014-11-23T02:46:28 +00:00,2010-08-19T14:00:00 +00:00,SEVERE STORMS AND FLOODING,2010-07-19 14:36:00,2010-08-07T11:00:00 +00:00
1935.0,Severe Storm(s),IL,Cook (County),Chicago,60155.0,1.0,0.0,1.0,0.0,1.0,0.0,0.0,0.0,0.0,0.0,1.0,0.0,0.0,4b30bd77d1bbc49616f845048648fde1,2014-11-23T02:46:28 +00:00,2010-08-19T14:00:00 +00:00,SEVERE STORMS AND FLOODING,2010-07-19 14:36:00,2010-08-07T11:00:00 +00:00
1935.0,Severe Storm(s),IL,Cook (County),Chicago,60618.0,488.0,263.0,220.0,5.0,456.0,363.0,1329713.77,445.0,320.0,990720.26,336.0,147.0,338993.51,01921dde23892914011ea824d1253fd6,2014-11-23T02:46:28 +00:00,2010-08-19T14:00:00 +00:00,SEVERE STORMS AND FLOODING,2010-07-19 14:36:00,2010-08-07T11:00:00 +00:00
1935.0,Severe Storm(s),IL,Cook (County),Chicago,60608.0,1130.0,695.0,433.0,1.0,1052.0,883.0,3220860.65,1026.0,790.0,2637656.58,780.0,384.0,583204.07,3b0c945bc83e6aa378b2b849228b5530,2014-11-23T02:46:28 +00:00,2010-08-19T14:00:00 +00:00,SEVERE STORMS AND FLOODING,2010-07-19 14:36:00,2010-08-07T11:00:00 +00:00
1935.0,Severe Storm(s),IL,Cook (County),Chicago,60628.0,7802.0,5.0,2.0,26.0,7604.0,5589.0,15409273.64,7450.0,4748.0,13625966.62,5798.0,2364.0,1783307.02,6102001d20fa0602d95cb1fb052bc55d,2014-11-23T02:46:28 +00:00,2010-08-19T14:00:00 +00:00,SEVERE STORMS AND FLOODING,2010-07-19 14:36:00,2010-08-07T11:00:00 +00:00
1935.0,Severe Storm(s),IL,Cook (County),Chicago,60638.0,1.0,0.0,1.0,0.0,1.0,0.0,0.0,1.0,0.0,0.0,1.0,0.0,0.0,8a9c2acbb42f7027d8272cee366aa2f4,2014-11-23T02:46:28 +00:00,2010-08-19T14:00:00 +00:00,SEVERE STORMS AND FLOODING,2010-07-19 14:36:00,2010-08-07T11:00:00 +00:00
1935.0,Severe Storm(s),IL,Cook (County),Chicago,60639.0,3773.0,2.0,1.0,12.0,3606.0,3004.0,11551133.6,3541.0,2588.0,8908550.61,2733.0,1453.0,2642582.99,042bcefa9763422a0b0ced20662b3a24,2014-11-23T02:46:28 +00:00,2010-08-19T14:00:00 +00:00,SEVERE STORMS AND FLOODING,2010-07-19 14:36:00,2010-08-07T11:00:00 +00:00
1935.0,Severe Storm(s),IL,Cook (County),Chicago,60638.0,1.0,0.0,1.0,0.0,1.0,1.0,1120.82,1.0,1.0,1120.82,0.0,0.0,0.0,7f3c87f143e46f7939e29607d8a33eb1,2014-11-23T02:46:28 +00:00,2010-08-19T14:00:00 +00:00,SEVERE STORMS AND FLOODING,2010-07-19 14:36:00,2010-08-07T11:00:00 +00:00
1935.0,Severe Storm(s),IL,Cook (County),Chicago,60630.0,1.0,0.0,1.0,0.0,1.0,1.0,1384.03,1.0,1.0,1384.03,1.0,0.0,0.0,51b14b06dbe8f182045e341b9bcfc4d3,2014-11-23T02:46:28 +00:00,2010-08-19T14:00:00 +00:00,SEVERE STORMS AND FLOODING,2010-07-19 14:36:00,2010-08-07T11:00:00 +00:00
1935.0,Severe Storm(s),IL,Cook (County),Chicago,60637.0,1.0,0.0,1.0,0.0,1.0,0.0,0.0,1.0,0.0,0.0,1.0,0.0,0.0,324b64e0c9c1ede97c0bb934b5583b81,2014-11-23T02:46:28 +00:00,2010-08-19T14:00:00 +00:00,SEVERE STORMS AND FLOODING,2010-07-19 14:36:00,2010-08-07T11:00:00 +00:00
1935.0,Severe Storm(s),IL,Cook (County),Chicago,60652.0,1.0,0.0,1.0,0.0,1.0,1.0,2220.38,1.0,1.0,2220.38,0.0,0.0,0.0,061aa1bdd99d109bd730e95a30b785d2,2014-11-23T02:46:28 +00:00,2010-08-19T14:00:00 +00:00,SEVERE STORMS AND FLOODING,2010-07-19 14:36:00,2010-08-07T11:00:00 +00:00
1935.0,Severe Storm(s),IL,Cook (County),Chicago,60411.0,2.0,0.0,2.0,0.0,2.0,0.0,0.0,2.0,0.0,0.0,1.0,0.0,0.0,264e3f52c35d09058fedead4e8425e05,2014-11-23T02:46:28 +00:00,2010-08-19T14:00:00 +00:00,SEVERE STORMS AND FLOODING,2010-07-19 14:36:00,2010-08-07T11:00:00 +00:00
1935.0,Severe Storm(s),IL,Cook (County),Chicago,60610.0,14.0,10.0,4.0,0.0,13.0,6.0,30812.72,12.0,3.0,22761.02,13.0,4.0,8051.7,651c83b1d65a6d7b83ecec31c9d9862a,2014-11-23T02:46:28 +00:00,2010-08-19T14:00:00 +00:00,SEVERE STORMS AND FLOODING,2010-07-19 14:36:00,2010-08-07T11:00:00 +00:00
1935.0,Severe Storm(s),IL,Cook (County),Chicago,60620.0,7432.0,5.0,2.0,20.0,7246.0,5703.0,14783616.67,7094.0,4855.0,13142994.62,5226.0,2251.0,1640622.05,b8c4003c6d244c0463b8d6222a1f04fd,2014-11-23T02:46:28 +00:00,2010-08-19T14:00:00 +00:00,SEVERE STORMS AND FLOODING,2010-07-19 14:36:00,2010-08-07T11:00:00 +00:00
1935.0,Severe Storm(s),IL,Cook (County),Chicago,60630.0,109.0,42.0,66.0,0.0,108.0,72.0,201024.85,104.0,71.0,188081.47,74.0,15.0,12943.38,695c10304419dac47e27507c1a5c93e3,2014-11-23T02:46:28 +00:00,2010-08-19T14:00:00 +00:00,SEVERE STORMS AND FLOODING,2010-07-19 14:36:00,2010-08-07T11:00:00 +00:00
1935.0,Severe Storm(s),IL,Cook (County),Chicago,60639.0,1.0,0.0,1.0,0.0,1.0,0.0,0.0,1.0,0.0,0.0,1.0,0.0,0.0,b0817f51ffb5cf5151b0379837eb88d0,2014-11-23T02:46:28 +00:00,2010-08-19T14:00:00 +00:00,SEVERE STORMS AND FLOODING,2010-07-19 14:36:00,2010-08-07T11:00:00 +00:00
1935.0,Severe Storm(s),IL,Cook (County),Chicago,60632.0,1.0,0.0,1.0,0.0,1.0,1.0,3024.37,1.0,1.0,3024.37,1.0,0.0,0.0,37fb96c0824a0b68db39c7e0a9ed6095,2014-11-23T02:46:28 +00:00,2010-08-19T14:00:00 +00:00,SEVERE STORMS AND FLOODING,2010-07-19 14:36:00,2010-08-07T11:00:00 +00:00
1935.0,Severe Storm(s),IL,Cook (County),Chicago,60638.0,1.0,0.0,1.0,0.0,1.0,1.0,412.3,1.0,1.0,412.3,1.0,0.0,0.0,734e5fa2d98ef3664e214c5454c1b7b3,2014-11-23T02:46:28 +00:00,2010-08-19T14:00:00 +00:00,SEVERE STORMS AND FLOODING,2010-07-19 14:36:00,2010-08-07T11:00:00 +00:00
1935.0,Severe Storm(s),IL,Cook (County),Chicago,60641.0,1.0,0.0,1.0,0.0,1.0,0.0,0.0,1.0,0.0,0.0,0.0,0.0,0.0,ccdb0d93db0cde820e451ec179726fc5,2014-11-23T02:46:28 +00:00,2010-08-19T14:00:00 +00:00,SEVERE STORMS AND FLOODING,2010-07-19 14:36:00,2010-08-07T11:00:00 +00:00
1935.0,Severe Storm(s),IL,Cook (County),Chicago,60443.0,1.0,0.0,1.0,0.0,0.0,0.0,0.0,0.0,0.0,0.0,0.0,0.0,0.0,e8531963eeaf624ecb9fcee6c0234f0a,2014-11-23T02:46:28 +00:00,2010-08-19T14:00:00 +00:00,SEVERE STORMS AND FLOODING,2010-07-19 14:36:00,2010-08-07T11:00:00 +00:00
1935.0,Severe Storm(s),IL,Cook (County),Chicago,60611.0,1.0,1.0,0.0,0.0,1.0,1.0,1398.35,1.0,1.0,1398.35,0.0,0.0,0.0,45d1778db983a3b3877e1b023b8c3b60,2014-11-23T02:46:28 +00:00,2010-08-19T14:00:00 +00:00,SEVERE STORMS AND FLOODING,2010-07-19 14:36:00,2010-08-07T11:00:00 +00:00
1935.0,Severe Storm(s),IL,Cook (County),Chicago,60621.0,2286.0,1.0,604.0,6.0,2215.0,1507.0,4856881.46,2144.0,1070.0,3928556.71,1826.0,849.0,928324.75,b2f727d5814a577c761330c7faa802a0,2014-11-23T02:46:28 +00:00,2010-08-19T14:00:00 +00:00,SEVERE STORMS AND FLOODING,2010-07-19 14:36:00,2010-08-07T11:00:00 +00:00
1935.0,Severe Storm(s),IL,Cook (County),Chicago,60631.0,75.0,25.0,50.0,0.0,75.0,65.0,105879.13,73.0,63.0,102070.13,49.0,5.0,3809.0,59e9ecc44a3f81eb14b146fd639bf9c4,2014-11-23T02:46:28 +00:00,2010-08-19T14:00:00 +00:00,SEVERE STORMS AND FLOODING,2010-07-19 14:36:00,2010-08-07T11:00:00 +00:00
1935.0,Severe Storm(s),IL,Cook (County),Chicago,60609.0,1.0,0.0,1.0,0.0,1.0,0.0,0.0,1.0,0.0,0.0,1.0,0.0,0.0,3e852929601b7275c9aa3c3744584af5,2014-11-23T02:46:28 +00:00,2010-08-19T14:00:00 +00:00,SEVERE STORMS AND FLOODING,2010-07-19 14:36:00,2010-08-07T11:00:00 +00:00
1935.0,Severe Storm(s),IL,Cook (County),Chicago,60651.0,2.0,0.0,2.0,0.0,2.0,2.0,1525.63,2.0,1.0,866.71,2.0,2.0,658.92,f9fb8444e8a7f80e860833fedcc1092b,2014-11-23T02:46:28 +00:00,2010-08-19T14:00:00 +00:00,SEVERE STORMS AND FLOODING,2010-07-19 14:36:00,2010-08-07T11:00:00 +00:00
1935.0,Severe Storm(s),IL,Cook (County),Chicago,60629.0,1.0,0.0,1.0,0.0,1.0,0.0,0.0,1.0,0.0,0.0,1.0,0.0,0.0,c0cace8f7a13c85f9c0f7fe7680f6147,2014-11-23T02:46:28 +00:00,2010-08-19T14:00:00 +00:00,SEVERE STORMS AND FLOODING,2010-07-19 14:36:00,2010-08-07T11:00:00 +00:00
1935.0,Severe Storm(s),IL,Cook (County),Chicago,60601.0,2.0,2.0,0.0,0.0,2.0,1.0,580.0,0.0,0.0,0.0,2.0,1.0,580.0,a67e45aef6f578504dfeaf001411da76,2014-11-23T02:46:28 +00:00,2010-08-19T14:00:00 +00:00,SEVERE STORMS AND FLOODING,2010-07-19 14:36:00,2010-08-07T11:00:00 +00:00
1935.0,Severe Storm(s),IL,Cook (County),Chicago,60613.0,7.0,3.0,4.0,0.0,6.0,3.0,20495.95,6.0,3.0,20495.95,2.0,0.0,0.0,3665e1f01341ad9950462ff156a48098,2014-11-23T02:46:28 +00:00,2010-08-19T14:00:00 +00:00,SEVERE STORMS AND FLOODING,2010-07-19 14:36:00,2010-08-07T11:00:00 +00:00
1935.0,Severe Storm(s),IL,Cook (County),Chicago,60651.0,1.0,0.0,1.0,0.0,1.0,0.0,0.0,1.0,0.0,0.0,0.0,0.0,0.0,482bffa7dffbaa12b7b53b8c68a0d99e,2014-11-23T02:46:28 +00:00,2010-08-19T14:00:00 +00:00,SEVERE STORMS AND FLOODING,2010-07-19 14:36:00,2010-08-07T11:00:00 +00:00
1935.0,Severe Storm(s),IL,Cook (County),Chicago,60623.0,3683.0,2.0,1.0,11.0,3470.0,2637.0,10748494.19,3386.0,2205.0,8152577.94,2720.0,1433.0,2595916.25,1a2a3d33ae040d565df5af5891433047,2014-11-23T02:46:28 +00:00,2010-08-19T14:00:00 +00:00,SEVERE STORMS AND FLOODING,2010-07-19 14:36:00,2010-08-07T11:00:00 +00:00
1935.0,Severe Storm(s),IL,Cook (County),Chicago,60633.0,169.0,103.0,66.0,0.0,160.0,111.0,272094.66,157.0,97.0,248247.75,126.0,37.0,23846.91,390876716f5caae335822f1f118c7b0e,2014-11-23T02:46:28 +00:00,2010-08-19T14:00:00 +00:00,SEVERE STORMS AND FLOODING,2010-07-19 14:36:00,2010-08-07T11:00:00 +00:00
1935.0,Severe Storm(s),IL,Cook (County),Chicago,60651.0,1.0,0.0,1.0,0.0,1.0,1.0,2860.34,1.0,1.0,1785.11,1.0,1.0,1075.23,5ece68170dcd827ed512f338a3c17ecf,2014-11-23T02:46:28 +00:00,2010-08-19T14:00:00 +00:00,SEVERE STORMS AND FLOODING,2010-07-19 14:36:00,2010-08-07T11:00:00 +00:00
1935.0,Severe Storm(s),IL,Cook (County),Chicago,60643.0,3.0,0.0,3.0,0.0,3.0,1.0,2753.08,3.0,1.0,2136.83,2.0,1.0,616.25,e3f6c41211fc73f82909990cfc4c038a,2014-11-23T02:46:28 +00:00,2010-08-19T14:00:00 +00:00,SEVERE STORMS AND FLOODING,2010-07-19 14:36:00,2010-08-07T11:00:00 +00:00
1935.0,Severe Storm(s),IL,Cook (County),Chicago,60619.0,1.0,0.0,1.0,0.0,0.0,0.0,0.0,0.0,0.0,0.0,0.0,0.0,0.0,f4f88756b48445586d0b0bfec2abeb18,2014-11-23T02:46:28 +00:00,2010-08-19T14:00:00 +00:00,SEVERE STORMS AND FLOODING,2010-07-19 14:36:00,2010-08-07T11:00:00 +00:00
1935.0,Severe Storm(s),IL,Cook (County),Chicago,60643.0,2.0,0.0,2.0,0.0,2.0,2.0,3347.11,2.0,2.0,3347.11,2.0,0.0,0.0,31597c98db3c0b924d251d2b591e44ea,2014-11-23T02:46:28 +00:00,2010-08-19T14:00:00 +00:00,SEVERE STORMS AND FLOODING,2010-07-19 14:36:00,2010-08-07T11:00:00 +00:00
1935.0,Severe Storm(s),IL,Cook (County),Chicago,60468.0,1.0,0.0,1.0,0.0,0.0,0.0,0.0,0.0,0.0,0.0,0.0,0.0,0.0,f3f9bf6094ba7380d23fcfe85381474d,2014-11-23T02:46:28 +00:00,2010-08-19T14:00:00 +00:00,SEVERE STORMS AND FLOODING,2010-07-19 14:36:00,2010-08-07T11:00:00 +00:00
1935.0,Severe Storm(s),IL,Cook (County),Chicago,60612.0,932.0,635.0,294.0,3.0,878.0,592.0,2216389.49,845.0,418.0,1668542.38,738.0,365.0,547847.11,b68fb33b3404f9388290b7ea335bcbb9,2014-11-23T02:46:28 +00:00,2010-08-19T14:00:00 +00:00,SEVERE STORMS AND FLOODING,2010-07-19 14:36:00,2010-08-07T11:00:00 +00:00
1935.0,Severe Storm(s),IL,Cook (County),Chicago,60632.0,4664.0,3.0,1.0,13.0,4452.0,3989.0,16734654.16,4399.0,3654.0,13077155.25,3352.0,1928.0,3657498.91,b275458e0f78e772bcfc484562852ce8,2014-11-23T02:46:28 +00:00,2010-08-19T14:00:00 +00:00,SEVERE STORMS AND FLOODING,2010-07-19 14:36:00,2010-08-07T11:00:00 +00:00
1935.0,Severe Storm(s),IL,Cook (County),Chicago,60622.0,164.0,95.0,68.0,1.0,147.0,87.0,280952.39,144.0,58.0,214811.59,115.0,49.0,66140.8,db50f6fe8248fecf5f2d0cd99dfff382,2014-11-23T02:46:28 +00:00,2010-08-19T14:00:00 +00:00,SEVERE STORMS AND FLOODING,2010-07-19 14:36:00,2010-08-07T11:00:00 +00:00
1935.0,Severe Storm(s),IL,Cook (County),Chicago,60619.0,1.0,0.0,1.0,0.0,1.0,0.0,0.0,1.0,0.0,0.0,1.0,0.0,0.0,7866941c2b3502e462dafef044bdadcb,2014-11-23T02:46:29 +00:00,2010-08-19T14:00:00 +00:00,SEVERE STORMS AND FLOODING,2010-07-19 14:36:00,2010-08-07T11:00:00 +00:00
1935.0,Severe Storm(s),IL,Cook (County),Chicago,60020.0,1.0,0.0,1.0,0.0,1.0,1.0,1532.16,1.0,1.0,1532.16,1.0,0.0,0.0,b6ef82fabd8999d3a637b2ea8b23230e,2014-11-23T02:46:29 +00:00,2010-08-19T14:00:00 +00:00,SEVERE STORMS AND FLOODING,2010-07-19 14:36:00,2010-08-07T11:00:00 +00:00
1935.0,Severe Storm(s),IL,Cook (County),Chicago,60615.0,403.0,239.0,162.0,2.0,384.0,188.0,477919.96,369.0,146.0,412183.96,303.0,69.0,65736.0,9be1b882c66fc0cdfb2675e24554c798,2014-11-23T02:46:29 +00:00,2010-08-19T14:00:00 +00:00,SEVERE STORMS AND FLOODING,2010-07-19 14:36:00,2010-08-07T11:00:00 +00:00
1935.0,Severe Storm(s),IL,Cook (County),Chicago,60625.0,45.0,25.0,20.0,0.0,42.0,33.0,109598.35,39.0,30.0,89393.2,31.0,12.0,20205.15,8b85cab5910cbba53a304b13a405f043,2014-11-23T02:46:29 +00:00,2010-08-19T14:00:00 +00:00,SEVERE STORMS AND FLOODING,2010-07-19 14:36:00,2010-08-07T11:00:00 +00:00
1935.0,Severe Storm(s),IL,Cook (County),Chicago,60619.0,1.0,0.0,1.0,0.0,1.0,1.0,2339.63,1.0,1.0,2339.63,1.0,0.0,0.0,b46799567b03c4e6fd5c527fa5ef2d0f,2014-11-23T02:46:29 +00:00,2010-08-19T14:00:00 +00:00,SEVERE STORMS AND FLOODING,2010-07-19 14:36:00,2010-08-07T11:00:00 +00:00
1935.0,Severe Storm(s),IL,Cook (County),Chicago,60605.0,4.0,3.0,1.0,0.0,3.0,0.0,0.0,2.0,0.0,0.0,1.0,0.0,0.0,adc6887f7862568b73e3c27437f3d39a,2014-11-23T02:46:29 +00:00,2010-08-19T14:00:00 +00:00,SEVERE STORMS AND FLOODING,2010-07-19 14:36:00,2010-08-07T11:00:00 +00:00
1935.0,Severe Storm(s),IL,Cook (County),Chicago,60636.0,4792.0,3.0,1.0,17.0,4629.0,3500.0,11002316.68,4505.0,2761.0,9174627.86,3682.0,1910.0,1827688.82,dc0b65138e768506679a13e9384d882f,2014-11-23T02:46:29 +00:00,2010-08-19T14:00:00 +00:00,SEVERE STORMS AND FLOODING,2010-07-19 14:36:00,2010-08-07T11:00:00 +00:00
1935.0,Severe Storm(s),IL,Cook (County),Chicago,60617.0,4.0,0.0,4.0,0.0,4.0,3.0,7859.0,4.0,2.0,5944.1,3.0,2.0,1914.9,ebe610ec7cf31e8d0b4fa8b56c5f90c1,2014-11-23T02:46:29 +00:00,2010-08-19T14:00:00 +00:00,SEVERE STORMS AND FLOODING,2010-07-19 14:36:00,2010-08-07T11:00:00 +00:00
1935.0,Severe Storm(s),IL,Cook (County),Chicago,60628.0,1.0,0.0,1.0,0.0,1.0,1.0,7203.55,1.0,1.0,7203.55,1.0,0.0,0.0,d6f0b99518831de65b1e9feb82e5e70a,2014-11-23T02:46:29 +00:00,2010-08-19T14:00:00 +00:00,SEVERE STORMS AND FLOODING,2010-07-19 14:36:00,2010-08-07T11:00:00 +00:00
1935.0,Severe Storm(s),IL,Cook (County),Chicago,60649.0,1.0,0.0,1.0,0.0,1.0,0.0,0.0,1.0,0.0,0.0,1.0,0.0,0.0,a8a116cefa33f646c05b70d0e31ad13f,2014-11-23T02:46:29 +00:00,2010-08-19T14:00:00 +00:00,SEVERE STORMS AND FLOODING,2010-07-19 14:36:00,2010-08-07T11:00:00 +00:00
1935.0,Severe Storm(s),IL,Cook (County),Chicago,60604.0,2.0,0.0,2.0,0.0,2.0,2.0,4079.29,2.0,2.0,4079.29,2.0,0.0,0.0,ece11766c75efffc71a8d9aa529eaad1,2014-11-23T02:46:29 +00:00,2010-08-19T14:00:00 +00:00,SEVERE STORMS AND FLOODING,2010-07-19 14:36:00,2010-08-07T11:00:00 +00:00
1935.0,Severe Storm(s),IL,Cook (County),Chicago,60614.0,24.0,11.0,13.0,0.0,22.0,12.0,36930.75,20.0,12.0,34883.19,17.0,5.0,2047.56,62ea7c45b2a7906c9a7091599ca7c553,2014-11-23T02:46:29 +00:00,2010-08-19T14:00:00 +00:00,SEVERE STORMS AND FLOODING,2010-07-19 14:36:00,2010-08-07T11:00:00 +00:00
1935.0,Severe Storm(s),IL,Cook (County),Chicago,60624.0,2799.0,2.0,726.0,7.0,2655.0,1889.0,7565340.95,2553.0,1445.0,5678201.14,2157.0,1169.0,1887139.81,0329218713f71d8b424cd00b39bccfcc,2014-11-23T02:46:29 +00:00,2010-08-19T14:00:00 +00:00,SEVERE STORMS AND FLOODING,2010-07-19 14:36:00,2010-08-07T11:00:00 +00:00
1935.0,Severe Storm(s),IL,Cook (County),Chicago,60634.0,518.0,264.0,251.0,3.0,502.0,400.0,1144811.46,498.0,378.0,1008595.7,338.0,107.0,136215.76,bb576ae9f6b6380f4b19333a3a2d0757,2014-11-23T02:46:29 +00:00,2010-08-19T14:00:00 +00:00,SEVERE STORMS AND FLOODING,2010-07-19 14:36:00,2010-08-07T11:00:00 +00:00
1935.0,Severe Storm(s),IL,Cook (County),Chicago,60642.0,51.0,34.0,17.0,0.0,44.0,18.0,84161.18,40.0,15.0,69720.34,37.0,8.0,14440.84,6a49ddcc691d58584099f56f11d03681,2014-11-23T02:46:29 +00:00,2010-08-19T14:00:00 +00:00,SEVERE STORMS AND FLOODING,2010-07-19 14:36:00,2010-08-07T11:00:00 +00:00
1935.0,Severe Storm(s),IL,Cook (County),Chicago,60654.0,1.0,1.0,0.0,0.0,1.0,0.0,0.0,1.0,0.0,0.0,1.0,0.0,0.0,0c8be0a7fd80aaf2a782a7f514cce05e,2014-11-23T02:46:29 +00:00,2010-08-19T14:00:00 +00:00,SEVERE STORMS AND FLOODING,2010-07-19 14:36:00,2010-08-07T11:00:00 +00:00
1935.0,Severe Storm(s),IL,Cook (County),Chicago,60684.0,1.0,1.0,0.0,0.0,0.0,0.0,0.0,0.0,0.0,0.0,0.0,0.0,0.0,218ee65295127b7bd9119e0c1ae836e7,2014-11-23T02:46:29 +00:00,2010-08-19T14:00:00 +00:00,SEVERE STORMS AND FLOODING,2010-07-19 14:36:00,2010-08-07T11:00:00 +00:00
1935.0,Severe Storm(s),IL,Cook (County),Chicago,66039.0,1.0,0.0,1.0,0.0,1.0,1.0,3357.96,1.0,1.0,3357.96,1.0,0.0,0.0,2c9f3e2b6eb88551efb827c34258af74,2014-11-23T02:46:29 +00:00,2010-08-19T14:00:00 +00:00,SEVERE STORMS AND FLOODING,2010-07-19 14:36:00,2010-08-07T11:00:00 +00:00
1935.0,Severe Storm(s),IL,Cook (County),Chicago,60624.0,1.0,0.0,1.0,0.0,1.0,1.0,1156.55,1.0,0.0,0.0,1.0,1.0,1156.55,74980fa5cb7cd421a968befccf94fa01,2014-11-23T02:46:29 +00:00,2010-08-19T14:00:00 +00:00,SEVERE STORMS AND FLOODING,2010-07-19 14:36:00,2010-08-07T11:00:00 +00:00
1935.0,Severe Storm(s),IL,Cook (County),Chicago,60643.0,1.0,0.0,1.0,0.0,1.0,1.0,589.86,1.0,1.0,589.86,0.0,0.0,0.0,007109f400bf5d246fc2b981363eb437,2014-11-23T02:46:29 +00:00,2010-08-19T14:00:00 +00:00,SEVERE STORMS AND FLOODING,2010-07-19 14:36:00,2010-08-07T11:00:00 +00:00
1935.0,Severe Storm(s),IL,Cook (County),Chicago,60644.0,3571.0,2.0,969.0,8.0,3447.0,2710.0,10257860.82,3331.0,2130.0,7887613.82,2821.0,1613.0,2370247.0,e9fcd9c5f018f4679b37f7d1d99d648a,2014-11-23T02:46:29 +00:00,2010-08-19T14:00:00 +00:00,SEVERE STORMS AND FLOODING,2010-07-19 14:36:00,2010-08-07T11:00:00 +00:00
1935.0,Severe Storm(s),IL,Cook (County),Chicago,60693.0,1.0,1.0,0.0,0.0,1.0,1.0,1998.16,1.0,1.0,1998.16,0.0,0.0,0.0,77ee669c0e118f8422b612d6396a9162,2014-11-23T02:46:29 +00:00,2010-08-19T14:00:00 +00:00,SEVERE STORMS AND FLOODING,2010-07-19 14:36:00,2010-08-07T11:00:00 +00:00
1935.0,Severe Storm(s),IL,Cook (County),Chicago,60656.0,47.0,16.0,31.0,0.0,45.0,30.0,57866.99,43.0,30.0,57866.99,28.0,0.0,0.0,0b59f0f95b9a327064838699290f08de,2014-11-23T02:46:29 +00:00,2010-08-19T14:00:00 +00:00,SEVERE STORMS AND FLOODING,2010-07-19 14:36:00,2010-08-07T11:00:00 +00:00
1935.0,Severe Storm(s),IL,Cook (County),Chicago,60639.0,1.0,1.0,0.0,0.0,1.0,1.0,6082.63,1.0,0.0,0.0,1.0,1.0,6082.63,1a83c7cf1ea3823e37f176df180c30a8,2014-11-23T02:46:29 +00:00,2010-08-19T14:00:00 +00:00,SEVERE STORMS AND FLOODING,2010-07-19 14:36:00,2010-08-07T11:00:00 +00:00
1935.0,Severe Storm(s),IL,Cook (County),Chicago,60652.0,1.0,0.0,1.0,0.0,1.0,1.0,2124.12,1.0,1.0,1779.69,1.0,1.0,344.43,2fc88f22ff79cd8e7cf69de50887718d,2014-11-23T02:46:29 +00:00,2010-08-19T14:00:00 +00:00,SEVERE STORMS AND FLOODING,2010-07-19 14:36:00,2010-08-07T11:00:00 +00:00
1935.0,Severe Storm(s),IL,Cook (County),Chicago,60623.0,1.0,0.0,1.0,0.0,1.0,1.0,6903.83,1.0,1.0,5671.36,1.0,1.0,1232.47,a387c79345060b54ae27e5ababb82c2f,2014-11-23T02:46:29 +00:00,2010-08-19T14:00:00 +00:00,SEVERE STORMS AND FLOODING,2010-07-19 14:36:00,2010-08-07T11:00:00 +00:00
1935.0,Severe Storm(s),IL,Cook (County),Chicago,60646.0,51.0,19.0,31.0,1.0,50.0,43.0,99131.41,50.0,43.0,98013.44,33.0,2.0,1117.97,6714a4814c0725c4ad4eaf9f2f7a8e84,2014-11-23T02:46:29 +00:00,2010-08-19T14:00:00 +00:00,SEVERE STORMS AND FLOODING,2010-07-19 14:36:00,2010-08-07T11:00:00 +00:00
1935.0,Severe Storm(s),IL,Cook (County),Chicago,60658.0,1.0,0.0,1.0,0.0,1.0,1.0,479.42,1.0,0.0,0.0,1.0,1.0,479.42,8142fa470cf323f57dce348690d13db5,2014-11-23T02:46:29 +00:00,2010-08-19T14:00:00 +00:00,SEVERE STORMS AND FLOODING,2010-07-19 14:36:00,2010-08-07T11:00:00 +00:00
1935.0,Severe Storm(s),IL,Cook (County),Chicago,60714.0,1.0,0.0,1.0,0.0,1.0,0.0,0.0,1.0,0.0,0.0,1.0,0.0,0.0,49e85d307df50d683cb6f5bda6e91d31,2014-11-23T02:46:29 +00:00,2010-08-19T14:00:00 +00:00,SEVERE STORMS AND FLOODING,2010-07-19 14:36:00,2010-08-07T11:00:00 +00:00
1935.0,Severe Storm(s),IL,Cook (County),Chicago,60628.0,1.0,0.0,1.0,0.0,1.0,1.0,1539.3,1.0,1.0,1539.3,1.0,0.0,0.0,b65cb19e55abdc5f7439dd771a00a4bd,2014-11-23T02:46:29 +00:00,2010-08-19T14:00:00 +00:00,SEVERE STORMS AND FLOODING,2010-07-19 14:36:00,2010-08-07T11:00:00 +00:00
1935.0,Severe Storm(s),IL,Cook (County),Chicago,60620.0,1.0,0.0,1.0,0.0,1.0,1.0,1733.73,1.0,1.0,1733.73,1.0,0.0,0.0,91a20de88c9b46240419c7bd1b02f560,2014-11-23T02:46:29 +00:00,2010-08-19T14:00:00 +00:00,SEVERE STORMS AND FLOODING,2010-07-19 14:36:00,2010-08-07T11:00:00 +00:00
1935.0,Severe Storm(s),IL,Cook (County),Chicago,60649.0,1769.0,1.0,585.0,5.0,1713.0,1291.0,4129484.71,1663.0,1090.0,3572284.57,1255.0,473.0,557200.14,8a38ef0fa19cab17e2efd6e8f85e5c38,2014-11-23T02:46:30 +00:00,2010-08-19T14:00:00 +00:00,SEVERE STORMS AND FLOODING,2010-07-19 14:36:00,2010-08-07T11:00:00 +00:00
1935.0,Severe Storm(s),IL,Cook (County),Chicago,60660.0,14.0,8.0,6.0,0.0,14.0,7.0,31378.76,13.0,6.0,24354.58,13.0,5.0,7024.18,227c6cea9cbd2e15d866cfe75fe1b8b7,2014-11-23T02:46:30 +00:00,2010-08-19T14:00:00 +00:00,SEVERE STORMS AND FLOODING,2010-07-19 14:36:00,2010-08-07T11:00:00 +00:00
1935.0,Severe Storm(s),IL,Cook (County),Chicago,60805.0,2.0,0.0,2.0,0.0,2.0,2.0,2096.76,2.0,2.0,2096.76,2.0,0.0,0.0,5bd26b28cede279c6d9a9b5b14208903,2014-11-23T02:46:30 +00:00,2010-08-19T14:00:00 +00:00,SEVERE STORMS AND FLOODING,2010-07-19 14:36:00,2010-08-07T11:00:00 +00:00
1935.0,Severe Storm(s),IL,Cook (County),Chicago,60639.0,1.0,0.0,1.0,0.0,1.0,1.0,227.28,1.0,1.0,227.28,1.0,0.0,0.0,8ef00c5ffbef66f77a938ca4c06364a2,2014-11-23T02:46:30 +00:00,2010-08-19T14:00:00 +00:00,SEVERE STORMS AND FLOODING,2010-07-19 14:36:00,2010-08-07T11:00:00 +00:00
1935.0,Severe Storm(s),IL,Cook (County),Chicago,60623.0,1.0,0.0,1.0,0.0,1.0,1.0,2484.0,1.0,1.0,2484.0,1.0,0.0,0.0,207c0d0685bd9772c149a3eaafd3b489,2014-11-23T02:46:30 +00:00,2010-08-19T14:00:00 +00:00,SEVERE STORMS AND FLOODING,2010-07-19 14:36:00,2010-08-07T11:00:00 +00:00
1935.0,Severe Storm(s),IL,Cook (County),Chicago,60643.0,1.0,0.0,1.0,0.0,1.0,1.0,1434.85,1.0,1.0,1434.85,1.0,0.0,0.0,c31ba88c7e210226579e40bc388155e9,2014-11-23T02:46:30 +00:00,2010-08-19T14:00:00 +00:00,SEVERE STORMS AND FLOODING,2010-07-19 14:36:00,2010-08-07T11:00:00 +00:00
1935.0,Severe Storm(s),IL,Cook (County),Chicago,60652.0,1.0,0.0,1.0,0.0,0.0,0.0,0.0,0.0,0.0,0.0,0.0,0.0,0.0,1497e68a35ce8f8a4c56e5e690aea302,2014-11-23T02:46:30 +00:00,2010-08-19T14:00:00 +00:00,SEVERE STORMS AND FLOODING,2010-07-19 14:36:00,2010-08-07T11:00:00 +00:00
1935.0,Severe Storm(s),IL,Cook (County),Chicago,60639.0,1.0,0.0,1.0,0.0,1.0,1.0,8287.49,1.0,1.0,8287.49,1.0,0.0,0.0,ba6d2b109cf28a753bdefefd83c80bb7,2014-11-23T02:46:30 +00:00,2010-08-19T14:00:00 +00:00,SEVERE STORMS AND FLOODING,2010-07-19 14:36:00,2010-08-07T11:00:00 +00:00
1935.0,Severe Storm(s),IL,Cook (County),Chicago,60652.0,2560.0,1.0,1.0,7.0,2491.0,2063.0,4777407.62,2464.0,1942.0,4317927.25,1581.0,552.0,459480.37,6bb6dca19c12c20f9aec3df8a6d8b909,2014-11-23T02:46:30 +00:00,2010-08-19T14:00:00 +00:00,SEVERE STORMS AND FLOODING,2010-07-19 14:36:00,2010-08-07T11:00:00 +00:00
1935.0,Severe Storm(s),IL,Cook (County),Chicago,60651.0,1.0,0.0,1.0,0.0,1.0,1.0,8532.48,1.0,1.0,4039.07,1.0,1.0,4493.41,37ccd72b5245056a0cc6f4cd07f9e11f,2014-11-23T02:46:30 +00:00,2010-08-19T14:00:00 +00:00,SEVERE STORMS AND FLOODING,2010-07-19 14:36:00,2010-08-07T11:00:00 +00:00
1935.0,Severe Storm(s),IL,Cook (County),Chicago,60673.0,1.0,1.0,0.0,0.0,1.0,1.0,10000.83,1.0,1.0,9082.85,1.0,1.0,917.98,7e2fe24afa012739546e37ad8ef20baf,2014-11-23T02:46:30 +00:00,2010-08-19T14:00:00 +00:00,SEVERE STORMS AND FLOODING,2010-07-19 14:36:00,2010-08-07T11:00:00 +00:00
1935.0,Severe Storm(s),IL,Cook (County),Chicago,66017.0,1.0,0.0,1.0,0.0,1.0,1.0,2115.75,1.0,1.0,1882.0,1.0,1.0,233.75,f816a0b9111c977cf1815b552b936c21,2014-11-23T02:46:30 +00:00,2010-08-19T14:00:00 +00:00,SEVERE STORMS AND FLOODING,2010-07-19 14:36:00,2010-08-07T11:00:00 +00:00
1935.0,Severe Storm(s),IL,Cook (County),Chicago,60641.0,632.0,379.0,252.0,1.0,606.0,448.0,1547778.6,596.0,413.0,1292176.42,438.0,170.0,255602.18,759f1044e5325d550b67a8a63ecbfd35,2014-11-23T02:46:30 +00:00,2010-08-19T14:00:00 +00:00,SEVERE STORMS AND FLOODING,2010-07-19 14:36:00,2010-08-07T11:00:00 +00:00
1935.0,Severe Storm(s),IL,Cook (County),Chicago,60653.0,738.0,449.0,280.0,9.0,710.0,532.0,1901777.25,692.0,382.0,1459909.67,546.0,279.0,441867.58,72526d00dad2bfba67a41952c1900463,2014-11-23T02:46:30 +00:00,2010-08-19T14:00:00 +00:00,SEVERE STORMS AND FLOODING,2010-07-19 14:36:00,2010-08-07T11:00:00 +00:00
1935.0,Severe Storm(s),IL,Cook (County),Chicago,60678.0,1.0,1.0,0.0,0.0,1.0,1.0,2927.42,1.0,1.0,2468.42,1.0,1.0,459.0,fdd5b2537d6cb9179f216bd9d93787e0,2014-11-23T02:46:30 +00:00,2010-08-19T14:00:00 +00:00,SEVERE STORMS AND FLOODING,2010-07-19 14:36:00,2010-08-07T11:00:00 +00:00
1935.0,Severe Storm(s),IL,Cook (County),Chicago,66019.0,1.0,0.0,1.0,0.0,1.0,0.0,0.0,1.0,0.0,0.0,1.0,0.0,0.0,ef5aa27917e4cc21fb02636c1cb1089f,2014-11-23T02:46:30 +00:00,2010-08-19T14:00:00 +00:00,SEVERE STORMS AND FLOODING,2010-07-19 14:36:00,2010-08-07T11:00:00 +00:00
1935.0,Severe Storm(s),IL,Cook (County),Chicago,60620.0,1.0,0.0,1.0,0.0,1.0,1.0,511.4,1.0,1.0,511.4,1.0,0.0,0.0,2989681800d2aa9d2b9838a1fc84a306,2014-11-23T02:46:30 +00:00,2010-08-19T14:00:00 +00:00,SEVERE STORMS AND FLOODING,2010-07-19 14:36:00,2010-08-07T11:00:00 +00:00
1935.0,Severe Storm(s),IL,Cook (County),Chicago,60620.0,1.0,0.0,1.0,0.0,1.0,1.0,592.67,1.0,1.0,592.67,1.0,0.0,0.0,c15340d096d5a4cdd0fc19169923d976,2014-11-23T02:46:30 +00:00,2010-08-19T14:00:00 +00:00,SEVERE STORMS AND FLOODING,2010-07-19 14:36:00,2010-08-07T11:00:00 +00:00
1935.0,Severe Storm(s),IL,Cook (County),Chicago,60623.0,1.0,0.0,1.0,0.0,1.0,1.0,3611.54,1.0,1.0,2030.0,1.0,1.0,1581.54,30c77f9b8d2e63506327046f81d8e08c,2014-11-23T02:46:30 +00:00,2010-08-19T14:00:00 +00:00,SEVERE STORMS AND FLOODING,2010-07-19 14:36:00,2010-08-07T11:00:00 +00:00
1935.0,Severe Storm(s),IL,Cook (County),Chicago,60643.0,4224.0,2.0,1.0,15.0,4122.0,3100.0,8131321.3,4045.0,2715.0,7249759.05,2996.0,1088.0,881562.25,983225029f82552f2584016bd9aa3657,2014-11-23T02:46:30 +00:00,2010-08-19T14:00:00 +00:00,SEVERE STORMS AND FLOODING,2010-07-19 14:36:00,2010-08-07T11:00:00 +00:00
1935.0,Severe Storm(s),IL,Cook (County),Chicago,60655.0,1361.0,391.0,961.0,9.0,1334.0,1157.0,2025706.6,1326.0,1149.0,2001398.98,878.0,58.0,24307.62,c51aa328709b2df93305419af9c63904,2014-11-23T02:46:30 +00:00,2010-08-19T14:00:00 +00:00,SEVERE STORMS AND FLOODING,2010-07-19 14:36:00,2010-08-07T11:00:00 +00:00
1935.0,Severe Storm(s),IL,Cook (County),Chicago,60689.0,1.0,1.0,0.0,0.0,1.0,1.0,2924.1,1.0,1.0,2465.1,1.0,1.0,459.0,70f3bcaec5b4eadec93c57c4f518eba6,2014-11-23T02:46:30 +00:00,2010-08-19T14:00:00 +00:00,SEVERE STORMS AND FLOODING,2010-07-19 14:36:00,2010-08-07T11:00:00 +00:00
1935.0,Severe Storm(s),IL,Cook (County),Chicago,69619.0,1.0,0.0,1.0,0.0,1.0,1.0,931.0,1.0,1.0,931.0,1.0,0.0,0.0,96e872881ffb84e571b450b3e7d79f1b,2014-11-23T02:46:30 +00:00,2010-08-19T14:00:00 +00:00,SEVERE STORMS AND FLOODING,2010-07-19 14:36:00,2010-08-07T11:00:00 +00:00
1935.0,Severe Storm(s),IL,Cook (County),Chicago,60644.0,1.0,0.0,1.0,0.0,1.0,0.0,0.0,1.0,0.0,0.0,1.0,0.0,0.0,c0a8de1647d74aed223374ead6d20a25,2014-11-23T02:46:30 +00:00,2010-08-19T14:00:00 +00:00,SEVERE STORMS AND FLOODING,2010-07-19 14:36:00,2010-08-07T11:00:00 +00:00
1935.0,Severe Storm(s),IL,Cook (County),Chicago,60618.0,1.0,0.0,1.0,0.0,1.0,1.0,1172.34,1.0,1.0,972.35,1.0,1.0,199.99,9ad14ea08f54845e222ffb2e3d7f8ea5,2014-11-23T02:46:30 +00:00,2010-08-19T14:00:00 +00:00,SEVERE STORMS AND FLOODING,2010-07-19 14:36:00,2010-08-07T11:00:00 +00:00
1935.0,Severe Storm(s),IL,Cook (County),Chicago,60645.0,46.0,25.0,21.0,0.0,41.0,27.0,79832.4,38.0,25.0,69510.43,36.0,7.0,10321.97,38f22a0b21890d73ead4060f16466d73,2014-11-23T02:46:30 +00:00,2010-08-19T14:00:00 +00:00,SEVERE STORMS AND FLOODING,2010-07-19 14:36:00,2010-08-07T11:00:00 +00:00
1935.0,Severe Storm(s),IL,Cook (County),Chicago,60657.0,6.0,1.0,5.0,0.0,5.0,3.0,10364.27,5.0,3.0,9714.61,5.0,1.0,649.66,7c8b6387c95d4e489a3db7b4df9c0fda,2014-11-23T02:46:30 +00:00,2010-08-19T14:00:00 +00:00,SEVERE STORMS AND FLOODING,2010-07-19 14:36:00,2010-08-07T11:00:00 +00:00
1935.0,Severe Storm(s),IL,Cook (County),Chicago,60707.0,498.0,280.0,215.0,3.0,485.0,421.0,1357571.9,476.0,402.0,1194847.5,334.0,126.0,162724.4,8e0763f2834270718d4b96f386230c32,2014-11-23T02:46:30 +00:00,2010-08-19T14:00:00 +00:00,SEVERE STORMS AND FLOODING,2010-07-19 14:36:00,2010-08-07T11:00:00 +00:00
1935.0,Severe Storm(s),IL,Cook (County),Chicago,60617.0,1.0,0.0,1.0,0.0,1.0,1.0,675.16,1.0,0.0,0.0,1.0,1.0,675.16,6500fa36c34cf4e701d6f4c07da0c73e,2014-11-23T02:46:30 +00:00,2010-08-19T14:00:00 +00:00,SEVERE STORMS AND FLOODING,2010-07-19 14:36:00,2010-08-07T11:00:00 +00:00
1935.0,Severe Storm(s),IL,Cook (County),Chicago,60612.0,1.0,0.0,1.0,0.0,1.0,0.0,0.0,1.0,0.0,0.0,1.0,0.0,0.0,c98c3cb0496f9d61caea7c6a674e4c94,2014-11-23T02:46:30 +00:00,2010-08-19T14:00:00 +00:00,SEVERE STORMS AND FLOODING,2010-07-19 14:36:00,2010-08-07T11:00:00 +00:00
1935.0,Severe Storm(s),IL,Cook (County),Chicago,60647.0,522.0,298.0,221.0,3.0,476.0,361.0,1198748.78,457.0,297.0,935852.18,376.0,162.0,262896.6,5c8fb876ed99ca369d51237f462cf7e7,2014-11-23T02:46:30 +00:00,2010-08-19T14:00:00 +00:00,SEVERE STORMS AND FLOODING,2010-07-19 14:36:00,2010-08-07T11:00:00 +00:00
1935.0,Severe Storm(s),IL,Cook (County),Chicago,60659.0,29.0,15.0,14.0,0.0,28.0,18.0,66714.58,26.0,18.0,60090.23,22.0,4.0,6624.35,681792ea57098f06b40a71cf13245703,2014-11-23T02:46:30 +00:00,2010-08-19T14:00:00 +00:00,SEVERE STORMS AND FLOODING,2010-07-19 14:36:00,2010-08-07T11:00:00 +00:00
1935.0,Severe Storm(s),IL,Cook (County),Chicago,60804.0,3.0,2.0,1.0,0.0,2.0,1.0,4534.48,2.0,1.0,4534.48,1.0,0.0,0.0,e1bf3e87cb9014332332ac9e8ff1a913,2014-11-23T02:46:30 +00:00,2010-08-19T14:00:00 +00:00,SEVERE STORMS AND FLOODING,2010-07-19 14:36:00,2010-08-07T11:00:00 +00:00
1935.0,Severe Storm(s),IL,Cook (County),Chicago,60617.0,1.0,0.0,1.0,0.0,1.0,1.0,2256.35,1.0,1.0,2256.35,1.0,0.0,0.0,f0e5f72ba4bbbf2def5e6c2118eafb02,2014-11-23T02:46:30 +00:00,2010-08-19T14:00:00 +00:00,SEVERE STORMS AND FLOODING,2010-07-19 14:36:00,2010-08-07T11:00:00 +00:00
1935.0,Severe Storm(s),IL,Cook (County),Chicago,60638.0,1.0,0.0,1.0,0.0,1.0,1.0,2908.81,1.0,1.0,2908.81,1.0,0.0,0.0,84cf0f507342b661a6d27fdfc6d4e745,2014-11-23T02:46:30 +00:00,2010-08-19T14:00:00 +00:00,SEVERE STORMS AND FLOODING,2010-07-19 14:36:00,2010-08-07T11:00:00 +00:00
1935.0,Severe Storm(s),IL,Cook (County),Chicago,60651.0,5961.0,4.0,1.0,18.0,5731.0,4668.0,18901957.74,5599.0,3926.0,14565342.62,4491.0,2619.0,4336615.12,da669a6abaa964b7f67c17a731e2b541,2014-11-23T02:46:30 +00:00,2010-08-19T14:00:00 +00:00,SEVERE STORMS AND FLOODING,2010-07-19 14:36:00,2010-08-07T11:00:00 +00:00
1935.0,Severe Storm(s),IL,Cook (County),Chicago,60663.0,1.0,0.0,1.0,0.0,1.0,0.0,0.0,1.0,0.0,0.0,1.0,0.0,0.0,599f710f28b42511b575031827c0db63,2014-11-23T02:46:30 +00:00,2010-08-19T14:00:00 +00:00,SEVERE STORMS AND FLOODING,2010-07-19 14:36:00,2010-08-07T11:00:00 +00:00
1935.0,Severe Storm(s),IL,Cook (County),Chicago,60827.0,208.0,172.0,36.0,0.0,201.0,105.0,331124.72,192.0,56.0,258984.47,179.0,71.0,72140.25,698c54d64fcca5b4e04686d364a4c7b2,2014-11-23T02:46:30 +00:00,2010-08-19T14:00:00 +00:00,SEVERE STORMS AND FLOODING,2010-07-19 14:36:00,2010-08-07T11:00:00 +00:00
1935.0,Severe Storm(s),IL,Cook (County),Chicago,60643.0,1.0,0.0,1.0,0.0,1.0,1.0,9209.8,1.0,1.0,9209.8,0.0,0.0,0.0,5c2175bbe492f6c3df0ce6e48d911082,2014-11-23T02:46:30 +00:00,2010-08-19T14:00:00 +00:00,SEVERE STORMS AND FLOODING,2010-07-19 14:36:00,2010-08-07T11:00:00 +00:00
1935.0,Severe Storm(s),IL,Cook (County),Chicago,60628.0,2.0,0.0,2.0,0.0,2.0,2.0,3456.27,2.0,2.0,3456.27,2.0,0.0,0.0,86315bf36be8ffc3dd0d2a628577d8b8,2014-11-23T02:46:30 +00:00,2010-08-19T14:00:00 +00:00,SEVERE STORMS AND FLOODING,2010-07-19 14:36:00,2010-08-07T11:00:00 +00:00
1935.0,Severe Storm(s),IL,Cook (County),Chicago,60644.0,1.0,0.0,1.0,0.0,1.0,1.0,1250.03,1.0,1.0,1250.03,0.0,0.0,0.0,f61f3461fa1ed3aba5c7c6bead436871,2014-11-23T02:46:30 +00:00,2010-08-19T14:00:00 +00:00,SEVERE STORMS AND FLOODING,2010-07-19 14:36:00,2010-08-07T11:00:00 +00:00
1729.0,,,,,,,,,,,,,,,,,,,,,2007-09-25T20:40:00 +00:00,SEVERE STORMS AND FLOODING,2007-08-20 15:30:00,2007-08-31T00:00:00 +00:00
