disasterNumber,incidentType,state,county,city,zipCode,validRegistrations,averageFemaInspectedDamage,totalInspected,totalDamage,noFemaInspectedDamage,femaInspectedDamageBetween1And10000,femaInspectedDamageBetween10001And20000,femaInspectedDamageBetween20001And30000,femaInspectedDamageGreaterThan30000,approvedForFemaAssistance,totalApprovedIhpAmount,repairReplaceAmount,rentalAmount,otherNeedsAmount,approvedBetween1And10000,approvedBetween10001And25000,approvedBetween25001AndMax,totalMaxGrants,hash,lastRefresh,declarationDate,title,incidentBeginDate,incidentEndDate
1935.0,Severe Storm(s),IL,Cook (County),Chicago,60637.0,1.0,0.0,1.0,0.0,1.0,0.0,0.0,0.0,0.0,0.0,0.0,0.0,0.0,0.0,0.0,0.0,0.0,0.0,e695139db13f5e3ba025c875dfafa7b2,2014-11-20T15:20:20 +00:00,2010-08-19T14:00:00 +00:00,SEVERE STORMS AND FLOODING,2010-07-19 14:36:00,2010-08-07T11:00:00 +00:00
1935.0,Severe Storm(s),IL,Cook (County),Chicago,60641.0,1.0,1829.0,1.0,1829.0,0.0,1.0,0.0,0.0,0.0,0.0,0.0,0.0,0.0,0.0,0.0,0.0,0.0,0.0,155f92c09a904ffeb04efc36c64617ec,2014-12-12T01:20:24 +00:00,2010-08-19T14:00:00 +00:00,SEVERE STORMS AND FLOODING,2010-07-19 14:36:00,2010-08-07T11:00:00 +00:00
1935.0,Severe Storm(s),IL,Cook (County),Chicago,60628.0,1.0,2634.0,1.0,2634.0,0.0,1.0,0.0,0.0,0.0,1.0,1888.0,1888.0,0.0,0.0,1.0,0.0,0.0,0.0,78be3ad69148dc33a6cde1c94cbd3900,2014-12-12T01:20:24 +00:00,2010-08-19T14:00:00 +00:00,SEVERE STORMS AND FLOODING,2010-07-19 14:36:00,2010-08-07T11:00:00 +00:00
1935.0,Severe Storm(s),IL,Cook (County),Chicago,60468.0,1.0,0.0,1.0,0.0,1.0,0.0,0.0,0.0,0.0,0.0,0.0,0.0,0.0,0.0,0.0,0.0,0.0,0.0,c22c84732b8eeead7c4917322d61239f,2014-11-20T15:20:20 +00:00,2010-08-19T14:00:00 +00:00,SEVERE STORMS AND FLOODING,2010-07-19 14:36:00,2010-08-07T11:00:00 +00:00
1935.0,Severe Storm(s),IL,Cook (County),Chicago,60613.0,5.0,4376.0,5.0,21878.0,1.0,3.0,1.0,0.0,0.0,3.0,20496.0,20496.0,0.0,0.0,2.0,1.0,0.0,0.0,52ea04f86159e6434c4db44fd8cb4bae,2014-12-12T01:20:24 +00:00,2010-08-19T14:00:00 +00:00,SEVERE STORMS AND FLOODING,2010-07-19 14:36:00,2010-08-07T11:00:00 +00:00
1935.0,Severe Storm(s),IL,Cook (County),Chicago,60623.0,2.0,3266.0,1903.0,6214789.0,99.0,1.0,98.0,7.0,0.0,1651.0,6277579.0,4879791.0,738895.0,658892.0,1.0,102.0,9.0,5.0,5d1b2c7e7f2660c39b7218553d700dba,2014-12-12T01:20:24 +00:00,2010-08-19T14:00:00 +00:00,SEVERE STORMS AND FLOODING,2010-07-19 14:36:00,2010-08-07T11:00:00 +00:00
1935.0,Severe Storm(s),IL,Cook (County),Chicago,60634.0,447.0,2648.0,429.0,1135840.0,52.0,365.0,12.0,0.0,0.0,360.0,990997.0,910794.0,22904.0,57299.0,354.0,6.0,0.0,0.0,9990a1775689c4c0633ba7275c3a1572,2014-12-12T01:20:24 +00:00,2010-08-19T14:00:00 +00:00,SEVERE STORMS AND FLOODING,2010-07-19 14:36:00,2010-08-07T11:00:00 +00:00
1935.0,Severe Storm(s),IL,Cook (County),Chicago,60645.0,26.0,1982.0,23.0,45582.0,2.0,21.0,0.0,0.0,0.0,20.0,44065.0,35782.0,7448.0,834.0,20.0,0.0,0.0,0.0,79d6fdae12acfb1b1e7b6f3b8ca99167,2014-12-12T01:20:24 +00:00,2010-08-19T14:00:00 +00:00,SEVERE STORMS AND FLOODING,2010-07-19 14:36:00,2010-08-07T11:00:00 +00:00
1935.0,Severe Storm(s),IL,Cook (County),Chicago,60657.0,6.0,1548.0,6.0,9287.0,2.0,4.0,0.0,0.0,0.0,3.0,10364.0,7235.0,2480.0,650.0,3.0,0.0,0.0,0.0,f35f39cb4618283aef3dd177ad8953fa,2014-12-12T01:20:24 +00:00,2010-08-19T14:00:00 +00:00,SEVERE STORMS AND FLOODING,2010-07-19 14:36:00,2010-08-07T11:00:00 +00:00
1935.0,Severe Storm(s),IL,Cook (County),Chicago,60805.0,2.0,1624.0,2.0,3247.0,0.0,2.0,0.0,0.0,0.0,2.0,2097.0,2097.0,0.0,0.0,2.0,0.0,0.0,0.0,c789375de20268f29aa91ddc1704e582,2014-12-12T01:20:24 +00:00,2010-08-19T14:00:00 +00:00,SEVERE STORMS AND FLOODING,2010-07-19 14:36:00,2010-08-07T11:00:00 +00:00
1935.0,Severe Storm(s),IL,Cook (County),Chicago,60652.0,1.0,0.0,1.0,0.0,1.0,0.0,0.0,0.0,0.0,0.0,0.0,0.0,0.0,0.0,0.0,0.0,0.0,0.0,0ff7188cad177e06b9211ce67ac254e1,2014-11-20T15:20:20 +00:00,2010-08-19T14:00:00 +00:00,SEVERE STORMS AND FLOODING,2010-07-19 14:36:00,2010-08-07T11:00:00 +00:00
1935.0,Severe Storm(s),IL,Cook (County),Chicago,60618.0,1.0,1406.0,1.0,1406.0,0.0,1.0,0.0,0.0,0.0,1.0,1172.0,972.0,0.0,200.0,1.0,0.0,0.0,0.0,8d6adf07f0bd7d2f918f0d271b2c23b7,2014-12-12T01:20:24 +00:00,2010-08-19T14:00:00 +00:00,SEVERE STORMS AND FLOODING,2010-07-19 14:36:00,2010-08-07T11:00:00 +00:00
1935.0,Severe Storm(s),IL,Cook (County),Chicago,60628.0,1.0,1837.0,1.0,1837.0,0.0,1.0,0.0,0.0,0.0,1.0,1837.0,1837.0,0.0,0.0,1.0,0.0,0.0,0.0,6e9d073e537f9f265cceb21d238cccbe,2014-12-12T01:20:24 +00:00,2010-08-19T14:00:00 +00:00,SEVERE STORMS AND FLOODING,2010-07-19 14:36:00,2010-08-07T11:00:00 +00:00
1935.0,Severe Storm(s),IL,Cook (County),Chicago,60632.0,1.0,4378.0,1.0,4378.0,0.0,1.0,0.0,0.0,0.0,1.0,3024.0,3024.0,0.0,0.0,1.0,0.0,0.0,0.0,a6d6ab7f4b737a0d52a81465b14025c2,2014-12-12T01:20:24 +00:00,2010-08-19T14:00:00 +00:00,SEVERE STORMS AND FLOODING,2010-07-19 14:36:00,2010-08-07T11:00:00 +00:00
1935.0,Severe Storm(s),IL,Cook (County),Chicago,60619.0,1.0,0.0,1.0,0.0,1.0,0.0,0.0,0.0,0.0,0.0,0.0,0.0,0.0,0.0,0.0,0.0,0.0,0.0,38e73063f6880829f29d2dbb67a5861c,2014-11-20T15:20:20 +00:00,2010-08-19T14:00:00 +00:00,SEVERE STORMS AND FLOODING,2010-07-19 14:36:00,2010-08-07T11:00:00 +00:00
1935.0,Severe Storm(s),IL,Cook (County),Chicago,60651.0,1.0,393.0,1.0,393.0,0.0,1.0,0.0,0.0,0.0,0.0,0.0,0.0,0.0,0.0,0.0,0.0,0.0,0.0,146d2adf227ae7511e40d71db7099574,2014-12-12T01:20:24 +00:00,2010-08-19T14:00:00 +00:00,SEVERE STORMS AND FLOODING,2010-07-19 14:36:00,2010-08-07T11:00:00 +00:00
1935.0,Severe Storm(s),IL,Cook (County),Chicago,60605.0,3.0,0.0,3.0,0.0,3.0,0.0,0.0,0.0,0.0,0.0,0.0,0.0,0.0,0.0,0.0,0.0,0.0,0.0,82dfb5822fa9e1af25008e75a594ac02,2014-11-20T15:20:20 +00:00,2010-08-19T14:00:00 +00:00,SEVERE STORMS AND FLOODING,2010-07-19 14:36:00,2010-08-07T11:00:00 +00:00
1935.0,Severe Storm(s),IL,Cook (County),Chicago,60615.0,194.0,2005.0,178.0,356857.0,13.0,163.0,2.0,0.0,0.0,119.0,311799.0,268959.0,33034.0,9806.0,117.0,2.0,0.0,0.0,354f0eaf2f44a504da5112f21a222f7b,2014-12-12T01:20:24 +00:00,2010-08-19T14:00:00 +00:00,SEVERE STORMS AND FLOODING,2010-07-19 14:36:00,2010-08-07T11:00:00 +00:00
1935.0,Severe Storm(s),IL,Cook (County),Chicago,60625.0,28.0,3348.0,26.0,87044.0,3.0,21.0,2.0,0.0,0.0,22.0,73507.0,64475.0,8122.0,910.0,20.0,2.0,0.0,0.0,1bbc4f67c8db2f81e00ff193890a87e9,2014-12-12T01:20:24 +00:00,2010-08-19T14:00:00 +00:00,SEVERE STORMS AND FLOODING,2010-07-19 14:36:00,2010-08-07T11:00:00 +00:00
1935.0,Severe Storm(s),IL,Cook (County),Chicago,60647.0,346.0,3053.0,308.0,940346.0,33.0,258.0,12.0,3.0,2.0,257.0,850981.0,747077.0,33026.0,70878.0,241.0,14.0,2.0,1.0,48e5dde2d64b789ef0b3731f37ac0ff0,2014-12-12T01:20:24 +00:00,2010-08-19T14:00:00 +00:00,SEVERE STORMS AND FLOODING,2010-07-19 14:36:00,2010-08-07T11:00:00 +00:00
1935.0,Severe Storm(s),IL,Cook (County),Chicago,60637.0,650.0,2473.0,601.0,1486089.0,42.0,542.0,17.0,0.0,0.0,512.0,1698393.0,1213336.0,366946.0,118111.0,482.0,24.0,6.0,6.0,c6be9f0ed399c4ef31882c84a4f24a87,2014-12-12T01:20:24 +00:00,2010-08-19T14:00:00 +00:00,SEVERE STORMS AND FLOODING,2010-07-19 14:36:00,2010-08-07T11:00:00 +00:00
1935.0,Severe Storm(s),IL,Cook (County),Chicago,60660.0,3.0,1932.0,3.0,5795.0,0.0,3.0,0.0,0.0,0.0,3.0,5880.0,4927.0,0.0,953.0,3.0,0.0,0.0,0.0,87803620275138c70882685d56614aa5,2014-12-12T01:20:24 +00:00,2010-08-19T14:00:00 +00:00,SEVERE STORMS AND FLOODING,2010-07-19 14:36:00,2010-08-07T11:00:00 +00:00
1935.0,Severe Storm(s),IL,Cook (County),Chicago,66017.0,1.0,1769.0,1.0,1769.0,0.0,1.0,0.0,0.0,0.0,1.0,2116.0,1882.0,0.0,234.0,1.0,0.0,0.0,0.0,5444db92af4b709a693c97c75b9307c7,2014-12-12T01:20:24 +00:00,2010-08-19T14:00:00 +00:00,SEVERE STORMS AND FLOODING,2010-07-19 14:36:00,2010-08-07T11:00:00 +00:00
1935.0,Severe Storm(s),IL,Cook (County),Chicago,60652.0,1.0,2632.0,1.0,2632.0,0.0,1.0,0.0,0.0,0.0,1.0,2124.0,1780.0,0.0,344.0,1.0,0.0,0.0,0.0,f438ae33f0495cecd8120729a0c6fad3,2014-12-12T01:20:24 +00:00,2010-08-19T14:00:00 +00:00,SEVERE STORMS AND FLOODING,2010-07-19 14:36:00,2010-08-07T11:00:00 +00:00
1935.0,Severe Storm(s),IL,Cook (County),Chicago,60620.0,1.0,1734.0,1.0,1734.0,0.0,1.0,0.0,0.0,0.0,1.0,1734.0,1734.0,0.0,0.0,1.0,0.0,0.0,0.0,fbd257826586348ab6f494aebad77d70,2014-12-12T01:20:24 +00:00,2010-08-19T14:00:00 +00:00,SEVERE STORMS AND FLOODING,2010-07-19 14:36:00,2010-08-07T11:00:00 +00:00
1935.0,Severe Storm(s),IL,Cook (County),Chicago,60619.0,1.0,2300.0,1.0,2300.0,0.0,1.0,0.0,0.0,0.0,1.0,2300.0,1833.0,0.0,467.0,1.0,0.0,0.0,0.0,75d9fbc3a7c1f4e934d7c723446a0166,2014-12-12T01:20:24 +00:00,2010-08-19T14:00:00 +00:00,SEVERE STORMS AND FLOODING,2010-07-19 14:36:00,2010-08-07T11:00:00 +00:00
1935.0,Severe Storm(s),IL,Cook (County),Chicago,60621.0,1.0,399.0,1.0,399.0,0.0,1.0,0.0,0.0,0.0,1.0,399.0,399.0,0.0,0.0,1.0,0.0,0.0,0.0,b5763633e69f93a50510dc8084489553,2014-12-12T01:20:24 +00:00,2010-08-19T14:00:00 +00:00,SEVERE STORMS AND FLOODING,2010-07-19 14:36:00,2010-08-07T11:00:00 +00:00
1935.0,Severe Storm(s),IL,Cook (County),Chicago,60620.0,1.0,6458.0,1.0,6458.0,0.0,1.0,0.0,0.0,0.0,1.0,6458.0,5869.0,0.0,589.0,1.0,0.0,0.0,0.0,9bf929d9cc052e217f7eb5ddae6c970f,2014-12-12T01:20:24 +00:00,2010-08-19T14:00:00 +00:00,SEVERE STORMS AND FLOODING,2010-07-19 14:36:00,2010-08-07T11:00:00 +00:00
1935.0,Severe Storm(s),IL,Cook (County),Chicago,60652.0,1.0,3099.0,1.0,3099.0,0.0,1.0,0.0,0.0,0.0,1.0,2220.0,2220.0,0.0,0.0,1.0,0.0,0.0,0.0,3b764d2db44aed6b02d2ef3915068eaa,2014-12-12T01:20:24 +00:00,2010-08-19T14:00:00 +00:00,SEVERE STORMS AND FLOODING,2010-07-19 14:36:00,2010-08-07T11:00:00 +00:00
1935.0,Severe Storm(s),IL,Cook (County),Chicago,60411.0,1.0,0.0,1.0,0.0,1.0,0.0,0.0,0.0,0.0,0.0,0.0,0.0,0.0,0.0,0.0,0.0,0.0,0.0,809271ec3764aacf17bee8e41ec2db7e,2014-11-20T15:20:20 +00:00,2010-08-19T14:00:00 +00:00,SEVERE STORMS AND FLOODING,2010-07-19 14:36:00,2010-08-07T11:00:00 +00:00
1935.0,Severe Storm(s),IL,Cook (County),Chicago,60612.0,371.0,2401.0,334.0,802064.0,25.0,299.0,9.0,0.0,1.0,261.0,895057.0,656818.0,178251.0,59989.0,243.0,15.0,3.0,2.0,01fd413f87af8a17b9d17518e80ea709,2014-12-12T01:20:24 +00:00,2010-08-19T14:00:00 +00:00,SEVERE STORMS AND FLOODING,2010-07-19 14:36:00,2010-08-07T11:00:00 +00:00
1935.0,Severe Storm(s),IL,Cook (County),Chicago,60622.0,91.0,2413.0,81.0,195416.0,15.0,62.0,4.0,0.0,0.0,50.0,174385.0,157354.0,8122.0,8909.0,46.0,4.0,0.0,0.0,e7afedd5f4987ef55156ffe20cebe702,2014-12-12T01:20:24 +00:00,2010-08-19T14:00:00 +00:00,SEVERE STORMS AND FLOODING,2010-07-19 14:36:00,2010-08-07T11:00:00 +00:00
1935.0,Severe Storm(s),IL,Cook (County),Chicago,60644.0,1.0,2965.0,1822.0,5402637.0,108.0,1.0,40.0,15.0,0.0,1618.0,5884551.0,4574533.0,701379.0,608639.0,1.0,84.0,14.0,6.0,363847740bc462f4f15a318f6683c774,2014-12-12T01:20:24 +00:00,2010-08-19T14:00:00 +00:00,SEVERE STORMS AND FLOODING,2010-07-19 14:36:00,2010-08-07T11:00:00 +00:00
1935.0,Severe Storm(s),IL,Cook (County),Chicago,60633.0,119.0,1768.0,110.0,194430.0,8.0,101.0,1.0,0.0,0.0,85.0,191045.0,162815.0,22082.0,6149.0,84.0,1.0,0.0,0.0,bc6f42ee2bbd8c3f0804f18790719328,2014-12-12T01:20:24 +00:00,2010-08-19T14:00:00 +00:00,SEVERE STORMS AND FLOODING,2010-07-19 14:36:00,2010-08-07T11:00:00 +00:00
1935.0,Severe Storm(s),IL,Cook (County),Chicago,60656.0,43.0,1306.0,42.0,54863.0,9.0,33.0,0.0,0.0,0.0,30.0,57867.0,42499.0,15368.0,0.0,29.0,1.0,0.0,0.0,98775376bcf6de4c1a280aa5d849b3c6,2014-12-12T01:20:24 +00:00,2010-08-19T14:00:00 +00:00,SEVERE STORMS AND FLOODING,2010-07-19 14:36:00,2010-08-07T11:00:00 +00:00
1935.0,Severe Storm(s),IL,Cook (County),Chicago,60804.0,2.0,1562.0,2.0,3123.0,1.0,1.0,0.0,0.0,0.0,1.0,4534.0,4534.0,0.0,0.0,1.0,0.0,0.0,0.0,ae57cbe2aa09f7649257b0e06bcaf0ea,2014-12-12T01:20:24 +00:00,2010-08-19T14:00:00 +00:00,SEVERE STORMS AND FLOODING,2010-07-19 14:36:00,2010-08-07T11:00:00 +00:00
1935.0,Severe Storm(s),IL,Cook (County),Chicago,60643.0,1.0,6730.0,1.0,6730.0,0.0,1.0,0.0,0.0,0.0,1.0,9210.0,6730.0,2480.0,0.0,1.0,0.0,0.0,0.0,25a137240eac5ccf205df1990e1d405b,2014-12-12T01:20:24 +00:00,2010-08-19T14:00:00 +00:00,SEVERE STORMS AND FLOODING,2010-07-19 14:36:00,2010-08-07T11:00:00 +00:00
1935.0,Severe Storm(s),IL,Cook (County),Chicago,60643.0,1.0,590.0,1.0,590.0,0.0,1.0,0.0,0.0,0.0,1.0,590.0,590.0,0.0,0.0,1.0,0.0,0.0,0.0,69f507bbbf1ef1159f1c6713cb65a281,2014-12-12T01:20:24 +00:00,2010-08-19T14:00:00 +00:00,SEVERE STORMS AND FLOODING,2010-07-19 14:36:00,2010-08-07T11:00:00 +00:00
1935.0,Severe Storm(s),IL,Cook (County),Chicago,60630.0,1.0,1384.0,1.0,1384.0,0.0,1.0,0.0,0.0,0.0,1.0,1384.0,1384.0,0.0,0.0,1.0,0.0,0.0,0.0,9743301c6a2727a75de5b1f6ca17ae24,2014-12-12T01:20:24 +00:00,2010-08-19T14:00:00 +00:00,SEVERE STORMS AND FLOODING,2010-07-19 14:36:00,2010-08-07T11:00:00 +00:00
1935.0,Severe Storm(s),IL,Cook (County),Chicago,60638.0,1.0,412.0,1.0,412.0,0.0,1.0,0.0,0.0,0.0,1.0,412.0,412.0,0.0,0.0,1.0,0.0,0.0,0.0,03b8b561fe057fce46237d00ad35ca9d,2014-12-12T01:20:24 +00:00,2010-08-19T14:00:00 +00:00,SEVERE STORMS AND FLOODING,2010-07-19 14:36:00,2010-08-07T11:00:00 +00:00
1935.0,Severe Storm(s),IL,Cook (County),Chicago,60643.0,2.0,3106.0,2.0,6213.0,0.0,2.0,0.0,0.0,0.0,2.0,3347.0,3347.0,0.0,0.0,2.0,0.0,0.0,0.0,1b53009b48572766506ff61c6c0ab758,2014-12-12T01:20:24 +00:00,2010-08-19T14:00:00 +00:00,SEVERE STORMS AND FLOODING,2010-07-19 14:36:00,2010-08-07T11:00:00 +00:00
1935.0,Severe Storm(s),IL,Cook (County),Chicago,60604.0,2.0,2380.0,2.0,4761.0,0.0,2.0,0.0,0.0,0.0,2.0,4079.0,4079.0,0.0,0.0,2.0,0.0,0.0,0.0,18200ffd9c3121fc029333bd79a995be,2014-12-12T01:20:24 +00:00,2010-08-19T14:00:00 +00:00,SEVERE STORMS AND FLOODING,2010-07-19 14:36:00,2010-08-07T11:00:00 +00:00
1935.0,Severe Storm(s),IL,Cook (County),Chicago,60614.0,15.0,2557.0,15.0,38350.0,4.0,10.0,1.0,0.0,0.0,9.0,30090.0,28461.0,0.0,1629.0,8.0,1.0,0.0,0.0,7cb11f138cbe612e54fb86f453599ca9,2014-12-12T01:20:24 +00:00,2010-08-19T14:00:00 +00:00,SEVERE STORMS AND FLOODING,2010-07-19 14:36:00,2010-08-07T11:00:00 +00:00
1935.0,Severe Storm(s),IL,Cook (County),Chicago,60624.0,1.0,2692.0,1110.0,2988109.0,98.0,976.0,34.0,2.0,0.0,926.0,3125492.0,2479867.0,360818.0,284807.0,874.0,48.0,4.0,1.0,7e7214a17679763a02780f786f0ab598,2014-12-12T01:20:24 +00:00,2010-08-19T14:00:00 +00:00,SEVERE STORMS AND FLOODING,2010-07-19 14:36:00,2010-08-07T11:00:00 +00:00
1935.0,Severe Storm(s),IL,Cook (County),Chicago,60646.0,48.0,1872.0,48.0,89841.0,2.0,46.0,0.0,0.0,0.0,43.0,99131.0,83793.0,14220.0,1118.0,43.0,0.0,0.0,0.0,044586cdf9707721d797fedaffadacf1,2014-12-12T01:20:24 +00:00,2010-08-19T14:00:00 +00:00,SEVERE STORMS AND FLOODING,2010-07-19 14:36:00,2010-08-07T11:00:00 +00:00
1935.0,Severe Storm(s),IL,Cook (County),Chicago,60636.0,2.0,2315.0,2533.0,5862857.0,173.0,2.0,31.0,1.0,0.0,2222.0,6607883.0,4986781.0,1071624.0,546783.0,2.0,55.0,9.0,2.0,121db65472bf25356c9232f320f64de8,2014-12-12T01:20:24 +00:00,2010-08-19T14:00:00 +00:00,SEVERE STORMS AND FLOODING,2010-07-19 14:36:00,2010-08-07T11:00:00 +00:00
1935.0,Severe Storm(s),IL,Cook (County),Chicago,60659.0,20.0,3056.0,20.0,61116.0,5.0,14.0,1.0,0.0,0.0,15.0,54016.0,51068.0,2030.0,918.0,14.0,1.0,0.0,0.0,3df9aefbf7595f41fc2941a474f8b95e,2014-12-12T01:20:24 +00:00,2010-08-19T14:00:00 +00:00,SEVERE STORMS AND FLOODING,2010-07-19 14:36:00,2010-08-07T11:00:00 +00:00
1935.0,Severe Storm(s),IL,Cook (County),Chicago,60827.0,60.0,3046.0,59.0,179694.0,4.0,53.0,2.0,0.0,0.0,46.0,215759.0,148346.0,55498.0,11914.0,42.0,3.0,1.0,0.0,ddec9be9038c0bbb900b3eedd6abe084,2014-12-12T01:20:24 +00:00,2010-08-19T14:00:00 +00:00,SEVERE STORMS AND FLOODING,2010-07-19 14:36:00,2010-08-07T11:00:00 +00:00
1935.0,Severe Storm(s),IL,Cook (County),Chicago,60620.0,1.0,511.0,1.0,511.0,0.0,1.0,0.0,0.0,0.0,1.0,511.0,511.0,0.0,0.0,1.0,0.0,0.0,0.0,cc4312510246745cb2561e78a73a6df2,2014-12-12T01:20:24 +00:00,2010-08-19T14:00:00 +00:00,SEVERE STORMS AND FLOODING,2010-07-19 14:36:00,2010-08-07T11:00:00 +00:00
1935.0,Severe Storm(s),IL,Cook (County),Chicago,60623.0,1.0,3180.0,1.0,3180.0,0.0,1.0,0.0,0.0,0.0,1.0,6904.0,5671.0,0.0,1232.0,1.0,0.0,0.0,0.0,b5778c63b9b19adf288c014a67f11204,2014-12-12T01:20:24 +00:00,2010-08-19T14:00:00 +00:00,SEVERE STORMS AND FLOODING,2010-07-19 14:36:00,2010-08-07T11:00:00 +00:00
1935.0,Severe Storm(s),IL,Cook (County),Chicago,60638.0,1.0,1121.0,1.0,1121.0,0.0,1.0,0.0,0.0,0.0,1.0,1121.0,1121.0,0.0,0.0,1.0,0.0,0.0,0.0,da789ac85eca57fa168239c9bbfe6dfb,2014-12-12T01:20:24 +00:00,2010-08-19T14:00:00 +00:00,SEVERE STORMS AND FLOODING,2010-07-19 14:36:00,2010-08-07T11:00:00 +00:00
1935.0,Severe Storm(s),IL,Cook (County),Chicago,60620.0,1.0,2834.0,1.0,2834.0,0.0,1.0,0.0,0.0,0.0,1.0,2015.0,2015.0,0.0,0.0,1.0,0.0,0.0,0.0,834677982472215e5eb1a2dcaffb28b8,2014-12-12T01:20:24 +00:00,2010-08-19T14:00:00 +00:00,SEVERE STORMS AND FLOODING,2010-07-19 14:36:00,2010-08-07T11:00:00 +00:00
1935.0,Severe Storm(s),IL,Cook (County),Chicago,60104.0,1.0,3034.0,1.0,3034.0,0.0,1.0,0.0,0.0,0.0,1.0,4373.0,2567.0,1806.0,0.0,1.0,0.0,0.0,0.0,50999e59748abfea36c901c8b06608d4,2014-12-12T01:20:24 +00:00,2010-08-19T14:00:00 +00:00,SEVERE STORMS AND FLOODING,2010-07-19 14:36:00,2010-08-07T11:00:00 +00:00
1935.0,Severe Storm(s),IL,Cook (County),Chicago,60608.0,830.0,3376.0,768.0,2592401.0,38.0,689.0,38.0,3.0,0.0,693.0,2469474.0,2098573.0,170907.0,199994.0,657.0,36.0,0.0,0.0,224d23be779c4163d14dc5c40ba10055,2014-12-12T01:20:24 +00:00,2010-08-19T14:00:00 +00:00,SEVERE STORMS AND FLOODING,2010-07-19 14:36:00,2010-08-07T11:00:00 +00:00
1935.0,Severe Storm(s),IL,Cook (County),Chicago,60618.0,340.0,3100.0,314.0,973282.0,26.0,269.0,15.0,4.0,0.0,267.0,899169.0,755018.0,75776.0,68375.0,257.0,10.0,0.0,0.0,83ded055eb8df4f8eb2b32952d509fb1,2014-12-12T01:20:24 +00:00,2010-08-19T14:00:00 +00:00,SEVERE STORMS AND FLOODING,2010-07-19 14:36:00,2010-08-07T11:00:00 +00:00
1935.0,Severe Storm(s),IL,Cook (County),Chicago,60629.0,6.0,3569.0,5757.0,20547974.0,132.0,5.0,212.0,17.0,4.0,5417.0,19673578.0,16500561.0,1290852.0,1882165.0,5.0,228.0,16.0,4.0,5e690e7c2aba3a9e7265ef5034f5288e,2014-12-12T01:20:24 +00:00,2010-08-19T14:00:00 +00:00,SEVERE STORMS AND FLOODING,2010-07-19 14:36:00,2010-08-07T11:00:00 +00:00
1935.0,Severe Storm(s),IL,Cook (County),Chicago,60640.0,3.0,1283.0,3.0,3848.0,2.0,1.0,0.0,0.0,0.0,1.0,3554.0,3554.0,0.0,0.0,1.0,0.0,0.0,0.0,c4882b6467a493c47fe2101ace162c61,2014-12-12T01:20:24 +00:00,2010-08-19T14:00:00 +00:00,SEVERE STORMS AND FLOODING,2010-07-19 14:36:00,2010-08-07T11:00:00 +00:00
1935.0,Severe Storm(s),IL,Cook (County),Chicago,60652.0,2.0,1950.0,2202.0,4294097.0,66.0,2.0,8.0,1.0,0.0,1886.0,4173959.0,3355662.0,542015.0,276282.0,1.0,20.0,4.0,1.0,dee0f9d8d9437b40bac050ec5f0b680a,2014-12-12T01:20:24 +00:00,2010-08-19T14:00:00 +00:00,SEVERE STORMS AND FLOODING,2010-07-19 14:36:00,2010-08-07T11:00:00 +00:00
1935.0,Severe Storm(s),IL,Cook (County),Chicago,60684.0,1.0,0.0,1.0,0.0,1.0,0.0,0.0,0.0,0.0,0.0,0.0,0.0,0.0,0.0,0.0,0.0,0.0,0.0,3d32583048edf58272973c331f02273f,2014-11-20T15:20:20 +00:00,2010-08-19T14:00:00 +00:00,SEVERE STORMS AND FLOODING,2010-07-19 14:36:00,2010-08-07T11:00:00 +00:00
1935.0,Severe Storm(s),IL,Cook (County),Chicago,69619.0,1.0,931.0,1.0,931.0,0.0,1.0,0.0,0.0,0.0,1.0,931.0,931.0,0.0,0.0,1.0,0.0,0.0,0.0,fc037dd26997343072680670c5ae5aae,2014-12-12T01:20:24 +00:00,2010-08-19T14:00:00 +00:00,SEVERE STORMS AND FLOODING,2010-07-19 14:36:00,2010-08-07T11:00:00 +00:00
1935.0,Severe Storm(s),IL,Cook (County),Chicago,60617.0,1.0,2479.0,1.0,2479.0,0.0,1.0,0.0,0.0,0.0,1.0,2256.0,2256.0,0.0,0.0,1.0,0.0,0.0,0.0,d98d53617ba61496124533e7027e0e66,2014-12-12T01:20:24 +00:00,2010-08-19T14:00:00 +00:00,SEVERE STORMS AND FLOODING,2010-07-19 14:36:00,2010-08-07T11:00:00 +00:00
1935.0,Severe Storm(s),IL,Cook (County),Chicago,60644.0,1.0,1869.0,1.0,1869.0,0.0,1.0,0.0,0.0,0.0,1.0,1250.0,1250.0,0.0,0.0,1.0,0.0,0.0,0.0,afad12d656b4d1944bc70721f50b479a,2014-12-12T01:20:24 +00:00,2010-08-19T14:00:00 +00:00,SEVERE STORMS AND FLOODING,2010-07-19 14:36:00,2010-08-07T11:00:00 +00:00
1935.0,Severe Storm(s),IL,Cook (County),Chicago,60651.0,1.0,1075.0,1.0,1075.0,0.0,1.0,0.0,0.0,0.0,1.0,503.0,503.0,0.0,0.0,1.0,0.0,0.0,0.0,f81d76080a4e750320949e9acff69017,2014-12-12T01:20:24 +00:00,2010-08-19T14:00:00 +00:00,SEVERE STORMS AND FLOODING,2010-07-19 14:36:00,2010-08-07T11:00:00 +00:00
1935.0,Severe Storm(s),IL,Cook (County),Chicago,60619.0,1.0,2577.0,1.0,2577.0,0.0,1.0,0.0,0.0,0.0,1.0,2340.0,2340.0,0.0,0.0,1.0,0.0,0.0,0.0,bb38087ebb79736b17309447871277f4,2014-12-12T01:20:24 +00:00,2010-08-19T14:00:00 +00:00,SEVERE STORMS AND FLOODING,2010-07-19 14:36:00,2010-08-07T11:00:00 +00:00
1935.0,Severe Storm(s),IL,Cook (County),Chicago,60020.0,1.0,2070.0,1.0,2070.0,0.0,1.0,0.0,0.0,0.0,1.0,1532.0,1532.0,0.0,0.0,1.0,0.0,0.0,0.0,cc8d468f4b27dfccdee07bba587f7f16,2014-12-12T01:20:24 +00:00,2010-08-19T14:00:00 +00:00,SEVERE STORMS AND FLOODING,2010-07-19 14:36:00,2010-08-07T11:00:00 +00:00
1935.0,Severe Storm(s),IL,Cook (County),Chicago,60651.0,1.0,1181.0,1.0,1181.0,0.0,1.0,0.0,0.0,0.0,1.0,1181.0,867.0,0.0,314.0,1.0,0.0,0.0,0.0,24a596a7d9267bfc18e84c52157a800c,2014-12-12T01:20:24 +00:00,2010-08-19T14:00:00 +00:00,SEVERE STORMS AND FLOODING,2010-07-19 14:36:00,2010-08-07T11:00:00 +00:00
1935.0,Severe Storm(s),IL,Cook (County),Chicago,60607.0,130.0,118.0,73.0,8637.0,64.0,9.0,0.0,0.0,0.0,42.0,85216.0,4496.0,80586.0,133.0,42.0,0.0,0.0,0.0,c9e9b43a23fa112806082df0829e3b09,2014-12-12T01:20:24 +00:00,2010-08-19T14:00:00 +00:00,SEVERE STORMS AND FLOODING,2010-07-19 14:36:00,2010-08-07T11:00:00 +00:00
1935.0,Severe Storm(s),IL,Cook (County),Chicago,60617.0,4.0,2124.0,4225.0,8975273.0,203.0,3.0,24.0,1.0,1.0,3686.0,9116411.0,7478868.0,1178755.0,458788.0,3.0,61.0,7.0,2.0,31c6c49b211824e73217ab5008785991,2014-12-12T01:20:24 +00:00,2010-08-19T14:00:00 +00:00,SEVERE STORMS AND FLOODING,2010-07-19 14:36:00,2010-08-07T11:00:00 +00:00
1935.0,Severe Storm(s),IL,Cook (County),Chicago,60639.0,2.0,3355.0,2450.0,8220134.0,92.0,2.0,103.0,9.0,1.0,2205.0,7886517.0,6703801.0,388318.0,794398.0,2.0,112.0,2.0,0.0,3fdaa983f3b6f640bb1e55bb6e63103f,2014-12-12T01:20:24 +00:00,2010-08-19T14:00:00 +00:00,SEVERE STORMS AND FLOODING,2010-07-19 14:36:00,2010-08-07T11:00:00 +00:00
1935.0,Severe Storm(s),IL,Cook (County),Chicago,60628.0,5.0,1899.0,4924.0,9351214.0,392.0,4.0,21.0,0.0,0.0,4089.0,10440791.0,7809703.0,1923086.0,708001.0,3.0,82.0,8.0,4.0,fbe17170ef7dae056c049f4edb0a77af,2014-12-12T01:20:24 +00:00,2010-08-19T14:00:00 +00:00,SEVERE STORMS AND FLOODING,2010-07-19 14:36:00,2010-08-07T11:00:00 +00:00
1935.0,Severe Storm(s),IL,Cook (County),Chicago,60651.0,3.0,3288.0,3381.0,11116100.0,110.0,3.0,112.0,30.0,20.0,3083.0,11226533.0,9172095.0,891952.0,1162486.0,2.0,153.0,43.0,25.0,eabadac01313a432be40f2104d754745,2014-12-12T01:20:24 +00:00,2010-08-19T14:00:00 +00:00,SEVERE STORMS AND FLOODING,2010-07-19 14:36:00,2010-08-07T11:00:00 +00:00
1935.0,Severe Storm(s),IL,Cook (County),Chicago,60678.0,1.0,3085.0,1.0,3085.0,0.0,1.0,0.0,0.0,0.0,1.0,2927.0,2468.0,0.0,459.0,1.0,0.0,0.0,0.0,d1cabc632f0ce48662e93e027d7dc497,2014-12-12T01:20:24 +00:00,2010-08-19T14:00:00 +00:00,SEVERE STORMS AND FLOODING,2010-07-19 14:36:00,2010-08-07T11:00:00 +00:00
1935.0,Severe Storm(s),IL,Cook (County),Chicago,66039.0,1.0,4051.0,1.0,4051.0,0.0,1.0,0.0,0.0,0.0,1.0,3358.0,3358.0,0.0,0.0,1.0,0.0,0.0,0.0,a82e9288dc1007a08a686147cddc3bc6,2014-12-12T01:20:24 +00:00,2010-08-19T14:00:00 +00:00,SEVERE STORMS AND FLOODING,2010-07-19 14:36:00,2010-08-07T11:00:00 +00:00
1935.0,Severe Storm(s),IL,Cook (County),Chicago,60628.0,1.0,2026.0,1.0,2026.0,0.0,1.0,0.0,0.0,0.0,1.0,1539.0,1539.0,0.0,0.0,1.0,0.0,0.0,0.0,860899e645153946378f58df70e00840,2014-12-12T01:20:24 +00:00,2010-08-19T14:00:00 +00:00,SEVERE STORMS AND FLOODING,2010-07-19 14:36:00,2010-08-07T11:00:00 +00:00
1935.0,Severe Storm(s),IL,Cook (County),Chicago,60643.0,1.0,3212.0,1.0,3212.0,0.0,1.0,0.0,0.0,0.0,1.0,1435.0,1435.0,0.0,0.0,1.0,0.0,0.0,0.0,0b88d2125ec6f3a95beff18afb30412a,2014-12-12T01:20:24 +00:00,2010-08-19T14:00:00 +00:00,SEVERE STORMS AND FLOODING,2010-07-19 14:36:00,2010-08-07T11:00:00 +00:00
1935.0,Severe Storm(s),IL,Cook (County),Chicago,60628.0,1.0,10361.0,1.0,10361.0,0.0,0.0,1.0,0.0,0.0,0.0,0.0,0.0,0.0,0.0,0.0,0.0,0.0,0.0,7a7f344f96c61c01ede01321dedb0ed2,2014-12-12T01:20:24 +00:00,2010-08-19T14:00:00 +00:00,SEVERE STORMS AND FLOODING,2010-07-19 14:36:00,2010-08-07T11:00:00 +00:00
1935.0,Severe Storm(s),IL,Cook (County),Chicago,60628.0,1.0,1536.0,1.0,1536.0,0.0,1.0,0.0,0.0,0.0,1.0,1536.0,1536.0,0.0,0.0,1.0,0.0,0.0,0.0,5e228e0faf6dcc82ce5c29b105efe7be,2014-12-12T01:20:24 +00:00,2010-08-19T14:00:00 +00:00,SEVERE STORMS AND FLOODING,2010-07-19 14:36:00,2010-08-07T11:00:00 +00:00
1935.0,Severe Storm(s),IL,Cook (County),Chicago,60609.0,1.0,2896.0,1365.0,3953326.0,75.0,1.0,26.0,7.0,2.0,1181.0,3852376.0,3157372.0,353940.0,341064.0,1.0,43.0,6.0,2.0,b6480b3ccab32860df2799dabfbc6d4a,2014-12-12T01:20:24 +00:00,2010-08-19T14:00:00 +00:00,SEVERE STORMS AND FLOODING,2010-07-19 14:36:00,2010-08-07T11:00:00 +00:00
1935.0,Severe Storm(s),IL,Cook (County),Chicago,60131.0,1.0,0.0,1.0,0.0,1.0,0.0,0.0,0.0,0.0,0.0,0.0,0.0,0.0,0.0,0.0,0.0,0.0,0.0,aa3de10d8c5d9e028d737535a2b973b6,2014-11-20T15:20:20 +00:00,2010-08-19T14:00:00 +00:00,SEVERE STORMS AND FLOODING,2010-07-19 14:36:00,2010-08-07T11:00:00 +00:00
1935.0,Severe Storm(s),IL,Cook (County),Chicago,60651.0,1.0,3130.0,1.0,3130.0,0.0,1.0,0.0,0.0,0.0,1.0,2860.0,1785.0,0.0,1075.0,1.0,0.0,0.0,0.0,85caac29fd1fc728c679dac114f18b7c,2014-12-12T01:20:24 +00:00,2010-08-19T14:00:00 +00:00,SEVERE STORMS AND FLOODING,2010-07-19 14:36:00,2010-08-07T11:00:00 +00:00
1935.0,Severe Storm(s),IL,Cook (County),Chicago,60619.0,4.0,2438.0,4668.0,11381949.0,174.0,4.0,54.0,4.0,0.0,4192.0,12111835.0,9499476.0,1963610.0,648749.0,4.0,115.0,14.0,2.0,0842c19b7da2ae9304018e1d936049ed,2014-12-12T01:20:24 +00:00,2010-08-19T14:00:00 +00:00,SEVERE STORMS AND FLOODING,2010-07-19 14:36:00,2010-08-07T11:00:00 +00:00
1935.0,Severe Storm(s),IL,Cook (County),Chicago,60630.0,98.0,2312.0,96.0,221974.0,20.0,75.0,1.0,0.0,0.0,71.0,198791.0,186049.0,2032.0,10709.0,70.0,1.0,0.0,0.0,665ee9924716796050e343d2ad10f832,2014-12-12T01:20:24 +00:00,2010-08-19T14:00:00 +00:00,SEVERE STORMS AND FLOODING,2010-07-19 14:36:00,2010-08-07T11:00:00 +00:00
1935.0,Severe Storm(s),IL,Cook (County),Chicago,60641.0,506.0,2580.0,482.0,1243705.0,78.0,394.0,10.0,0.0,0.0,378.0,1162871.0,1027094.0,44816.0,90961.0,366.0,12.0,0.0,0.0,648b7600cfc507f514be5e392e343882,2014-12-12T01:20:24 +00:00,2010-08-19T14:00:00 +00:00,SEVERE STORMS AND FLOODING,2010-07-19 14:36:00,2010-08-07T11:00:00 +00:00
1935.0,Severe Storm(s),IL,Cook (County),Chicago,60653.0,357.0,3182.0,330.0,1050176.0,21.0,290.0,18.0,1.0,0.0,274.0,923801.0,782636.0,114528.0,26637.0,255.0,19.0,0.0,0.0,24f710afae976c4c50585d2f45e3d413,2014-12-12T01:20:24 +00:00,2010-08-19T14:00:00 +00:00,SEVERE STORMS AND FLOODING,2010-07-19 14:36:00,2010-08-07T11:00:00 +00:00
1935.0,Severe Storm(s),IL,Cook (County),Chicago,60689.0,1.0,2924.0,1.0,2924.0,0.0,1.0,0.0,0.0,0.0,1.0,2924.0,2465.0,0.0,459.0,1.0,0.0,0.0,0.0,26526a420ad9f2506c6171454eeeeae0,2014-12-12T01:20:24 +00:00,2010-08-19T14:00:00 +00:00,SEVERE STORMS AND FLOODING,2010-07-19 14:36:00,2010-08-07T11:00:00 +00:00
1935.0,Severe Storm(s),IL,Cook (County),Chicago,60628.0,2.0,2061.0,2.0,4123.0,0.0,2.0,0.0,0.0,0.0,2.0,3456.0,3456.0,0.0,0.0,2.0,0.0,0.0,0.0,f8814d69cee3a46c11e7e1cd9a77e7a2,2014-12-12T01:20:24 +00:00,2010-08-19T14:00:00 +00:00,SEVERE STORMS AND FLOODING,2010-07-19 14:36:00,2010-08-07T11:00:00 +00:00
1935.0,Severe Storm(s),IL,Cook (County),Chicago,60651.0,1.0,9532.0,1.0,9532.0,0.0,1.0,0.0,0.0,0.0,1.0,8532.0,4039.0,0.0,4493.0,1.0,0.0,0.0,0.0,d34317ca076d305a0aec92a5b94ad854,2014-12-12T01:20:24 +00:00,2010-08-19T14:00:00 +00:00,SEVERE STORMS AND FLOODING,2010-07-19 14:36:00,2010-08-07T11:00:00 +00:00
1935.0,Severe Storm(s),IL,Cook (County),Chicago,60620.0,3.0,2108.0,3.0,6324.0,0.0,3.0,0.0,0.0,0.0,3.0,5010.0,5010.0,0.0,0.0,3.0,0.0,0.0,0.0,0621de4f886d8411d9e8a7bc42a923ee,2014-12-12T01:20:24 +00:00,2010-08-19T14:00:00 +00:00,SEVERE STORMS AND FLOODING,2010-07-19 14:36:00,2010-08-07T11:00:00 +00:00
1935.0,Severe Storm(s),IL,Cook (County),Chicago,60621.0,1.0,1883.0,966.0,1819253.0,86.0,867.0,10.0,2.0,1.0,771.0,2157634.0,1501694.0,485877.0,170063.0,737.0,29.0,5.0,4.0,f119ca6399d09ad85d9633c80f546734,2014-12-12T01:20:24 +00:00,2010-08-19T14:00:00 +00:00,SEVERE STORMS AND FLOODING,2010-07-19 14:36:00,2010-08-07T11:00:00 +00:00
1935.0,Severe Storm(s),IL,Cook (County),Chicago,60290.0,1.0,4717.0,1.0,4717.0,0.0,1.0,0.0,0.0,0.0,1.0,3505.0,3505.0,0.0,0.0,1.0,0.0,0.0,0.0,01a090291c87148cba6d397b9a14da60,2014-12-12T01:20:24 +00:00,2010-08-19T14:00:00 +00:00,SEVERE STORMS AND FLOODING,2010-07-19 14:36:00,2010-08-07T11:00:00 +00:00
1935.0,Severe Storm(s),IL,Cook (County),Chicago,60655.0,1.0,1722.0,1303.0,2243856.0,53.0,1.0,1.0,0.0,0.0,1151.0,2009535.0,1905763.0,84460.0,19312.0,1.0,1.0,0.0,0.0,4825ccd06dedff3d313c2bc72b2d6d66,2014-12-12T01:20:24 +00:00,2010-08-19T14:00:00 +00:00,SEVERE STORMS AND FLOODING,2010-07-19 14:36:00,2010-08-07T11:00:00 +00:00
1935.0,Severe Storm(s),IL,Cook (County),Chicago,60611.0,1.0,1624.0,1.0,1624.0,0.0,1.0,0.0,0.0,0.0,1.0,1398.0,1398.0,0.0,0.0,1.0,0.0,0.0,0.0,786223482ff27f14b80fd7dcf515fdf1,2014-12-12T01:20:24 +00:00,2010-08-19T14:00:00 +00:00,SEVERE STORMS AND FLOODING,2010-07-19 14:36:00,2010-08-07T11:00:00 +00:00
1935.0,Severe Storm(s),IL,Cook (County),Chicago,60707.0,438.0,3564.0,425.0,1514761.0,14.0,394.0,16.0,1.0,0.0,388.0,1202528.0,1092137.0,47466.0,62926.0,375.0,13.0,0.0,0.0,2baba70586b370050f2cd3d1e150e348,2014-12-12T01:20:24 +00:00,2010-08-19T14:00:00 +00:00,SEVERE STORMS AND FLOODING,2010-07-19 14:36:00,2010-08-07T11:00:00 +00:00
1935.0,Severe Storm(s),IL,Cook (County),Chicago,60619.0,1.0,1169.0,1.0,1169.0,0.0,1.0,0.0,0.0,0.0,1.0,1169.0,1169.0,0.0,0.0,1.0,0.0,0.0,0.0,ff98090b8a7477e565e83f39ed539864,2014-12-12T01:20:24 +00:00,2010-08-19T14:00:00 +00:00,SEVERE STORMS AND FLOODING,2010-07-19 14:36:00,2010-08-07T11:00:00 +00:00
1935.0,Severe Storm(s),IL,Cook (County),Chicago,60632.0,3.0,3990.0,3530.0,14085270.0,99.0,3.0,159.0,27.0,2.0,3302.0,13130873.0,11148001.0,548140.0,1434731.0,3.0,172.0,10.0,4.0,0fa399e70db841b414fe2e1fac8eeb36,2014-12-12T01:20:24 +00:00,2010-08-19T14:00:00 +00:00,SEVERE STORMS AND FLOODING,2010-07-19 14:36:00,2010-08-07T11:00:00 +00:00
1935.0,Severe Storm(s),IL,Cook (County),Chicago,60620.0,1.0,1052.0,1.0,1052.0,0.0,1.0,0.0,0.0,0.0,1.0,593.0,593.0,0.0,0.0,1.0,0.0,0.0,0.0,68ec20d7fbc3ad1986b474f7536307bd,2014-12-12T01:20:24 +00:00,2010-08-19T14:00:00 +00:00,SEVERE STORMS AND FLOODING,2010-07-19 14:36:00,2010-08-07T11:00:00 +00:00
1935.0,Severe Storm(s),IL,Cook (County),Chicago,60643.0,1.0,503.0,1.0,503.0,0.0,1.0,0.0,0.0,0.0,1.0,503.0,503.0,0.0,0.0,1.0,0.0,0.0,0.0,759be63e33183f96987d8a916a5823a1,2014-12-12T01:20:24 +00:00,2010-08-19T14:00:00 +00:00,SEVERE STORMS AND FLOODING,2010-07-19 14:36:00,2010-08-07T11:00:00 +00:00
1935.0,Severe Storm(s),IL,Cook (County),Chicago,60643.0,3.0,2031.0,3068.0,6231808.0,217.0,2.0,20.0,0.0,0.0,2527.0,6386150.0,5166338.0,857918.0,361895.0,2.0,57.0,4.0,0.0,e3f9b4d54c5d67febc0f32e15b4311d8,2014-12-12T01:20:24 +00:00,2010-08-19T14:00:00 +00:00,SEVERE STORMS AND FLOODING,2010-07-19 14:36:00,2010-08-07T11:00:00 +00:00
1935.0,Severe Storm(s),IL,Cook (County),Chicago,60639.0,1.0,227.0,1.0,227.0,0.0,1.0,0.0,0.0,0.0,1.0,227.0,227.0,0.0,0.0,1.0,0.0,0.0,0.0,8c48ee2c91ea6119b2a48995edf73605,2014-12-12T01:20:24 +00:00,2010-08-19T14:00:00 +00:00,SEVERE STORMS AND FLOODING,2010-07-19 14:36:00,2010-08-07T11:00:00 +00:00
1935.0,Severe Storm(s),IL,Cook (County),Chicago,60617.0,1.0,170.0,1.0,170.0,0.0,1.0,0.0,0.0,0.0,1.0,170.0,170.0,0.0,0.0,1.0,0.0,0.0,0.0,12a5bb36ef88dd39d2c4b8704da088ec,2014-12-12T01:20:24 +00:00,2010-08-19T14:00:00 +00:00,SEVERE STORMS AND FLOODING,2010-07-19 14:36:00,2010-08-07T11:00:00 +00:00
1935.0,Severe Storm(s),IL,Cook (County),Chicago,60616.0,161.0,2022.0,147.0,297163.0,10.0,132.0,5.0,0.0,0.0,112.0,290594.0,252662.0,19192.0,18740.0,106.0,6.0,0.0,0.0,9387ba6cb836baacdfb91101927818ac,2014-12-12T01:20:24 +00:00,2010-08-19T14:00:00 +00:00,SEVERE STORMS AND FLOODING,2010-07-19 14:36:00,2010-08-07T11:00:00 +00:00
1935.0,Severe Storm(s),IL,Cook (County),Chicago,66019.0,1.0,954.0,1.0,954.0,0.0,1.0,0.0,0.0,0.0,0.0,0.0,0.0,0.0,0.0,0.0,0.0,0.0,0.0,54fa371810c278ab53601b9b054a58d3,2014-12-12T01:20:24 +00:00,2010-08-19T14:00:00 +00:00,SEVERE STORMS AND FLOODING,2010-07-19 14:36:00,2010-08-07T11:00:00 +00:00
1935.0,Severe Storm(s),IL,Cook (County),Chicago,60643.0,2.0,1377.0,2.0,2753.0,1.0,1.0,0.0,0.0,0.0,1.0,2753.0,2137.0,0.0,616.0,1.0,0.0,0.0,0.0,92f76bab5eebf739e59ed3145054de0d,2014-12-12T01:20:24 +00:00,2010-08-19T14:00:00 +00:00,SEVERE STORMS AND FLOODING,2010-07-19 14:36:00,2010-08-07T11:00:00 +00:00
1935.0,Severe Storm(s),IL,Cook (County),Chicago,60626.0,12.0,3510.0,11.0,38615.0,5.0,5.0,0.0,1.0,0.0,6.0,63229.0,30479.0,32750.0,0.0,3.0,3.0,0.0,0.0,27778483221ec97e0ef9cf3b73151f74,2014-12-12T01:20:24 +00:00,2010-08-19T14:00:00 +00:00,SEVERE STORMS AND FLOODING,2010-07-19 14:36:00,2010-08-07T11:00:00 +00:00
1935.0,Severe Storm(s),IL,Cook (County),Chicago,60628.0,1.0,7361.0,1.0,7361.0,0.0,1.0,0.0,0.0,0.0,1.0,7204.0,7204.0,0.0,0.0,1.0,0.0,0.0,0.0,ade0d004b39aacd5c54406a44e243ecd,2014-12-12T01:20:24 +00:00,2010-08-19T14:00:00 +00:00,SEVERE STORMS AND FLOODING,2010-07-19 14:36:00,2010-08-07T11:00:00 +00:00
1935.0,Severe Storm(s),IL,Cook (County),Chicago,60638.0,2.0,2581.0,2467.0,6367274.0,93.0,2.0,42.0,1.0,0.0,2174.0,5486924.0,4981768.0,197900.0,307256.0,2.0,39.0,1.0,0.0,b33a1e601e2ad503eca90234d6251951,2014-12-12T01:20:24 +00:00,2010-08-19T14:00:00 +00:00,SEVERE STORMS AND FLOODING,2010-07-19 14:36:00,2010-08-07T11:00:00 +00:00
1935.0,Severe Storm(s),IL,Cook (County),Chicago,60638.0,1.0,879.0,1.0,879.0,0.0,1.0,0.0,0.0,0.0,1.0,2909.0,879.0,2030.0,0.0,1.0,0.0,0.0,0.0,d313f6f440819eb4cad61cd02a825c06,2014-12-12T01:20:24 +00:00,2010-08-19T14:00:00 +00:00,SEVERE STORMS AND FLOODING,2010-07-19 14:36:00,2010-08-07T11:00:00 +00:00
1935.0,Severe Storm(s),IL,Cook (County),Chicago,60606.0,2.0,1633.0,2.0,3267.0,1.0,1.0,0.0,0.0,0.0,1.0,2829.0,2829.0,0.0,0.0,1.0,0.0,0.0,0.0,8f6d23ea15e00b691e72f97e6afa7d7d,2014-12-12T01:20:24 +00:00,2010-08-19T14:00:00 +00:00,SEVERE STORMS AND FLOODING,2010-07-19 14:36:00,2010-08-07T11:00:00 +00:00
1935.0,Severe Storm(s),IL,Cook (County),Chicago,60673.0,1.0,4017.0,1.0,4017.0,0.0,1.0,0.0,0.0,0.0,1.0,10001.0,9083.0,0.0,918.0,0.0,1.0,0.0,0.0,0b86d67db81c5f304d6cf10d459448d4,2014-12-12T01:20:24 +00:00,2010-08-19T14:00:00 +00:00,SEVERE STORMS AND FLOODING,2010-07-19 14:36:00,2010-08-07T11:00:00 +00:00
1935.0,Severe Storm(s),IL,Cook (County),Chicago,60649.0,1.0,5312.0,1.0,5312.0,0.0,1.0,0.0,0.0,0.0,0.0,0.0,0.0,0.0,0.0,0.0,0.0,0.0,0.0,6349d9338533b09601cbd17be60bb925,2014-12-12T01:20:24 +00:00,2010-08-19T14:00:00 +00:00,SEVERE STORMS AND FLOODING,2010-07-19 14:36:00,2010-08-07T11:00:00 +00:00
1935.0,Severe Storm(s),IL,Cook (County),Chicago,60649.0,1.0,2566.0,1066.0,2735646.0,59.0,987.0,16.0,4.0,0.0,931.0,2655144.0,2291050.0,249906.0,114189.0,898.0,29.0,4.0,0.0,2ded7d1e09f03275fb05471e20c8720e,2014-12-12T01:20:24 +00:00,2010-08-19T14:00:00 +00:00,SEVERE STORMS AND FLOODING,2010-07-19 14:36:00,2010-08-07T11:00:00 +00:00
1935.0,Severe Storm(s),IL,Cook (County),Chicago,60617.0,3.0,2945.0,3.0,8836.0,0.0,3.0,0.0,0.0,0.0,2.0,7634.0,5944.0,0.0,1690.0,2.0,0.0,0.0,0.0,413918e1369471220104741b21480c19,2014-12-12T01:20:24 +00:00,2010-08-19T14:00:00 +00:00,SEVERE STORMS AND FLOODING,2010-07-19 14:36:00,2010-08-07T11:00:00 +00:00
1935.0,Severe Storm(s),IL,Cook (County),Chicago,60617.0,1.0,459.0,1.0,459.0,0.0,1.0,0.0,0.0,0.0,1.0,459.0,0.0,0.0,459.0,1.0,0.0,0.0,0.0,ac19c767550916a921d3fecad62d3a92,2014-12-12T01:20:24 +00:00,2010-08-19T14:00:00 +00:00,SEVERE STORMS AND FLOODING,2010-07-19 14:36:00,2010-08-07T11:00:00 +00:00
1935.0,Severe Storm(s),IL,Cook (County),Chicago,60638.0,1.0,57.0,1.0,57.0,0.0,1.0,0.0,0.0,0.0,0.0,0.0,0.0,0.0,0.0,0.0,0.0,0.0,0.0,a2a05e362ce2bebf81dbbf3194d3c794,2014-12-12T01:20:24 +00:00,2010-08-19T14:00:00 +00:00,SEVERE STORMS AND FLOODING,2010-07-19 14:36:00,2010-08-07T11:00:00 +00:00
1935.0,Severe Storm(s),IL,Cook (County),Chicago,60155.0,1.0,0.0,1.0,0.0,1.0,0.0,0.0,0.0,0.0,0.0,0.0,0.0,0.0,0.0,0.0,0.0,0.0,0.0,519965640ed62b6383c717e4e0b75e43,2014-11-20T15:20:21 +00:00,2010-08-19T14:00:00 +00:00,SEVERE STORMS AND FLOODING,2010-07-19 14:36:00,2010-08-07T11:00:00 +00:00
1935.0,Severe Storm(s),IL,Cook (County),Chicago,60610.0,2.0,4060.0,2.0,8120.0,0.0,2.0,0.0,0.0,0.0,2.0,21827.0,8657.0,11624.0,1546.0,1.0,1.0,0.0,0.0,e42f2207aa02b66adbdd6007c75b1401,2014-12-12T01:20:24 +00:00,2010-08-19T14:00:00 +00:00,SEVERE STORMS AND FLOODING,2010-07-19 14:36:00,2010-08-07T11:00:00 +00:00
1935.0,Severe Storm(s),IL,Cook (County),Chicago,60693.0,1.0,2752.0,1.0,2752.0,0.0,1.0,0.0,0.0,0.0,1.0,1998.0,1998.0,0.0,0.0,1.0,0.0,0.0,0.0,fc510c14175d5cd4d3c9964c63e2f3db,2014-12-12T01:20:24 +00:00,2010-08-19T14:00:00 +00:00,SEVERE STORMS AND FLOODING,2010-07-19 14:36:00,2010-08-07T11:00:00 +00:00
1935.0,Severe Storm(s),IL,Cook (County),Chicago,60631.0,71.0,1736.0,71.0,123273.0,5.0,66.0,0.0,0.0,0.0,63.0,103906.0,102070.0,0.0,1836.0,63.0,0.0,0.0,0.0,1ed5fb820c8e3be90464679105d3d3d1,2014-12-12T01:20:24 +00:00,2010-08-19T14:00:00 +00:00,SEVERE STORMS AND FLOODING,2010-07-19 14:36:00,2010-08-07T11:00:00 +00:00
1935.0,Severe Storm(s),IL,Cook (County),Chicago,60639.0,1.0,10149.0,1.0,10149.0,0.0,0.0,1.0,0.0,0.0,1.0,8287.0,8287.0,0.0,0.0,1.0,0.0,0.0,0.0,26386687490d6605e28e4ebd74574ef9,2014-12-12T01:20:24 +00:00,2010-08-19T14:00:00 +00:00,SEVERE STORMS AND FLOODING,2010-07-19 14:36:00,2010-08-07T11:00:00 +00:00
1935.0,Severe Storm(s),IL,Cook (County),Chicago,60620.0,5.0,2079.0,4898.0,10181855.0,217.0,4.0,23.0,2.0,1.0,4351.0,10732092.0,8595375.0,1525967.0,610750.0,4.0,66.0,18.0,4.0,8199ff86b584a18d05ac8f72508e399f,2014-12-12T01:20:24 +00:00,2010-08-19T14:00:00 +00:00,SEVERE STORMS AND FLOODING,2010-07-19 14:36:00,2010-08-07T11:00:00 +00:00
1935.0,Severe Storm(s),IL,Cook (County),Chicago,60642.0,29.0,3559.0,23.0,81858.0,4.0,16.0,3.0,0.0,0.0,12.0,69956.0,62044.0,1806.0,6106.0,9.0,3.0,0.0,0.0,ec27544206fc695daaa458086100b72f,2014-12-12T01:20:24 +00:00,2010-08-19T14:00:00 +00:00,SEVERE STORMS AND FLOODING,2010-07-19 14:36:00,2010-08-07T11:00:00 +00:00
1935.0,Severe Storm(s),IL,Cook (County),Chicago,60654.0,1.0,264.0,1.0,264.0,0.0,1.0,0.0,0.0,0.0,0.0,0.0,0.0,0.0,0.0,0.0,0.0,0.0,0.0,a7be5ff6929719ea609f36acbb988f9c,2014-12-12T01:20:24 +00:00,2010-08-19T14:00:00 +00:00,SEVERE STORMS AND FLOODING,2010-07-19 14:36:00,2010-08-07T11:00:00 +00:00
1800.0,Severe Storm(s),IL,Cook (County),Chicago,60608.0,14.0,2429.0,14.0,34010.0,2.0,11.0,1.0,0.0,0.0,8.0,28986.0,26778.0,2008.0,200.0,7.0,1.0,0.0,0.0,2e9c5830c7a7712df14da2e08288a756,2014-12-12T01:22:25 +00:00,2008-10-03T18:30:00 +00:00,SEVERE STORMS AND FLOODING,2008-09-13 08:00:00,2008-10-05T00:00:00 +00:00
1800.0,Severe Storm(s),IL,Cook (County),Chicago,60642.0,2.0,958.0,2.0,1915.0,0.0,2.0,0.0,0.0,0.0,0.0,0.0,0.0,0.0,0.0,0.0,0.0,0.0,0.0,83a0e89965668312350e4da49b0090a6,2014-12-12T01:22:25 +00:00,2008-10-03T18:30:00 +00:00,SEVERE STORMS AND FLOODING,2008-09-13 08:00:00,2008-10-05T00:00:00 +00:00
1800.0,Severe Storm(s),IL,Cook (County),Chicago,60655.0,36.0,761.0,36.0,27411.0,7.0,29.0,0.0,0.0,0.0,23.0,21198.0,20998.0,0.0,200.0,23.0,0.0,0.0,0.0,337748e5fd974840b15bb46ca9a41d6d,2014-12-12T01:22:25 +00:00,2008-10-03T18:30:00 +00:00,SEVERE STORMS AND FLOODING,2008-09-13 08:00:00,2008-10-05T00:00:00 +00:00
1800.0,Severe Storm(s),IL,Cook (County),Chicago,60631.0,279.0,2269.0,269.0,610342.0,12.0,257.0,0.0,0.0,0.0,220.0,490918.0,461312.0,12998.0,16608.0,219.0,1.0,0.0,0.0,fab0b591181fc5b7fb414fea91aec552,2014-12-12T01:22:25 +00:00,2008-10-03T18:30:00 +00:00,SEVERE STORMS AND FLOODING,2008-09-13 08:00:00,2008-10-05T00:00:00 +00:00
1800.0,Severe Storm(s),IL,Cook (County),Chicago,60620.0,1.0,1306.0,1110.0,1449338.0,209.0,894.0,6.0,1.0,0.0,707.0,1302916.0,1087843.0,122836.0,92237.0,698.0,7.0,2.0,0.0,6c320346437326a975543db6f6877288,2014-12-12T01:22:25 +00:00,2008-10-03T18:30:00 +00:00,SEVERE STORMS AND FLOODING,2008-09-13 08:00:00,2008-10-05T00:00:00 +00:00
1800.0,Severe Storm(s),IL,Cook (County),Chicago,60633.0,75.0,1285.0,74.0,95090.0,11.0,62.0,1.0,0.0,0.0,45.0,84420.0,71355.0,9600.0,3465.0,44.0,1.0,0.0,0.0,6757bc61fe57d2a5356dd3183bb18d8c,2014-12-12T01:22:25 +00:00,2008-10-03T18:30:00 +00:00,SEVERE STORMS AND FLOODING,2008-09-13 08:00:00,2008-10-05T00:00:00 +00:00
1800.0,Severe Storm(s),IL,Cook (County),Chicago,60644.0,249.0,1387.0,232.0,321812.0,26.0,206.0,0.0,0.0,0.0,163.0,342601.0,245384.0,65811.0,31406.0,161.0,1.0,1.0,1.0,e443ced36d8cc8a3b15009920f0e644b,2014-12-12T01:22:25 +00:00,2008-10-03T18:30:00 +00:00,SEVERE STORMS AND FLOODING,2008-09-13 08:00:00,2008-10-05T00:00:00 +00:00
1800.0,Severe Storm(s),IL,Cook (County),Chicago,60612.0,68.0,1440.0,65.0,93581.0,15.0,49.0,1.0,0.0,0.0,38.0,100560.0,72959.0,21430.0,6171.0,36.0,2.0,0.0,0.0,ddd081e9a5ed054e9b76f52dde7f683d,2014-12-12T01:22:25 +00:00,2008-10-03T18:30:00 +00:00,SEVERE STORMS AND FLOODING,2008-09-13 08:00:00,2008-10-05T00:00:00 +00:00
1800.0,Severe Storm(s),IL,Cook (County),Chicago,60659.0,35.0,1783.0,35.0,62408.0,4.0,30.0,1.0,0.0,0.0,25.0,58239.0,50504.0,6570.0,1165.0,24.0,1.0,0.0,0.0,fd93d157177b263577ce5000d00908ef,2014-12-12T01:22:25 +00:00,2008-10-03T18:30:00 +00:00,SEVERE STORMS AND FLOODING,2008-09-13 08:00:00,2008-10-05T00:00:00 +00:00
1800.0,Severe Storm(s),IL,Cook (County),Chicago,60622.0,7.0,706.0,7.0,4944.0,3.0,4.0,0.0,0.0,0.0,3.0,5484.0,3476.0,2008.0,0.0,3.0,0.0,0.0,0.0,1281a5d46f3219722e0508b19d526fd1,2014-12-12T01:22:25 +00:00,2008-10-03T18:30:00 +00:00,SEVERE STORMS AND FLOODING,2008-09-13 08:00:00,2008-10-05T00:00:00 +00:00
1800.0,Severe Storm(s),IL,Cook (County),Chicago,60624.0,152.0,1176.0,134.0,157587.0,33.0,101.0,0.0,0.0,0.0,68.0,120291.0,113192.0,0.0,7100.0,68.0,0.0,0.0,0.0,561dd65de1b4d0fc043043b7885739ca,2014-12-12T01:22:25 +00:00,2008-10-03T18:30:00 +00:00,SEVERE STORMS AND FLOODING,2008-09-13 08:00:00,2008-10-05T00:00:00 +00:00
1800.0,Severe Storm(s),IL,Cook (County),Chicago,60686.0,1.0,0.0,1.0,0.0,1.0,0.0,0.0,0.0,0.0,0.0,0.0,0.0,0.0,0.0,0.0,0.0,0.0,0.0,972b5cc612583a894735e5dc354f2621,2014-11-20T15:22:03 +00:00,2008-10-03T18:30:00 +00:00,SEVERE STORMS AND FLOODING,2008-09-13 08:00:00,2008-10-05T00:00:00 +00:00
1800.0,Severe Storm(s),IL,Cook (County),Chicago,60614.0,3.0,2252.0,3.0,6756.0,0.0,3.0,0.0,0.0,0.0,2.0,5042.0,4792.0,0.0,250.0,2.0,0.0,0.0,0.0,c9b3bcb5949fe3ad237fa52fae4a5871,2014-12-12T01:22:25 +00:00,2008-10-03T18:30:00 +00:00,SEVERE STORMS AND FLOODING,2008-09-13 08:00:00,2008-10-05T00:00:00 +00:00
1800.0,Severe Storm(s),IL,Cook (County),Chicago,60646.0,58.0,1699.0,55.0,93466.0,7.0,48.0,0.0,0.0,0.0,41.0,87413.0,74559.0,10274.0,2580.0,41.0,0.0,0.0,0.0,1e2320c03b7809db5ae6c0ce924da0bd,2014-12-12T01:22:25 +00:00,2008-10-03T18:30:00 +00:00,SEVERE STORMS AND FLOODING,2008-09-13 08:00:00,2008-10-05T00:00:00 +00:00
1800.0,Severe Storm(s),IL,Cook (County),Chicago,60636.0,585.0,1239.0,561.0,695260.0,96.0,461.0,4.0,0.0,0.0,354.0,650683.0,507563.0,76693.0,66427.0,348.0,6.0,0.0,0.0,b718ab3887f787c3af3c178fb1ea0248,2014-12-12T01:22:25 +00:00,2008-10-03T18:30:00 +00:00,SEVERE STORMS AND FLOODING,2008-09-13 08:00:00,2008-10-05T00:00:00 +00:00
1800.0,Severe Storm(s),IL,Cook (County),Chicago,60616.0,10.0,1941.0,10.0,19409.0,3.0,7.0,0.0,0.0,0.0,5.0,13115.0,10472.0,2008.0,635.0,5.0,0.0,0.0,0.0,2581ce56d3448fe2d927e40594a6b93c,2014-12-12T01:22:25 +00:00,2008-10-03T18:30:00 +00:00,SEVERE STORMS AND FLOODING,2008-09-13 08:00:00,2008-10-05T00:00:00 +00:00
1800.0,Severe Storm(s),IL,Cook (County),Chicago,60626.0,8.0,765.0,8.0,6122.0,1.0,7.0,0.0,0.0,0.0,5.0,4146.0,4146.0,0.0,0.0,5.0,0.0,0.0,0.0,347339e2b794177f6fcdbb1483373d82,2014-12-12T01:22:25 +00:00,2008-10-03T18:30:00 +00:00,SEVERE STORMS AND FLOODING,2008-09-13 08:00:00,2008-10-05T00:00:00 +00:00
1800.0,Severe Storm(s),IL,Cook (County),Chicago,60638.0,50.0,1355.0,49.0,66410.0,7.0,42.0,0.0,0.0,0.0,31.0,73716.0,57664.0,14173.0,1878.0,31.0,0.0,0.0,0.0,b6f3fdb603e5468e9714922c68ef4567,2014-12-12T01:22:25 +00:00,2008-10-03T18:30:00 +00:00,SEVERE STORMS AND FLOODING,2008-09-13 08:00:00,2008-10-05T00:00:00 +00:00
1800.0,Severe Storm(s),IL,Cook (County),Chicago,60649.0,554.0,1770.0,523.0,925755.0,59.0,459.0,5.0,0.0,0.0,379.0,844534.0,711839.0,101532.0,31163.0,371.0,8.0,0.0,0.0,bb76d28a9b9c07507119dfcd25c1ac9e,2014-12-12T01:22:25 +00:00,2008-10-03T18:30:00 +00:00,SEVERE STORMS AND FLOODING,2008-09-13 08:00:00,2008-10-05T00:00:00 +00:00
1800.0,Severe Storm(s),IL,Cook (County),Chicago,60827.0,33.0,1081.0,33.0,35658.0,7.0,26.0,0.0,0.0,0.0,19.0,29635.0,28173.0,0.0,1462.0,19.0,0.0,0.0,0.0,2d6f0bef848a0c25fc7adfe469d58aed,2014-12-12T01:22:25 +00:00,2008-10-03T18:30:00 +00:00,SEVERE STORMS AND FLOODING,2008-09-13 08:00:00,2008-10-05T00:00:00 +00:00
1800.0,Severe Storm(s),IL,Cook (County),Chicago,60605.0,1.0,869.0,1.0,869.0,0.0,1.0,0.0,0.0,0.0,0.0,0.0,0.0,0.0,0.0,0.0,0.0,0.0,0.0,a289ef94741f591864371a933b02a94c,2014-12-12T01:22:25 +00:00,2008-10-03T18:30:00 +00:00,SEVERE STORMS AND FLOODING,2008-09-13 08:00:00,2008-10-05T00:00:00 +00:00
1800.0,Severe Storm(s),IL,Cook (County),Chicago,60618.0,8.0,1532.0,8.0,12255.0,1.0,7.0,0.0,0.0,0.0,3.0,7403.0,6413.0,0.0,990.0,3.0,0.0,0.0,0.0,634e8f853758681c5e5d97ca81b15d99,2014-12-12T01:22:25 +00:00,2008-10-03T18:30:00 +00:00,SEVERE STORMS AND FLOODING,2008-09-13 08:00:00,2008-10-05T00:00:00 +00:00
1800.0,Severe Storm(s),IL,Cook (County),Chicago,60629.0,309.0,1058.0,288.0,304672.0,65.0,221.0,2.0,0.0,0.0,172.0,289512.0,228821.0,48910.0,11781.0,171.0,0.0,1.0,1.0,d58d0c0f1bb83c714fcffc84404fec1c,2014-12-12T01:22:25 +00:00,2008-10-03T18:30:00 +00:00,SEVERE STORMS AND FLOODING,2008-09-13 08:00:00,2008-10-05T00:00:00 +00:00
1800.0,Severe Storm(s),IL,Cook (County),Chicago,60652.0,530.0,865.0,496.0,429078.0,91.0,405.0,0.0,0.0,0.0,277.0,374073.0,302402.0,54953.0,16718.0,275.0,2.0,0.0,0.0,e3fd88b6e6ee35570da1935f0fd1f580,2014-12-12T01:22:25 +00:00,2008-10-03T18:30:00 +00:00,SEVERE STORMS AND FLOODING,2008-09-13 08:00:00,2008-10-05T00:00:00 +00:00
1800.0,Severe Storm(s),IL,Cook (County),Chicago,60640.0,2.0,0.0,2.0,0.0,2.0,0.0,0.0,0.0,0.0,0.0,0.0,0.0,0.0,0.0,0.0,0.0,0.0,0.0,11c4931b2141d34cf503731803942fe3,2014-11-20T15:22:03 +00:00,2008-10-03T18:30:00 +00:00,SEVERE STORMS AND FLOODING,2008-09-13 08:00:00,2008-10-05T00:00:00 +00:00
1800.0,Severe Storm(s),IL,Cook (County),Chicago,60609.0,197.0,1596.0,186.0,296881.0,40.0,142.0,4.0,0.0,0.0,111.0,302575.0,221413.0,56056.0,25106.0,104.0,7.0,0.0,0.0,b888ebb97193903128e46029bb98aa14,2014-12-12T01:22:25 +00:00,2008-10-03T18:30:00 +00:00,SEVERE STORMS AND FLOODING,2008-09-13 08:00:00,2008-10-05T00:00:00 +00:00
1800.0,Severe Storm(s),IL,Cook (County),Chicago,60632.0,12.0,1318.0,12.0,15821.0,0.0,12.0,0.0,0.0,0.0,10.0,13810.0,11718.0,1788.0,304.0,10.0,0.0,0.0,0.0,c35da60e5ab669a6b6702b784a18d13e,2014-12-12T01:22:25 +00:00,2008-10-03T18:30:00 +00:00,SEVERE STORMS AND FLOODING,2008-09-13 08:00:00,2008-10-05T00:00:00 +00:00
1800.0,Severe Storm(s),IL,Cook (County),Chicago,60643.0,974.0,1143.0,923.0,1054703.0,149.0,769.0,5.0,0.0,0.0,593.0,966251.0,821481.0,78489.0,66280.0,586.0,7.0,0.0,0.0,f9a0bc6c514d49f968272d022ff6f567,2014-12-12T01:22:25 +00:00,2008-10-03T18:30:00 +00:00,SEVERE STORMS AND FLOODING,2008-09-13 08:00:00,2008-10-05T00:00:00 +00:00
1800.0,Severe Storm(s),IL,Cook (County),Chicago,60621.0,300.0,1250.0,279.0,348788.0,57.0,220.0,2.0,0.0,0.0,169.0,354743.0,257834.0,65415.0,31493.0,165.0,3.0,1.0,1.0,e1ef8d3245211ca58e85d3412a530c59,2014-12-12T01:22:25 +00:00,2008-10-03T18:30:00 +00:00,SEVERE STORMS AND FLOODING,2008-09-13 08:00:00,2008-10-05T00:00:00 +00:00
1800.0,Severe Storm(s),IL,Cook (County),Chicago,60656.0,53.0,1308.0,51.0,66731.0,3.0,48.0,0.0,0.0,0.0,39.0,60128.0,56921.0,1788.0,1419.0,39.0,0.0,0.0,0.0,c39a0e0c6a12221cb8ab796393de1cfd,2014-12-12T01:22:25 +00:00,2008-10-03T18:30:00 +00:00,SEVERE STORMS AND FLOODING,2008-09-13 08:00:00,2008-10-05T00:00:00 +00:00
1800.0,Severe Storm(s),IL,Cook (County),Chicago,60615.0,1.0,0.0,1.0,0.0,1.0,0.0,0.0,0.0,0.0,0.0,0.0,0.0,0.0,0.0,0.0,0.0,0.0,0.0,bc37bf959fb2bab8f3453978652fc73f,2014-11-20T15:22:03 +00:00,2008-10-03T18:30:00 +00:00,SEVERE STORMS AND FLOODING,2008-09-13 08:00:00,2008-10-05T00:00:00 +00:00
1800.0,Severe Storm(s),IL,Cook (County),Chicago,60623.0,110.0,1547.0,102.0,157770.0,19.0,83.0,0.0,0.0,0.0,64.0,135433.0,113622.0,10146.0,11665.0,64.0,0.0,0.0,0.0,5b272e481ecccb8ce379ccdb63572f1f,2014-12-12T01:22:25 +00:00,2008-10-03T18:30:00 +00:00,SEVERE STORMS AND FLOODING,2008-09-13 08:00:00,2008-10-05T00:00:00 +00:00
1800.0,Severe Storm(s),IL,Cook (County),Chicago,60634.0,62.0,1771.0,57.0,100944.0,4.0,53.0,0.0,0.0,0.0,45.0,92728.0,83663.0,4462.0,4603.0,45.0,0.0,0.0,0.0,a70cda6dced7eed066067613e0125af1,2014-12-12T01:22:25 +00:00,2008-10-03T18:30:00 +00:00,SEVERE STORMS AND FLOODING,2008-09-13 08:00:00,2008-10-05T00:00:00 +00:00
1800.0,Severe Storm(s),IL,Cook (County),Chicago,60660.0,2.0,1620.0,2.0,3239.0,0.0,2.0,0.0,0.0,0.0,2.0,3164.0,3164.0,0.0,0.0,2.0,0.0,0.0,0.0,e8a1fac0a560487153c34bb5c65ce846,2014-12-12T01:22:25 +00:00,2008-10-03T18:30:00 +00:00,SEVERE STORMS AND FLOODING,2008-09-13 08:00:00,2008-10-05T00:00:00 +00:00
1800.0,Severe Storm(s),IL,Cook (County),Chicago,60613.0,2.0,4734.0,2.0,9468.0,0.0,2.0,0.0,0.0,0.0,1.0,10408.0,8400.0,2008.0,0.0,0.0,1.0,0.0,0.0,bbcd130f5a5ea7bccdeb3b3e7c40008c,2014-12-12T01:22:25 +00:00,2008-10-03T18:30:00 +00:00,SEVERE STORMS AND FLOODING,2008-09-13 08:00:00,2008-10-05T00:00:00 +00:00
1800.0,Severe Storm(s),IL,Cook (County),Chicago,60645.0,28.0,1661.0,28.0,46514.0,4.0,24.0,0.0,0.0,0.0,23.0,45484.0,41175.0,2774.0,1535.0,23.0,0.0,0.0,0.0,6566389fd2b6007627cc73522631fbde,2014-12-12T01:22:25 +00:00,2008-10-03T18:30:00 +00:00,SEVERE STORMS AND FLOODING,2008-09-13 08:00:00,2008-10-05T00:00:00 +00:00
1800.0,Severe Storm(s),IL,Cook (County),Chicago,60637.0,236.0,1363.0,216.0,294431.0,34.0,179.0,3.0,0.0,0.0,130.0,243280.0,205128.0,19524.0,18628.0,128.0,2.0,0.0,0.0,0883981c457c55dabde2105c75205f2d,2014-12-12T01:22:25 +00:00,2008-10-03T18:30:00 +00:00,SEVERE STORMS AND FLOODING,2008-09-13 08:00:00,2008-10-05T00:00:00 +00:00
1800.0,Severe Storm(s),IL,Cook (County),Chicago,60615.0,61.0,1922.0,58.0,111469.0,8.0,48.0,2.0,0.0,0.0,38.0,110329.0,82284.0,22405.0,5639.0,35.0,2.0,1.0,0.0,b96c98e9f439ca36e1830c6c2395a3b0,2014-12-12T01:22:25 +00:00,2008-10-03T18:30:00 +00:00,SEVERE STORMS AND FLOODING,2008-09-13 08:00:00,2008-10-05T00:00:00 +00:00
1800.0,Severe Storm(s),IL,Cook (County),Chicago,60707.0,53.0,755.0,51.0,38517.0,7.0,44.0,0.0,0.0,0.0,18.0,20081.0,18073.0,2008.0,0.0,18.0,0.0,0.0,0.0,26de9fb947461407ee5872d1aa42bdd9,2014-12-12T01:22:25 +00:00,2008-10-03T18:30:00 +00:00,SEVERE STORMS AND FLOODING,2008-09-13 08:00:00,2008-10-05T00:00:00 +00:00
1800.0,Severe Storm(s),IL,Cook (County),Chicago,60647.0,12.0,1556.0,12.0,18672.0,2.0,10.0,0.0,0.0,0.0,8.0,16019.0,14689.0,0.0,1330.0,8.0,0.0,0.0,0.0,9aeb4539d8f05467130dc53bf1b16417,2014-12-12T01:22:25 +00:00,2008-10-03T18:30:00 +00:00,SEVERE STORMS AND FLOODING,2008-09-13 08:00:00,2008-10-05T00:00:00 +00:00
1800.0,Severe Storm(s),IL,Cook (County),Chicago,60625.0,217.0,6478.0,200.0,1295688.0,22.0,143.0,27.0,4.0,4.0,165.0,1183453.0,1026107.0,81822.0,75524.0,135.0,24.0,6.0,3.0,4e8c2777807412a624cdeb22e6860152,2014-12-12T01:22:25 +00:00,2008-10-03T18:30:00 +00:00,SEVERE STORMS AND FLOODING,2008-09-13 08:00:00,2008-10-05T00:00:00 +00:00
1800.0,Severe Storm(s),IL,Cook (County),Chicago,60479.0,1.0,2224.0,1.0,2224.0,0.0,1.0,0.0,0.0,0.0,1.0,1729.0,1729.0,0.0,0.0,1.0,0.0,0.0,0.0,d1719b519a7aacec0b872bf04f84638e,2014-12-12T01:22:25 +00:00,2008-10-03T18:30:00 +00:00,SEVERE STORMS AND FLOODING,2008-09-13 08:00:00,2008-10-05T00:00:00 +00:00
1800.0,Severe Storm(s),IL,Cook (County),Chicago,60617.0,2.0,1462.0,1972.0,2883054.0,181.0,1.0,4.0,1.0,0.0,1519.0,2656598.0,2240934.0,247082.0,168582.0,1.0,10.0,1.0,0.0,de4db8c116db20a897ade2311f682337,2014-12-12T01:22:25 +00:00,2008-10-03T18:30:00 +00:00,SEVERE STORMS AND FLOODING,2008-09-13 08:00:00,2008-10-05T00:00:00 +00:00
1800.0,Severe Storm(s),IL,Cook (County),Chicago,60628.0,1.0,1046.0,1609.0,1682700.0,308.0,1.0,1.0,1.0,0.0,1050.0,1719399.0,1293066.0,307618.0,118715.0,1.0,6.0,5.0,3.0,cd6796e9c7d5e8b602b7bce7380824c0,2014-12-12T01:22:25 +00:00,2008-10-03T18:30:00 +00:00,SEVERE STORMS AND FLOODING,2008-09-13 08:00:00,2008-10-05T00:00:00 +00:00
1800.0,Severe Storm(s),IL,Cook (County),Chicago,60639.0,118.0,1462.0,107.0,156405.0,24.0,83.0,0.0,0.0,0.0,67.0,138802.0,117946.0,10146.0,10711.0,67.0,0.0,0.0,0.0,8fb99d22bd23341ef269ad27e7057e42,2014-12-12T01:22:25 +00:00,2008-10-03T18:30:00 +00:00,SEVERE STORMS AND FLOODING,2008-09-13 08:00:00,2008-10-05T00:00:00 +00:00
1800.0,Severe Storm(s),IL,Cook (County),Chicago,60651.0,326.0,1448.0,310.0,448924.0,33.0,277.0,0.0,0.0,0.0,233.0,411260.0,338030.0,38366.0,34864.0,232.0,0.0,1.0,1.0,0239c772fc02e88829f37b08b6acd745,2014-12-12T01:22:25 +00:00,2008-10-03T18:30:00 +00:00,SEVERE STORMS AND FLOODING,2008-09-13 08:00:00,2008-10-05T00:00:00 +00:00
1800.0,Severe Storm(s),IL,Cook (County),Chicago,60607.0,3.0,1900.0,3.0,5699.0,0.0,3.0,0.0,0.0,0.0,3.0,7707.0,5699.0,2008.0,0.0,3.0,0.0,0.0,0.0,ddfa64959cbb586107cf1ee0f63b83e1,2014-12-12T01:22:25 +00:00,2008-10-03T18:30:00 +00:00,SEVERE STORMS AND FLOODING,2008-09-13 08:00:00,2008-10-05T00:00:00 +00:00
1800.0,Severe Storm(s),IL,Cook (County),Chicago,60619.0,1.0,1661.0,1689.0,2805437.0,191.0,1.0,13.0,0.0,0.0,1274.0,2707574.0,2230880.0,330713.0,145981.0,1.0,17.0,3.0,1.0,2b6bde6ad530a30076eb48de6b18d844,2014-12-12T01:22:25 +00:00,2008-10-03T18:30:00 +00:00,SEVERE STORMS AND FLOODING,2008-09-13 08:00:00,2008-10-05T00:00:00 +00:00
1800.0,Severe Storm(s),IL,Cook (County),Chicago,60630.0,50.0,2033.0,50.0,101645.0,7.0,42.0,1.0,0.0,0.0,37.0,87304.0,82017.0,4562.0,725.0,37.0,0.0,0.0,0.0,7e7348348a5729a46a7e3af3f42b2a7a,2014-12-12T01:22:25 +00:00,2008-10-03T18:30:00 +00:00,SEVERE STORMS AND FLOODING,2008-09-13 08:00:00,2008-10-05T00:00:00 +00:00
1800.0,Severe Storm(s),IL,Cook (County),Chicago,60641.0,20.0,1865.0,17.0,31699.0,3.0,14.0,0.0,0.0,0.0,11.0,25670.0,20978.0,0.0,4692.0,11.0,0.0,0.0,0.0,41803737c2925d1a0520301e876ff31e,2014-12-12T01:22:25 +00:00,2008-10-03T18:30:00 +00:00,SEVERE STORMS AND FLOODING,2008-09-13 08:00:00,2008-10-05T00:00:00 +00:00
1800.0,Severe Storm(s),IL,Cook (County),Chicago,60653.0,88.0,1370.0,77.0,105453.0,14.0,62.0,1.0,0.0,0.0,41.0,106825.0,68678.0,29626.0,8521.0,39.0,1.0,1.0,0.0,4b2c9b90d2734c8953063a6b34340a1c,2014-12-12T01:22:25 +00:00,2008-10-03T18:30:00 +00:00,SEVERE STORMS AND FLOODING,2008-09-13 08:00:00,2008-10-05T00:00:00 +00:00
4116.0,Flood,IL,Cook (County),Chicago,60623.0,270.0,1666.0,249.0,414862.0,24.0,219.0,5.0,1.0,0.0,180.0,470184.0,322406.0,117125.0,30653.0,174.0,6.0,0.0,0.0,548b5e05e0b9f4c8cc498e4ac6d32bdf,2015-03-02T18:42:25 +00:00,2013-05-10T18:15:00 +00:00,"SEVERE STORMS, STRAIGHT-LINE WINDS, AND FLOODING",2013-04-16 09:37:00,2013-05-05T00:00:00 +00:00
4116.0,Flood,IL,Cook (County),Chicago,60652.0,1.0,1606.0,1039.0,1668397.0,23.0,1.0,1.0,0.0,0.0,883.0,1963569.0,1357235.0,508753.0,97581.0,868.0,14.0,1.0,0.0,8705828aae6c5f7b14f906ee50885429,2015-03-02T18:42:25 +00:00,2013-05-10T18:15:00 +00:00,"SEVERE STORMS, STRAIGHT-LINE WINDS, AND FLOODING",2013-04-16 09:37:00,2013-05-05T00:00:00 +00:00
4116.0,Flood,IL,Cook (County),Chicago,60607.0,1.0,0.0,1.0,0.0,1.0,0.0,0.0,0.0,0.0,0.0,0.0,0.0,0.0,0.0,0.0,0.0,0.0,0.0,58cbca6d033c30ca0f14605dc7c42525,2015-03-02T18:42:25 +00:00,2013-05-10T18:15:00 +00:00,"SEVERE STORMS, STRAIGHT-LINE WINDS, AND FLOODING",2013-04-16 09:37:00,2013-05-05T00:00:00 +00:00
4116.0,Flood,IL,Cook (County),Chicago,60634.0,809.0,2301.0,757.0,1741955.0,24.0,725.0,8.0,0.0,0.0,666.0,1476441.0,1288759.0,121776.0,65906.0,658.0,8.0,0.0,0.0,220b893ae519141a49e3ba70c26eccbd,2015-03-02T18:42:25 +00:00,2013-05-10T18:15:00 +00:00,"SEVERE STORMS, STRAIGHT-LINE WINDS, AND FLOODING",2013-04-16 09:37:00,2013-05-05T00:00:00 +00:00
4116.0,Flood,IL,Cook (County),Chicago,60827.0,46.0,2198.0,41.0,90128.0,7.0,34.0,0.0,0.0,0.0,27.0,95482.0,73971.0,14249.0,7262.0,25.0,2.0,0.0,0.0,761dcb44853bc62a775a63b18891025a,2015-03-02T18:42:25 +00:00,2013-05-10T18:15:00 +00:00,"SEVERE STORMS, STRAIGHT-LINE WINDS, AND FLOODING",2013-04-16 09:37:00,2013-05-05T00:00:00 +00:00
4116.0,Flood,IL,Cook (County),Chicago,60618.0,95.0,2096.0,88.0,184465.0,10.0,75.0,3.0,0.0,0.0,72.0,169290.0,146041.0,8486.0,14763.0,68.0,4.0,0.0,0.0,67e44875d29199f68167b6647cb1623f,2015-03-02T18:42:25 +00:00,2013-05-10T18:15:00 +00:00,"SEVERE STORMS, STRAIGHT-LINE WINDS, AND FLOODING",2013-04-16 09:37:00,2013-05-05T00:00:00 +00:00
4116.0,Flood,IL,Cook (County),Chicago,60629.0,1.0,1496.0,1110.0,1660225.0,60.0,1.0,10.0,1.0,0.0,944.0,1707941.0,1265899.0,283508.0,158534.0,926.0,18.0,0.0,0.0,9098ce8ada16542612aa3ff145691e75,2015-03-02T18:42:25 +00:00,2013-05-10T18:15:00 +00:00,"SEVERE STORMS, STRAIGHT-LINE WINDS, AND FLOODING",2013-04-16 09:37:00,2013-05-05T00:00:00 +00:00
4116.0,Flood,IL,Cook (County),Chicago,60659.0,128.0,1982.0,116.0,229911.0,4.0,112.0,0.0,0.0,0.0,98.0,166211.0,152721.0,0.0,13490.0,98.0,0.0,0.0,0.0,df9f8e23da660fe451e380c42e5a7f29,2015-03-02T18:42:25 +00:00,2013-05-10T18:15:00 +00:00,"SEVERE STORMS, STRAIGHT-LINE WINDS, AND FLOODING",2013-04-16 09:37:00,2013-05-05T00:00:00 +00:00
4116.0,Flood,IL,Cook (County),Chicago,60613.0,3.0,0.0,2.0,0.0,2.0,0.0,0.0,0.0,0.0,0.0,0.0,0.0,0.0,0.0,0.0,0.0,0.0,0.0,9121f395dbfd7715700a5e3024650699,2015-03-02T18:42:25 +00:00,2013-05-10T18:15:00 +00:00,"SEVERE STORMS, STRAIGHT-LINE WINDS, AND FLOODING",2013-04-16 09:37:00,2013-05-05T00:00:00 +00:00
4116.0,Flood,IL,Cook (County),Chicago,60640.0,3.0,1775.0,3.0,5326.0,1.0,2.0,0.0,0.0,0.0,1.0,7698.0,3062.0,2872.0,1764.0,1.0,0.0,0.0,0.0,7ea2df1c3b23f99609aef0cf6290a238,2015-03-02T18:42:25 +00:00,2013-05-10T18:15:00 +00:00,"SEVERE STORMS, STRAIGHT-LINE WINDS, AND FLOODING",2013-04-16 09:37:00,2013-05-05T00:00:00 +00:00
4116.0,Flood,IL,Cook (County),Chicago,60630.0,1.0,989.0,1.0,989.0,0.0,1.0,0.0,0.0,0.0,1.0,989.0,989.0,0.0,0.0,1.0,0.0,0.0,0.0,b3ac92c44743d5a370029ce0a080d6b5,2015-03-02T18:42:25 +00:00,2013-05-10T18:15:00 +00:00,"SEVERE STORMS, STRAIGHT-LINE WINDS, AND FLOODING",2013-04-16 09:37:00,2013-05-05T00:00:00 +00:00
4116.0,Flood,IL,Cook (County),Chicago,60645.0,120.0,1730.0,108.0,186802.0,3.0,105.0,0.0,0.0,0.0,90.0,140108.0,128940.0,0.0,11168.0,90.0,0.0,0.0,0.0,d6d5448a9efaebb24fab4d9bd0e1f975,2015-03-02T18:42:25 +00:00,2013-05-10T18:15:00 +00:00,"SEVERE STORMS, STRAIGHT-LINE WINDS, AND FLOODING",2013-04-16 09:37:00,2013-05-05T00:00:00 +00:00
4116.0,Flood,IL,Cook (County),Chicago,60614.0,2.0,444.0,2.0,888.0,1.0,1.0,0.0,0.0,0.0,1.0,888.0,888.0,0.0,0.0,1.0,0.0,0.0,0.0,9d8e7a27e456ca20029b1820f7ca1381,2015-03-02T18:42:25 +00:00,2013-05-10T18:15:00 +00:00,"SEVERE STORMS, STRAIGHT-LINE WINDS, AND FLOODING",2013-04-16 09:37:00,2013-05-05T00:00:00 +00:00
4116.0,Flood,IL,Cook (County),Chicago,60641.0,93.0,1819.0,84.0,152825.0,5.0,78.0,1.0,0.0,0.0,63.0,137796.0,101829.0,24002.0,11964.0,62.0,1.0,0.0,0.0,48898bb2e9c3dfe3eece6f7844fd600e,2015-03-02T18:42:25 +00:00,2013-05-10T18:15:00 +00:00,"SEVERE STORMS, STRAIGHT-LINE WINDS, AND FLOODING",2013-04-16 09:37:00,2013-05-05T00:00:00 +00:00
4116.0,Flood,IL,Cook (County),Chicago,60619.0,2.0,1680.0,2460.0,4132666.0,86.0,2.0,17.0,3.0,0.0,1995.0,4558587.0,3163514.0,1001500.0,393573.0,1.0,53.0,2.0,0.0,d70c9f9cf60552cd2a46edcf215e1edf,2015-03-02T18:42:25 +00:00,2013-05-10T18:15:00 +00:00,"SEVERE STORMS, STRAIGHT-LINE WINDS, AND FLOODING",2013-04-16 09:37:00,2013-05-05T00:00:00 +00:00
4116.0,Flood,IL,Cook (County),Chicago,60608.0,42.0,1563.0,40.0,62509.0,7.0,33.0,0.0,0.0,0.0,29.0,56761.0,50716.0,3562.0,2483.0,29.0,0.0,0.0,0.0,ccde5d4be5b6ea52a2aa5ebd77af9f11,2015-03-02T18:42:25 +00:00,2013-05-10T18:15:00 +00:00,"SEVERE STORMS, STRAIGHT-LINE WINDS, AND FLOODING",2013-04-16 09:37:00,2013-05-05T00:00:00 +00:00
4116.0,Flood,IL,Cook (County),Chicago,60636.0,1.0,1222.0,1193.0,1457693.0,90.0,1.0,2.0,0.0,0.0,898.0,1593074.0,1071812.0,350886.0,170375.0,888.0,9.0,1.0,0.0,78d5c709c7beafc98d1d861aa2aac08f,2015-03-02T18:42:25 +00:00,2013-05-10T18:15:00 +00:00,"SEVERE STORMS, STRAIGHT-LINE WINDS, AND FLOODING",2013-04-16 09:37:00,2013-05-05T00:00:00 +00:00
4116.0,Flood,IL,Cook (County),Chicago,60646.0,346.0,1658.0,317.0,525475.0,7.0,309.0,1.0,0.0,0.0,265.0,414374.0,379872.0,21690.0,12811.0,265.0,0.0,0.0,0.0,6f095b39f2a3f14388d859b5a4929763,2015-03-02T18:42:25 +00:00,2013-05-10T18:15:00 +00:00,"SEVERE STORMS, STRAIGHT-LINE WINDS, AND FLOODING",2013-04-16 09:37:00,2013-05-05T00:00:00 +00:00
4116.0,Flood,IL,Cook (County),Chicago,60624.0,368.0,1775.0,346.0,614250.0,29.0,310.0,7.0,0.0,0.0,279.0,662918.0,475515.0,120025.0,67378.0,269.0,9.0,1.0,0.0,51c38e361b2715d60e84193c0d1f1441,2015-03-02T18:42:25 +00:00,2013-05-10T18:15:00 +00:00,"SEVERE STORMS, STRAIGHT-LINE WINDS, AND FLOODING",2013-04-16 09:37:00,2013-05-05T00:00:00 +00:00
4116.0,Flood,IL,Cook (County),Chicago,60653.0,151.0,1180.0,142.0,167510.0,16.0,126.0,0.0,0.0,0.0,94.0,180011.0,123156.0,40777.0,16077.0,92.0,2.0,0.0,0.0,73d662ef7f4dabf21f2523c01c2eb613,2015-03-02T18:42:25 +00:00,2013-05-10T18:15:00 +00:00,"SEVERE STORMS, STRAIGHT-LINE WINDS, AND FLOODING",2013-04-16 09:37:00,2013-05-05T00:00:00 +00:00
4116.0,Flood,IL,Cook (County),Chicago,60617.0,1.0,1097.0,1.0,1097.0,0.0,1.0,0.0,0.0,0.0,1.0,568.0,568.0,0.0,0.0,1.0,0.0,0.0,0.0,2ef18c03bd64893fa792d160ad10c4ed,2015-03-02T18:42:25 +00:00,2013-05-10T18:15:00 +00:00,"SEVERE STORMS, STRAIGHT-LINE WINDS, AND FLOODING",2013-04-16 09:37:00,2013-05-05T00:00:00 +00:00
4116.0,Flood,IL,Cook (County),Chicago,60630.0,439.0,1980.0,391.0,774230.0,19.0,370.0,2.0,0.0,0.0,335.0,622494.0,538560.0,64060.0,19873.0,334.0,1.0,0.0,0.0,d84a83ec7cd96292cdde96705f262201,2015-03-02T18:42:25 +00:00,2013-05-10T18:15:00 +00:00,"SEVERE STORMS, STRAIGHT-LINE WINDS, AND FLOODING",2013-04-16 09:37:00,2013-05-05T00:00:00 +00:00
4116.0,Flood,IL,Cook (County),Chicago,60660.0,7.0,1051.0,6.0,6305.0,2.0,4.0,0.0,0.0,0.0,1.0,840.0,840.0,0.0,0.0,1.0,0.0,0.0,0.0,8f74b0ae7c28f3463602d153cb5fb02e,2015-03-02T18:42:25 +00:00,2013-05-10T18:15:00 +00:00,"SEVERE STORMS, STRAIGHT-LINE WINDS, AND FLOODING",2013-04-16 09:37:00,2013-05-05T00:00:00 +00:00
4116.0,Flood,IL,Cook (County),Chicago,60290.0,3.0,1186.0,3.0,3559.0,0.0,3.0,0.0,0.0,0.0,3.0,3264.0,2302.0,0.0,962.0,3.0,0.0,0.0,0.0,882236c1c595101b4cd2b099b62f1a04,2015-03-02T18:42:25 +00:00,2013-05-10T18:15:00 +00:00,"SEVERE STORMS, STRAIGHT-LINE WINDS, AND FLOODING",2013-04-16 09:37:00,2013-05-05T00:00:00 +00:00
4116.0,Flood,IL,Cook (County),Chicago,60632.0,195.0,2248.0,189.0,424918.0,17.0,167.0,5.0,0.0,0.0,149.0,429948.0,330812.0,57652.0,41484.0,143.0,5.0,1.0,0.0,392a7a681df028e64035a376a05a6836,2015-03-02T18:42:25 +00:00,2013-05-10T18:15:00 +00:00,"SEVERE STORMS, STRAIGHT-LINE WINDS, AND FLOODING",2013-04-16 09:37:00,2013-05-05T00:00:00 +00:00
4116.0,Flood,IL,Cook (County),Chicago,60707.0,138.0,1543.0,131.0,202147.0,5.0,125.0,1.0,0.0,0.0,113.0,203481.0,165426.0,23748.0,14307.0,111.0,2.0,0.0,0.0,813a84710b38be2f64558c80ec6f8e31,2015-03-02T18:42:25 +00:00,2013-05-10T18:15:00 +00:00,"SEVERE STORMS, STRAIGHT-LINE WINDS, AND FLOODING",2013-04-16 09:37:00,2013-05-05T00:00:00 +00:00
4116.0,Flood,IL,Cook (County),Chicago,60610.0,1.0,1157.0,1.0,1157.0,0.0,1.0,0.0,0.0,0.0,1.0,2787.0,1097.0,1630.0,60.0,1.0,0.0,0.0,0.0,cc178c35e4772990151d09f9295c2631,2015-03-02T18:42:25 +00:00,2013-05-10T18:15:00 +00:00,"SEVERE STORMS, STRAIGHT-LINE WINDS, AND FLOODING",2013-04-16 09:37:00,2013-05-05T00:00:00 +00:00
4116.0,Flood,IL,Cook (County),Chicago,60638.0,192.0,1323.0,178.0,235484.0,9.0,169.0,0.0,0.0,0.0,141.0,214911.0,175977.0,16820.0,22114.0,140.0,1.0,0.0,0.0,577fe854b84aefdb91dceb765c8eab42,2015-03-02T18:42:25 +00:00,2013-05-10T18:15:00 +00:00,"SEVERE STORMS, STRAIGHT-LINE WINDS, AND FLOODING",2013-04-16 09:37:00,2013-05-05T00:00:00 +00:00
4116.0,Flood,IL,Cook (County),Chicago,60616.0,27.0,1180.0,23.0,27129.0,1.0,22.0,0.0,0.0,0.0,18.0,29536.0,21490.0,7654.0,392.0,18.0,0.0,0.0,0.0,afe73659549c3acb83f425014cd113ff,2015-03-02T18:42:25 +00:00,2013-05-10T18:15:00 +00:00,"SEVERE STORMS, STRAIGHT-LINE WINDS, AND FLOODING",2013-04-16 09:37:00,2013-05-05T00:00:00 +00:00
4116.0,Flood,IL,Cook (County),Chicago,60643.0,1.0,1540.0,1859.0,2862456.0,67.0,1.0,6.0,0.0,0.0,1553.0,3146237.0,2331307.0,648395.0,166535.0,1.0,25.0,0.0,0.0,85286ee2ac09c4ca36bd4f657567900a,2015-03-02T18:42:25 +00:00,2013-05-10T18:15:00 +00:00,"SEVERE STORMS, STRAIGHT-LINE WINDS, AND FLOODING",2013-04-16 09:37:00,2013-05-05T00:00:00 +00:00
4116.0,Flood,IL,Cook (County),Chicago,60626.0,21.0,2076.0,20.0,41522.0,1.0,19.0,0.0,0.0,0.0,15.0,34208.0,31029.0,0.0,3179.0,15.0,0.0,0.0,0.0,ccc07f0446036f68e14b6c3d58fa7fb8,2015-03-02T18:42:25 +00:00,2013-05-10T18:15:00 +00:00,"SEVERE STORMS, STRAIGHT-LINE WINDS, AND FLOODING",2013-04-16 09:37:00,2013-05-05T00:00:00 +00:00
4116.0,Flood,IL,Cook (County),Chicago,60656.0,362.0,1858.0,334.0,620510.0,6.0,327.0,1.0,0.0,0.0,279.0,510616.0,444325.0,43067.0,23223.0,279.0,0.0,0.0,0.0,37e01c0fbc9f4560902bfcfdec053856,2015-03-02T18:42:25 +00:00,2013-05-10T18:15:00 +00:00,"SEVERE STORMS, STRAIGHT-LINE WINDS, AND FLOODING",2013-04-16 09:37:00,2013-05-05T00:00:00 +00:00
4116.0,Flood,IL,Cook (County),Chicago,60621.0,536.0,1220.0,506.0,617453.0,44.0,459.0,3.0,0.0,0.0,347.0,698765.0,485649.0,159978.0,53138.0,336.0,10.0,1.0,0.0,c55bfbb6092777054e1972a58c2f92b0,2015-03-02T18:42:25 +00:00,2013-05-10T18:15:00 +00:00,"SEVERE STORMS, STRAIGHT-LINE WINDS, AND FLOODING",2013-04-16 09:37:00,2013-05-05T00:00:00 +00:00
4116.0,Flood,IL,Cook (County),Chicago,60649.0,409.0,823.0,376.0,309379.0,54.0,320.0,1.0,1.0,0.0,204.0,349960.0,228760.0,107057.0,14143.0,198.0,5.0,1.0,1.0,94cb820afa37b6bbb53b0babf6f076ee,2015-03-02T18:42:25 +00:00,2013-05-10T18:15:00 +00:00,"SEVERE STORMS, STRAIGHT-LINE WINDS, AND FLOODING",2013-04-16 09:37:00,2013-05-05T00:00:00 +00:00
4116.0,Flood,IL,Cook (County),Chicago,60612.0,137.0,2115.0,127.0,268640.0,10.0,113.0,4.0,0.0,0.0,107.0,275524.0,191081.0,39260.0,45183.0,102.0,5.0,0.0,0.0,47340197384a7b3e2d6da5672b06133a,2015-03-02T18:42:25 +00:00,2013-05-10T18:15:00 +00:00,"SEVERE STORMS, STRAIGHT-LINE WINDS, AND FLOODING",2013-04-16 09:37:00,2013-05-05T00:00:00 +00:00
4116.0,Flood,IL,Cook (County),Chicago,60639.0,398.0,2169.0,380.0,824256.0,21.0,353.0,6.0,0.0,0.0,311.0,747531.0,576583.0,72254.0,98695.0,302.0,9.0,0.0,0.0,0d66ed2bc87c612ddea69c16957feba2,2015-03-02T18:42:25 +00:00,2013-05-10T18:15:00 +00:00,"SEVERE STORMS, STRAIGHT-LINE WINDS, AND FLOODING",2013-04-16 09:37:00,2013-05-05T00:00:00 +00:00
4116.0,Flood,IL,Cook (County),Chicago,60624.0,1.0,0.0,1.0,0.0,1.0,0.0,0.0,0.0,0.0,0.0,0.0,0.0,0.0,0.0,0.0,0.0,0.0,0.0,8dd09b610dad231ef2b54bf9824782e7,2015-03-02T18:42:25 +00:00,2013-05-10T18:15:00 +00:00,"SEVERE STORMS, STRAIGHT-LINE WINDS, AND FLOODING",2013-04-16 09:37:00,2013-05-05T00:00:00 +00:00
4116.0,Flood,IL,Cook (County),Chicago,60605.0,3.0,899.0,3.0,2698.0,0.0,3.0,0.0,0.0,0.0,1.0,150.0,150.0,0.0,0.0,1.0,0.0,0.0,0.0,067f0a285b509ed3f13fb1640ec5da64,2015-03-02T18:42:25 +00:00,2013-05-10T18:15:00 +00:00,"SEVERE STORMS, STRAIGHT-LINE WINDS, AND FLOODING",2013-04-16 09:37:00,2013-05-05T00:00:00 +00:00
4116.0,Flood,IL,Cook (County),Chicago,60633.0,148.0,2510.0,137.0,343886.0,6.0,128.0,1.0,2.0,0.0,117.0,368529.0,274107.0,77745.0,16677.0,113.0,3.0,1.0,0.0,50aef368c3c13032a047947381da1c9a,2015-03-02T18:42:25 +00:00,2013-05-10T18:15:00 +00:00,"SEVERE STORMS, STRAIGHT-LINE WINDS, AND FLOODING",2013-04-16 09:37:00,2013-05-05T00:00:00 +00:00
4116.0,Flood,IL,Cook (County),Chicago,60803.0,1.0,521.0,1.0,521.0,0.0,1.0,0.0,0.0,0.0,1.0,521.0,521.0,0.0,0.0,1.0,0.0,0.0,0.0,d362ec12c3a3effa17d886f9c8240ce1,2015-03-02T18:42:25 +00:00,2013-05-10T18:15:00 +00:00,"SEVERE STORMS, STRAIGHT-LINE WINDS, AND FLOODING",2013-04-16 09:37:00,2013-05-05T00:00:00 +00:00
4116.0,Flood,IL,Cook (County),Chicago,60628.0,3.0,1313.0,3213.0,4217190.0,86.0,3.0,4.0,0.0,0.0,2623.0,4563227.0,3172432.0,1025934.0,364860.0,2.0,26.0,3.0,1.0,179a02e9361ca3aa4379cb4015a1597d,2015-03-02T18:42:25 +00:00,2013-05-10T18:15:00 +00:00,"SEVERE STORMS, STRAIGHT-LINE WINDS, AND FLOODING",2013-04-16 09:37:00,2013-05-05T00:00:00 +00:00
4116.0,Flood,IL,Cook (County),Chicago,60657.0,3.0,269.0,3.0,807.0,1.0,2.0,0.0,0.0,0.0,0.0,0.0,0.0,0.0,0.0,0.0,0.0,0.0,0.0,7ecd3e94f725075c187b5ac062e63260,2015-03-02T18:42:25 +00:00,2013-05-10T18:15:00 +00:00,"SEVERE STORMS, STRAIGHT-LINE WINDS, AND FLOODING",2013-04-16 09:37:00,2013-05-05T00:00:00 +00:00
4116.0,Flood,IL,Cook (County),Chicago,60617.0,1.0,1331.0,1880.0,2502535.0,119.0,1.0,6.0,0.0,0.0,1363.0,2533646.0,1815392.0,496091.0,222163.0,1.0,17.0,2.0,0.0,cf1b5c63e35536f4a2c89eb5c71713a7,2015-03-02T18:42:25 +00:00,2013-05-10T18:15:00 +00:00,"SEVERE STORMS, STRAIGHT-LINE WINDS, AND FLOODING",2013-04-16 09:37:00,2013-05-05T00:00:00 +00:00
4116.0,Flood,IL,Cook (County),Chicago,60644.0,768.0,1630.0,729.0,1188583.0,36.0,680.0,11.0,2.0,0.0,598.0,1303082.0,912629.0,253099.0,137354.0,576.0,21.0,1.0,0.0,91943af972713fe6cf014fe2867b587d,2015-03-02T18:42:25 +00:00,2013-05-10T18:15:00 +00:00,"SEVERE STORMS, STRAIGHT-LINE WINDS, AND FLOODING",2013-04-16 09:37:00,2013-05-05T00:00:00 +00:00
4116.0,Flood,IL,Cook (County),Chicago,60615.0,72.0,1551.0,66.0,102381.0,8.0,57.0,1.0,0.0,0.0,40.0,104572.0,75392.0,21040.0,8140.0,38.0,2.0,0.0,0.0,37036a0785fc8862ba2331dcaf6f8590,2015-03-02T18:42:25 +00:00,2013-05-10T18:15:00 +00:00,"SEVERE STORMS, STRAIGHT-LINE WINDS, AND FLOODING",2013-04-16 09:37:00,2013-05-05T00:00:00 +00:00
4116.0,Flood,IL,Cook (County),Chicago,60622.0,10.0,2718.0,10.0,27182.0,2.0,7.0,1.0,0.0,0.0,8.0,15973.0,8017.0,7696.0,260.0,8.0,0.0,0.0,0.0,1564c5675c2732a03c43764e574bfbe9,2015-03-02T18:42:25 +00:00,2013-05-10T18:15:00 +00:00,"SEVERE STORMS, STRAIGHT-LINE WINDS, AND FLOODING",2013-04-16 09:37:00,2013-05-05T00:00:00 +00:00
4116.0,Flood,IL,Cook (County),Chicago,60651.0,1.0,1477.0,1009.0,1489819.0,63.0,941.0,5.0,0.0,0.0,763.0,1600416.0,1104296.0,326678.0,169442.0,751.0,11.0,1.0,0.0,f6c18239b3fcc93223797f6fed4c3bcc,2015-03-02T18:42:25 +00:00,2013-05-10T18:15:00 +00:00,"SEVERE STORMS, STRAIGHT-LINE WINDS, AND FLOODING",2013-04-16 09:37:00,2013-05-05T00:00:00 +00:00
4116.0,Flood,IL,Cook (County),Chicago,60647.0,55.0,2433.0,46.0,111910.0,3.0,41.0,2.0,0.0,0.0,38.0,103153.0,84489.0,11652.0,7013.0,36.0,2.0,0.0,0.0,38944421115d57c55b76ebd4bd7d9fa3,2015-03-02T18:42:25 +00:00,2013-05-10T18:15:00 +00:00,"SEVERE STORMS, STRAIGHT-LINE WINDS, AND FLOODING",2013-04-16 09:37:00,2013-05-05T00:00:00 +00:00
4116.0,Flood,IL,Cook (County),Chicago,60644.0,1.0,478.0,1.0,478.0,0.0,1.0,0.0,0.0,0.0,0.0,0.0,0.0,0.0,0.0,0.0,0.0,0.0,0.0,cca91ffbd1ed75d452809322f79ca435,2015-03-02T18:42:25 +00:00,2013-05-10T18:15:00 +00:00,"SEVERE STORMS, STRAIGHT-LINE WINDS, AND FLOODING",2013-04-16 09:37:00,2013-05-05T00:00:00 +00:00
4116.0,Flood,IL,Cook (County),Chicago,60631.0,476.0,1767.0,446.0,787885.0,18.0,427.0,1.0,0.0,0.0,357.0,620308.0,542313.0,47200.0,30794.0,355.0,2.0,0.0,0.0,982ad9cc1d478354f6e7c31d3ae68b53,2015-03-02T18:42:25 +00:00,2013-05-10T18:15:00 +00:00,"SEVERE STORMS, STRAIGHT-LINE WINDS, AND FLOODING",2013-04-16 09:37:00,2013-05-05T00:00:00 +00:00
4116.0,Flood,IL,Cook (County),Chicago,60625.0,160.0,3877.0,147.0,569941.0,9.0,124.0,13.0,1.0,0.0,116.0,383503.0,323865.0,23264.0,36374.0,109.0,7.0,0.0,0.0,b71094352bc5e63be11cb6322397947d,2015-03-02T18:42:25 +00:00,2013-05-10T18:15:00 +00:00,"SEVERE STORMS, STRAIGHT-LINE WINDS, AND FLOODING",2013-04-16 09:37:00,2013-05-05T00:00:00 +00:00
4116.0,Flood,IL,Cook (County),Chicago,60678.0,1.0,510.0,1.0,510.0,0.0,1.0,0.0,0.0,0.0,1.0,510.0,510.0,0.0,0.0,1.0,0.0,0.0,0.0,ba44074972fa362deec4e595de2b70bc,2015-03-02T18:42:25 +00:00,2013-05-10T18:15:00 +00:00,"SEVERE STORMS, STRAIGHT-LINE WINDS, AND FLOODING",2013-04-16 09:37:00,2013-05-05T00:00:00 +00:00
4116.0,Flood,IL,Cook (County),Chicago,60609.0,346.0,1810.0,325.0,588331.0,37.0,284.0,4.0,0.0,0.0,249.0,611026.0,416164.0,124111.0,70751.0,243.0,5.0,1.0,0.0,b92942d03650f96c997fd14ebba200e1,2015-03-02T18:42:25 +00:00,2013-05-10T18:15:00 +00:00,"SEVERE STORMS, STRAIGHT-LINE WINDS, AND FLOODING",2013-04-16 09:37:00,2013-05-05T00:00:00 +00:00
4116.0,Flood,IL,Cook (County),Chicago,60637.0,340.0,1334.0,318.0,424205.0,26.0,290.0,2.0,0.0,0.0,222.0,498667.0,301316.0,157898.0,39453.0,211.0,10.0,1.0,0.0,a3fba96bddc291e886d83516dfb15bf3,2015-03-02T18:42:25 +00:00,2013-05-10T18:15:00 +00:00,"SEVERE STORMS, STRAIGHT-LINE WINDS, AND FLOODING",2013-04-16 09:37:00,2013-05-05T00:00:00 +00:00
4116.0,Flood,IL,Cook (County),Chicago,60620.0,2.0,1294.0,2515.0,3255402.0,105.0,2.0,5.0,1.0,0.0,1884.0,3403692.0,2445121.0,690500.0,268071.0,1.0,22.0,3.0,0.0,5116886f37c232cfe402b37aa9f22b6d,2015-03-02T18:42:25 +00:00,2013-05-10T18:15:00 +00:00,"SEVERE STORMS, STRAIGHT-LINE WINDS, AND FLOODING",2013-04-16 09:37:00,2013-05-05T00:00:00 +00:00
4116.0,Flood,IL,Cook (County),Chicago,60655.0,188.0,1326.0,179.0,237347.0,7.0,172.0,0.0,0.0,0.0,150.0,241569.0,204305.0,33848.0,3417.0,149.0,1.0,0.0,0.0,cd0ac480f826233f626d1c31ef764b69,2015-03-02T18:42:25 +00:00,2013-05-10T18:15:00 +00:00,"SEVERE STORMS, STRAIGHT-LINE WINDS, AND FLOODING",2013-04-16 09:37:00,2013-05-05T00:00:00 +00:00
4116.0,Flood,IL,Cook (County),Chicago,60642.0,6.0,2779.0,5.0,13896.0,1.0,4.0,0.0,0.0,0.0,3.0,12012.0,10031.0,0.0,1981.0,3.0,0.0,0.0,0.0,561a2c5262acbaa9108c43fb9f2849cf,2015-03-02T18:42:25 +00:00,2013-05-10T18:15:00 +00:00,"SEVERE STORMS, STRAIGHT-LINE WINDS, AND FLOODING",2013-04-16 09:37:00,2013-05-05T00:00:00 +00:00
1729.0,,,,,,,,,,,,,,,,,,,,,,,,,,2007-09-25T20:40:00 +00:00,SEVERE STORMS AND FLOODING,2007-08-20 15:30:00,2007-08-31T00:00:00 +00:00
