disasterNumber,incidentType,state,county,city,zipCode,validRegistrations,totalInspected,totalInspectedWithNoDamage,totalWithModerateDamage,totalWithMajorDamage,totalWithSubstantialDamage,approvedForFemaAssistance,totalApprovedIhpAmount,repairReplaceAmount,rentalAmount,otherNeedsAmount,approvedBetween1And10000,approvedBetween10001And25000,approvedBetween25001AndMax,totalMaxGrants,hash,lastRefresh,declarationDate,title,incidentBeginDate,incidentEndDate
1935.0,Severe Storm(s),IL,Cook (County),Chicago,60651.0,1.0,1.0,1.0,0.0,0.0,0.0,1.0,459.0,0.0,0.0,459.0,1.0,0.0,0.0,0.0,0c2848a1b3d37ca216e40d7266d70007,2014-11-20T15:20:38 +00:00,2010-08-19T14:00:00 +00:00,SEVERE STORMS AND FLOODING,2010-07-19 14:36:00,2010-08-07T11:00:00 +00:00
1935.0,Severe Storm(s),IL,Cook (County),Chicago,60641.0,124.0,121.0,121.0,0.0,0.0,0.0,70.0,384907.0,0.0,220266.0,164641.0,60.0,9.0,1.0,1.0,2c28933c6fcfbd4a651ce9948460ccfd,2014-11-20T15:20:38 +00:00,2010-08-19T14:00:00 +00:00,SEVERE STORMS AND FLOODING,2010-07-19 14:36:00,2010-08-07T11:00:00 +00:00
1935.0,Severe Storm(s),IL,Cook (County),Chicago,60609.0,939.0,903.0,903.0,0.0,0.0,0.0,551.0,1935289.0,0.0,1189333.0,745956.0,514.0,32.0,5.0,1.0,45fd7be16116532bcb712b0196adfbd2,2014-11-20T15:20:38 +00:00,2010-08-19T14:00:00 +00:00,SEVERE STORMS AND FLOODING,2010-07-19 14:36:00,2010-08-07T11:00:00 +00:00
1935.0,Severe Storm(s),IL,Cook (County),Chicago,60827.0,148.0,141.0,141.0,0.0,0.0,0.0,59.0,115366.0,0.0,55140.0,60226.0,57.0,2.0,0.0,0.0,7001b15646afa6bc79214521253ef5c5,2014-11-20T15:20:38 +00:00,2010-08-19T14:00:00 +00:00,SEVERE STORMS AND FLOODING,2010-07-19 14:36:00,2010-08-07T11:00:00 +00:00
1935.0,Severe Storm(s),IL,Cook (County),Chicago,60630.0,11.0,11.0,11.0,0.0,0.0,0.0,1.0,2234.0,0.0,0.0,2234.0,1.0,0.0,0.0,0.0,23567187d20f65ae2ba4bb0849a91e0a,2014-11-20T15:20:38 +00:00,2010-08-19T14:00:00 +00:00,SEVERE STORMS AND FLOODING,2010-07-19 14:36:00,2010-08-07T11:00:00 +00:00
1935.0,Severe Storm(s),IL,Cook (County),Chicago,60620.0,2.0,2295.0,2295.0,0.0,0.0,0.0,1352.0,4051524.0,3959.0,3017694.0,1029872.0,1.0,88.0,14.0,1.0,ef7408caa592738a361025b6465f3ae4,2014-11-20T15:20:38 +00:00,2010-08-19T14:00:00 +00:00,SEVERE STORMS AND FLOODING,2010-07-19 14:36:00,2010-08-07T11:00:00 +00:00
1935.0,Severe Storm(s),IL,Cook (County),Chicago,60623.0,1.0,1.0,1.0,0.0,0.0,0.0,1.0,3612.0,0.0,2030.0,1582.0,1.0,0.0,0.0,0.0,a3214f0e375fc4407fe7a5f2b5d95869,2014-11-20T15:20:38 +00:00,2010-08-19T14:00:00 +00:00,SEVERE STORMS AND FLOODING,2010-07-19 14:36:00,2010-08-07T11:00:00 +00:00
1935.0,Severe Storm(s),IL,Cook (County),Chicago,60653.0,381.0,369.0,369.0,0.0,0.0,0.0,258.0,977976.0,1081.0,561664.0,415230.0,236.0,19.0,3.0,0.0,f6a00614ccc39b43c5a049e47c4dcc09,2014-11-20T15:20:38 +00:00,2010-08-19T14:00:00 +00:00,SEVERE STORMS AND FLOODING,2010-07-19 14:36:00,2010-08-07T11:00:00 +00:00
1935.0,Severe Storm(s),IL,Cook (County),Chicago,60607.0,137.0,109.0,109.0,0.0,0.0,0.0,45.0,71960.0,0.0,66403.0,5557.0,45.0,0.0,0.0,0.0,36eaa3f62af37f4b4223adaccaea4f29,2014-11-20T15:20:38 +00:00,2010-08-19T14:00:00 +00:00,SEVERE STORMS AND FLOODING,2010-07-19 14:36:00,2010-08-07T11:00:00 +00:00
1935.0,Severe Storm(s),IL,Cook (County),Chicago,60643.0,1.0,1.0,1.0,0.0,0.0,0.0,0.0,0.0,0.0,0.0,0.0,0.0,0.0,0.0,0.0,ffa4450f8bdba61742d9311c5570a954,2014-11-20T15:20:38 +00:00,2010-08-19T14:00:00 +00:00,SEVERE STORMS AND FLOODING,2010-07-19 14:36:00,2010-08-07T11:00:00 +00:00
1935.0,Severe Storm(s),IL,Cook (County),Chicago,60618.0,146.0,138.0,138.0,0.0,0.0,0.0,96.0,430544.0,0.0,159926.0,270618.0,90.0,6.0,0.0,0.0,5e876281763cfb087ee6c2b17f7e71a9,2014-11-20T15:20:38 +00:00,2010-08-19T14:00:00 +00:00,SEVERE STORMS AND FLOODING,2010-07-19 14:36:00,2010-08-07T11:00:00 +00:00
1935.0,Severe Storm(s),IL,Cook (County),Chicago,60628.0,2.0,2609.0,2609.0,0.0,0.0,0.0,1499.0,4965772.0,505.0,3889962.0,1075306.0,1.0,114.0,17.0,6.0,ba83c8b9495905b3af8dba99d30c9e57,2014-11-20T15:20:38 +00:00,2010-08-19T14:00:00 +00:00,SEVERE STORMS AND FLOODING,2010-07-19 14:36:00,2010-08-07T11:00:00 +00:00
1935.0,Severe Storm(s),IL,Cook (County),Chicago,60639.0,1.0,1128.0,1128.0,0.0,0.0,0.0,799.0,3664617.0,0.0,1816432.0,1848185.0,725.0,71.0,3.0,1.0,a93287574d9324cc0fcf969e8c755ebf,2014-11-20T15:20:38 +00:00,2010-08-19T14:00:00 +00:00,SEVERE STORMS AND FLOODING,2010-07-19 14:36:00,2010-08-07T11:00:00 +00:00
1935.0,Severe Storm(s),IL,Cook (County),Chicago,60651.0,2.0,2298.0,2298.0,0.0,0.0,0.0,1585.0,7675425.0,2583.0,4498713.0,3174129.0,1.0,183.0,15.0,2.0,b249c2a82ca9f4bfd8c17a940c791ece,2014-11-20T15:20:38 +00:00,2010-08-19T14:00:00 +00:00,SEVERE STORMS AND FLOODING,2010-07-19 14:36:00,2010-08-07T11:00:00 +00:00
1935.0,Severe Storm(s),IL,Cook (County),Chicago,60714.0,1.0,1.0,1.0,0.0,0.0,0.0,0.0,0.0,0.0,0.0,0.0,0.0,0.0,0.0,0.0,780c0616fb0253df0a78f35685983b60,2014-11-20T15:20:38 +00:00,2010-08-19T14:00:00 +00:00,SEVERE STORMS AND FLOODING,2010-07-19 14:36:00,2010-08-07T11:00:00 +00:00
1935.0,Severe Storm(s),IL,Cook (County),Chicago,60623.0,1.0,1.0,1.0,0.0,0.0,0.0,1.0,2484.0,0.0,2484.0,0.0,1.0,0.0,0.0,0.0,2aed461aa856d6925d6c5265394d436e,2014-11-20T15:20:38 +00:00,2010-08-19T14:00:00 +00:00,SEVERE STORMS AND FLOODING,2010-07-19 14:36:00,2010-08-07T11:00:00 +00:00
1935.0,Severe Storm(s),IL,Cook (County),Chicago,60619.0,1.0,1852.0,1852.0,0.0,0.0,0.0,1179.0,4516371.0,4147.0,3434177.0,1078046.0,1.0,115.0,11.0,0.0,611a05aaf5ccb3a6e8ac3f858c6d57ae,2014-11-20T15:20:39 +00:00,2010-08-19T14:00:00 +00:00,SEVERE STORMS AND FLOODING,2010-07-19 14:36:00,2010-08-07T11:00:00 +00:00
1935.0,Severe Storm(s),IL,Cook (County),Chicago,60612.0,1.0,1.0,1.0,0.0,0.0,0.0,0.0,0.0,0.0,0.0,0.0,0.0,0.0,0.0,0.0,57eab2bff449f15caa0bf678991088f2,2014-11-20T15:20:39 +00:00,2010-08-19T14:00:00 +00:00,SEVERE STORMS AND FLOODING,2010-07-19 14:36:00,2010-08-07T11:00:00 +00:00
1935.0,Severe Storm(s),IL,Cook (County),Chicago,60651.0,1.0,1.0,1.0,0.0,0.0,0.0,1.0,344.0,0.0,0.0,344.0,1.0,0.0,0.0,0.0,81c8117e95ef4f20c9c66f2510d85568,2014-11-20T15:20:39 +00:00,2010-08-19T14:00:00 +00:00,SEVERE STORMS AND FLOODING,2010-07-19 14:36:00,2010-08-07T11:00:00 +00:00
1935.0,Severe Storm(s),IL,Cook (County),Chicago,60652.0,287.0,280.0,280.0,0.0,0.0,0.0,177.0,603449.0,1328.0,418922.0,183199.0,163.0,8.0,6.0,2.0,8d64cfeaeec9d4becfe9b188cd84e715,2014-11-20T15:20:39 +00:00,2010-08-19T14:00:00 +00:00,SEVERE STORMS AND FLOODING,2010-07-19 14:36:00,2010-08-07T11:00:00 +00:00
1935.0,Severe Storm(s),IL,Cook (County),Chicago,60640.0,8.0,8.0,8.0,0.0,0.0,0.0,2.0,1325.0,0.0,0.0,1325.0,2.0,0.0,0.0,0.0,769b2609d272e84472f0634e226092bd,2014-11-20T15:20:39 +00:00,2010-08-19T14:00:00 +00:00,SEVERE STORMS AND FLOODING,2010-07-19 14:36:00,2010-08-07T11:00:00 +00:00
1935.0,Severe Storm(s),IL,Cook (County),Chicago,60629.0,2.0,1961.0,1961.0,0.0,0.0,0.0,1376.0,5850192.0,0.0,2903103.0,2947090.0,1.0,96.0,7.0,2.0,cc04945a7976942bec868aec82f09fc6,2014-11-20T15:20:39 +00:00,2010-08-19T14:00:00 +00:00,SEVERE STORMS AND FLOODING,2010-07-19 14:36:00,2010-08-07T11:00:00 +00:00
1935.0,Severe Storm(s),IL,Cook (County),Chicago,60608.0,292.0,275.0,275.0,0.0,0.0,0.0,190.0,751387.0,0.0,368177.0,383210.0,178.0,11.0,1.0,0.0,b2324f7a1b93a94ab9450fc0631c40bb,2014-11-20T15:20:39 +00:00,2010-08-19T14:00:00 +00:00,SEVERE STORMS AND FLOODING,2010-07-19 14:36:00,2010-08-07T11:00:00 +00:00
1935.0,Severe Storm(s),IL,Cook (County),Chicago,60804.0,1.0,1.0,1.0,0.0,0.0,0.0,0.0,0.0,0.0,0.0,0.0,0.0,0.0,0.0,0.0,370b27f1458a1662dce72bfb81a208b7,2014-11-20T15:20:39 +00:00,2010-08-19T14:00:00 +00:00,SEVERE STORMS AND FLOODING,2010-07-19 14:36:00,2010-08-07T11:00:00 +00:00
1935.0,Severe Storm(s),IL,Cook (County),Chicago,60639.0,1.0,1.0,1.0,0.0,0.0,0.0,0.0,0.0,0.0,0.0,0.0,0.0,0.0,0.0,0.0,0e2605f2e5b547ea1f48cdbd731a5c44,2014-11-20T15:20:39 +00:00,2010-08-19T14:00:00 +00:00,SEVERE STORMS AND FLOODING,2010-07-19 14:36:00,2010-08-07T11:00:00 +00:00
1935.0,Severe Storm(s),IL,Cook (County),Chicago,60104.0,1.0,1.0,1.0,0.0,0.0,0.0,1.0,580.0,0.0,0.0,580.0,1.0,0.0,0.0,0.0,a6c3e9ce1d8c520cc3eeda5fc6d74622,2014-11-20T15:20:39 +00:00,2010-08-19T14:00:00 +00:00,SEVERE STORMS AND FLOODING,2010-07-19 14:36:00,2010-08-07T11:00:00 +00:00
1935.0,Severe Storm(s),IL,Cook (County),Chicago,60612.0,554.0,532.0,532.0,0.0,0.0,0.0,331.0,1321332.0,0.0,833474.0,487858.0,304.0,22.0,5.0,2.0,b607452512927927585de2fcb73a7366,2014-11-20T15:20:39 +00:00,2010-08-19T14:00:00 +00:00,SEVERE STORMS AND FLOODING,2010-07-19 14:36:00,2010-08-07T11:00:00 +00:00
1935.0,Severe Storm(s),IL,Cook (County),Chicago,60632.0,917.0,883.0,883.0,0.0,0.0,0.0,687.0,3603782.0,0.0,1381014.0,2222768.0,624.0,59.0,4.0,1.0,4323816c922246870ce3f055e30ecb8f,2014-11-20T15:20:39 +00:00,2010-08-19T14:00:00 +00:00,SEVERE STORMS AND FLOODING,2010-07-19 14:36:00,2010-08-07T11:00:00 +00:00
1935.0,Severe Storm(s),IL,Cook (County),Chicago,60622.0,73.0,66.0,66.0,0.0,0.0,0.0,37.0,106568.0,0.0,49336.0,57232.0,35.0,2.0,0.0,0.0,6bd29530278b97a923f1bea04e4b2b9b,2014-11-20T15:20:39 +00:00,2010-08-19T14:00:00 +00:00,SEVERE STORMS AND FLOODING,2010-07-19 14:36:00,2010-08-07T11:00:00 +00:00
1935.0,Severe Storm(s),IL,Cook (County),Chicago,60643.0,1.0,1015.0,1015.0,0.0,0.0,0.0,573.0,1745171.0,11334.0,1214170.0,519667.0,530.0,35.0,8.0,1.0,8cb7149ae4444747faa33b1828ddd577,2014-11-20T15:20:39 +00:00,2010-08-19T14:00:00 +00:00,SEVERE STORMS AND FLOODING,2010-07-19 14:36:00,2010-08-07T11:00:00 +00:00
1935.0,Severe Storm(s),IL,Cook (County),Chicago,60656.0,4.0,4.0,4.0,0.0,0.0,0.0,0.0,0.0,0.0,0.0,0.0,0.0,0.0,0.0,0.0,964a9c5e8b132ef4baf7afe3e2625bfa,2014-11-20T15:20:39 +00:00,2010-08-19T14:00:00 +00:00,SEVERE STORMS AND FLOODING,2010-07-19 14:36:00,2010-08-07T11:00:00 +00:00
1935.0,Severe Storm(s),IL,Cook (County),Chicago,60617.0,1.0,1.0,1.0,0.0,0.0,0.0,1.0,675.0,0.0,0.0,675.0,1.0,0.0,0.0,0.0,92b59eb717d2744582990fa4f9f06085,2014-11-20T15:20:39 +00:00,2010-08-19T14:00:00 +00:00,SEVERE STORMS AND FLOODING,2010-07-19 14:36:00,2010-08-07T11:00:00 +00:00
1935.0,Severe Storm(s),IL,Cook (County),Chicago,60612.0,1.0,1.0,1.0,0.0,0.0,0.0,1.0,2266.0,0.0,0.0,2266.0,1.0,0.0,0.0,0.0,ba9b8e0ab8d85b428ec6dec7fbd5d92b,2014-11-20T15:20:39 +00:00,2010-08-19T14:00:00 +00:00,SEVERE STORMS AND FLOODING,2010-07-19 14:36:00,2010-08-07T11:00:00 +00:00
1935.0,Severe Storm(s),IL,Cook (County),Chicago,60629.0,1.0,1.0,1.0,0.0,0.0,0.0,0.0,0.0,0.0,0.0,0.0,0.0,0.0,0.0,0.0,ce49ae084c749662612728136bc644f8,2014-11-20T15:20:39 +00:00,2010-08-19T14:00:00 +00:00,SEVERE STORMS AND FLOODING,2010-07-19 14:36:00,2010-08-07T11:00:00 +00:00
1935.0,Severe Storm(s),IL,Cook (County),Chicago,60610.0,12.0,11.0,11.0,0.0,0.0,0.0,4.0,8985.0,0.0,2480.0,6505.0,4.0,0.0,0.0,0.0,6bbc8bf11a9249699630039912f68f94,2014-11-20T15:20:39 +00:00,2010-08-19T14:00:00 +00:00,SEVERE STORMS AND FLOODING,2010-07-19 14:36:00,2010-08-07T11:00:00 +00:00
1935.0,Severe Storm(s),IL,Cook (County),Chicago,60621.0,1.0,1229.0,1229.0,0.0,0.0,0.0,735.0,2694598.0,0.0,1940986.0,753611.0,660.0,66.0,9.0,3.0,c6b135d93d19436045ae1ded7217cfd3,2014-11-20T15:20:39 +00:00,2010-08-19T14:00:00 +00:00,SEVERE STORMS AND FLOODING,2010-07-19 14:36:00,2010-08-07T11:00:00 +00:00
1935.0,Severe Storm(s),IL,Cook (County),Chicago,60631.0,4.0,4.0,4.0,0.0,0.0,0.0,2.0,1973.0,0.0,0.0,1973.0,2.0,0.0,0.0,0.0,f42be51cf1556d016f4f2ee0f99ec43e,2014-11-20T15:20:39 +00:00,2010-08-19T14:00:00 +00:00,SEVERE STORMS AND FLOODING,2010-07-19 14:36:00,2010-08-07T11:00:00 +00:00
1935.0,Severe Storm(s),IL,Cook (County),Chicago,60642.0,22.0,22.0,22.0,0.0,0.0,0.0,6.0,14205.0,0.0,5870.0,8335.0,6.0,0.0,0.0,0.0,28a2ea1e10acae7af19875681f0ae207,2014-11-20T15:20:39 +00:00,2010-08-19T14:00:00 +00:00,SEVERE STORMS AND FLOODING,2010-07-19 14:36:00,2010-08-07T11:00:00 +00:00
1935.0,Severe Storm(s),IL,Cook (County),Chicago,60655.0,24.0,23.0,23.0,0.0,0.0,0.0,6.0,16172.0,0.0,11176.0,4996.0,5.0,1.0,0.0,0.0,6f2872bf949bdc58a9b1bdda6224a882,2014-11-20T15:20:39 +00:00,2010-08-19T14:00:00 +00:00,SEVERE STORMS AND FLOODING,2010-07-19 14:36:00,2010-08-07T11:00:00 +00:00
1935.0,Severe Storm(s),IL,Cook (County),Chicago,60639.0,1.0,1.0,1.0,0.0,0.0,0.0,1.0,6083.0,0.0,0.0,6083.0,1.0,0.0,0.0,0.0,093ffd1ca60b18d5171401066d9e4151,2014-11-20T15:20:39 +00:00,2010-08-19T14:00:00 +00:00,SEVERE STORMS AND FLOODING,2010-07-19 14:36:00,2010-08-07T11:00:00 +00:00
1935.0,Severe Storm(s),IL,Cook (County),Chicago,60617.0,1.0,1.0,1.0,0.0,0.0,0.0,1.0,225.0,0.0,0.0,225.0,1.0,0.0,0.0,0.0,f7870274dfb6f318a23bfd68794f59f9,2014-11-20T15:20:39 +00:00,2010-08-19T14:00:00 +00:00,SEVERE STORMS AND FLOODING,2010-07-19 14:36:00,2010-08-07T11:00:00 +00:00
1935.0,Severe Storm(s),IL,Cook (County),Chicago,60411.0,1.0,1.0,1.0,0.0,0.0,0.0,0.0,0.0,0.0,0.0,0.0,0.0,0.0,0.0,0.0,fa5bc5caa8dec0c85aceedd79b001037,2014-11-20T15:20:39 +00:00,2010-08-19T14:00:00 +00:00,SEVERE STORMS AND FLOODING,2010-07-19 14:36:00,2010-08-07T11:00:00 +00:00
1935.0,Severe Storm(s),IL,Cook (County),Chicago,60624.0,1.0,1511.0,1511.0,0.0,0.0,0.0,963.0,4439849.0,0.0,2837517.0,1602333.0,847.0,105.0,11.0,2.0,9278d4fdaaf7bfcd1e958774120e3d25,2014-11-20T15:20:39 +00:00,2010-08-19T14:00:00 +00:00,SEVERE STORMS AND FLOODING,2010-07-19 14:36:00,2010-08-07T11:00:00 +00:00
1935.0,Severe Storm(s),IL,Cook (County),Chicago,60634.0,66.0,65.0,65.0,0.0,0.0,0.0,40.0,153814.0,0.0,74898.0,78916.0,37.0,3.0,0.0,0.0,543366b73070d25b8b8deff70abf887c,2014-11-20T15:20:39 +00:00,2010-08-19T14:00:00 +00:00,SEVERE STORMS AND FLOODING,2010-07-19 14:36:00,2010-08-07T11:00:00 +00:00
1935.0,Severe Storm(s),IL,Cook (County),Chicago,60645.0,19.0,17.0,17.0,0.0,0.0,0.0,7.0,35768.0,0.0,26280.0,9488.0,6.0,1.0,0.0,0.0,28e5c6c4d9d0490fc02255ebb7a474a7,2014-11-20T15:20:39 +00:00,2010-08-19T14:00:00 +00:00,SEVERE STORMS AND FLOODING,2010-07-19 14:36:00,2010-08-07T11:00:00 +00:00
1935.0,Severe Storm(s),IL,Cook (County),Chicago,60614.0,9.0,8.0,8.0,0.0,0.0,0.0,3.0,6841.0,0.0,6422.0,419.0,3.0,0.0,0.0,0.0,31678b9b0cefb42a93f0c8591a517d1a,2014-11-20T15:20:39 +00:00,2010-08-19T14:00:00 +00:00,SEVERE STORMS AND FLOODING,2010-07-19 14:36:00,2010-08-07T11:00:00 +00:00
1935.0,Severe Storm(s),IL,Cook (County),Chicago,60659.0,9.0,8.0,8.0,0.0,0.0,0.0,3.0,12698.0,0.0,6992.0,5706.0,3.0,0.0,0.0,0.0,d29b11f60d770d8fd79deb041ddeb5a2,2014-11-20T15:20:39 +00:00,2010-08-19T14:00:00 +00:00,SEVERE STORMS AND FLOODING,2010-07-19 14:36:00,2010-08-07T11:00:00 +00:00
1935.0,Severe Storm(s),IL,Cook (County),Chicago,60613.0,2.0,2.0,2.0,0.0,0.0,0.0,0.0,0.0,0.0,0.0,0.0,0.0,0.0,0.0,0.0,c8a1c09c7568bbedd651d846abd53e5c,2014-11-20T15:20:39 +00:00,2010-08-19T14:00:00 +00:00,SEVERE STORMS AND FLOODING,2010-07-19 14:36:00,2010-08-07T11:00:00 +00:00
1935.0,Severe Storm(s),IL,Cook (County),Chicago,60633.0,49.0,49.0,49.0,0.0,0.0,0.0,26.0,81049.0,0.0,63351.0,17698.0,24.0,1.0,1.0,0.0,3d89897ea2a587a93b8d9a7a48207519,2014-11-20T15:20:39 +00:00,2010-08-19T14:00:00 +00:00,SEVERE STORMS AND FLOODING,2010-07-19 14:36:00,2010-08-07T11:00:00 +00:00
1935.0,Severe Storm(s),IL,Cook (County),Chicago,60644.0,1.0,1597.0,1597.0,0.0,0.0,0.0,1091.0,4368660.0,1919.0,2609783.0,1756958.0,989.0,94.0,8.0,0.0,7bc21cf56440628b33c31467f8116a57,2014-11-20T15:20:39 +00:00,2010-08-19T14:00:00 +00:00,SEVERE STORMS AND FLOODING,2010-07-19 14:36:00,2010-08-07T11:00:00 +00:00
1935.0,Severe Storm(s),IL,Cook (County),Chicago,60290.0,1.0,1.0,1.0,0.0,0.0,0.0,0.0,0.0,0.0,0.0,0.0,0.0,0.0,0.0,0.0,d108b4ef1b90827860d07451ebe6d5e4,2014-11-20T15:20:39 +00:00,2010-08-19T14:00:00 +00:00,SEVERE STORMS AND FLOODING,2010-07-19 14:36:00,2010-08-07T11:00:00 +00:00
1935.0,Severe Storm(s),IL,Cook (County),Chicago,60658.0,1.0,1.0,1.0,0.0,0.0,0.0,1.0,479.0,0.0,0.0,479.0,1.0,0.0,0.0,0.0,872911800e258946085cd99d000d0500,2014-11-20T15:20:39 +00:00,2010-08-19T14:00:00 +00:00,SEVERE STORMS AND FLOODING,2010-07-19 14:36:00,2010-08-07T11:00:00 +00:00
1935.0,Severe Storm(s),IL,Cook (County),Chicago,60623.0,1.0,1503.0,1503.0,0.0,0.0,0.0,986.0,4470915.0,1494.0,2532397.0,1937024.0,895.0,85.0,6.0,1.0,311135660f0366484cdf4107ccfc8eed,2014-11-20T15:20:39 +00:00,2010-08-19T14:00:00 +00:00,SEVERE STORMS AND FLOODING,2010-07-19 14:36:00,2010-08-07T11:00:00 +00:00
1935.0,Severe Storm(s),IL,Cook (County),Chicago,60621.0,1.0,1.0,1.0,0.0,0.0,0.0,1.0,1232.0,0.0,0.0,1232.0,1.0,0.0,0.0,0.0,20f61b5c06c9b533d247ea910cff5482,2014-11-20T15:20:39 +00:00,2010-08-19T14:00:00 +00:00,SEVERE STORMS AND FLOODING,2010-07-19 14:36:00,2010-08-07T11:00:00 +00:00
1935.0,Severe Storm(s),IL,Cook (County),Chicago,60601.0,1.0,0.0,0.0,0.0,0.0,0.0,0.0,0.0,0.0,0.0,0.0,0.0,0.0,0.0,0.0,57d4f2a5a530a099c08184498ca5e93c,2014-11-20T15:20:39 +00:00,2010-08-19T14:00:00 +00:00,SEVERE STORMS AND FLOODING,2010-07-19 14:36:00,2010-08-07T11:00:00 +00:00
1935.0,Severe Storm(s),IL,Cook (County),Chicago,60616.0,47.0,40.0,40.0,0.0,0.0,0.0,15.0,21879.0,0.0,15122.0,6757.0,15.0,0.0,0.0,0.0,09b694fd41c31a4d32ce4bb526f86f19,2014-11-20T15:20:39 +00:00,2010-08-19T14:00:00 +00:00,SEVERE STORMS AND FLOODING,2010-07-19 14:36:00,2010-08-07T11:00:00 +00:00
1935.0,Severe Storm(s),IL,Cook (County),Chicago,60637.0,826.0,805.0,805.0,0.0,0.0,0.0,483.0,2119457.0,5310.0,1529704.0,584443.0,417.0,61.0,5.0,2.0,84f9bf8d89249bc3d58f4eb26db668f1,2014-11-20T15:20:39 +00:00,2010-08-19T14:00:00 +00:00,SEVERE STORMS AND FLOODING,2010-07-19 14:36:00,2010-08-07T11:00:00 +00:00
1935.0,Severe Storm(s),IL,Cook (County),Chicago,60663.0,1.0,1.0,1.0,0.0,0.0,0.0,0.0,0.0,0.0,0.0,0.0,0.0,0.0,0.0,0.0,4141a196b8fdece656a1aef52ea2f65d,2014-11-20T15:20:39 +00:00,2010-08-19T14:00:00 +00:00,SEVERE STORMS AND FLOODING,2010-07-19 14:36:00,2010-08-07T11:00:00 +00:00
1935.0,Severe Storm(s),IL,Cook (County),Chicago,60644.0,1.0,1.0,1.0,0.0,0.0,0.0,0.0,0.0,0.0,0.0,0.0,0.0,0.0,0.0,0.0,a2e14664c1cac8d27326d1d937a31621,2014-11-20T15:20:39 +00:00,2010-08-19T14:00:00 +00:00,SEVERE STORMS AND FLOODING,2010-07-19 14:36:00,2010-08-07T11:00:00 +00:00
1935.0,Severe Storm(s),IL,Cook (County),Chicago,60647.0,172.0,164.0,164.0,0.0,0.0,0.0,104.0,347768.0,0.0,155749.0,192019.0,100.0,3.0,1.0,1.0,b7d8be3244b2f4bdc901d90cf76c5b7d,2014-11-20T15:20:39 +00:00,2010-08-19T14:00:00 +00:00,SEVERE STORMS AND FLOODING,2010-07-19 14:36:00,2010-08-07T11:00:00 +00:00
1935.0,Severe Storm(s),IL,Cook (County),Chicago,60626.0,19.0,18.0,18.0,0.0,0.0,0.0,10.0,46689.0,0.0,35248.0,11441.0,8.0,2.0,0.0,0.0,b68b659d84ab1611f8a0dabdde369973,2014-11-20T15:20:39 +00:00,2010-08-19T14:00:00 +00:00,SEVERE STORMS AND FLOODING,2010-07-19 14:36:00,2010-08-07T11:00:00 +00:00
1935.0,Severe Storm(s),IL,Cook (County),Chicago,60619.0,1.0,1.0,1.0,0.0,0.0,0.0,0.0,0.0,0.0,0.0,0.0,0.0,0.0,0.0,0.0,572077e5ba971a539c5049db52e3bb56,2014-11-20T15:20:39 +00:00,2010-08-19T14:00:00 +00:00,SEVERE STORMS AND FLOODING,2010-07-19 14:36:00,2010-08-07T11:00:00 +00:00
1935.0,Severe Storm(s),IL,Cook (County),Chicago,60443.0,1.0,0.0,0.0,0.0,0.0,0.0,0.0,0.0,0.0,0.0,0.0,0.0,0.0,0.0,0.0,77c7588d53c1e68d83fa404fc200ea60,2014-11-20T15:20:39 +00:00,2010-08-19T14:00:00 +00:00,SEVERE STORMS AND FLOODING,2010-07-19 14:36:00,2010-08-07T11:00:00 +00:00
1935.0,Severe Storm(s),IL,Cook (County),Chicago,60625.0,16.0,14.0,14.0,0.0,0.0,0.0,11.0,36092.0,0.0,16796.0,19296.0,11.0,0.0,0.0,0.0,4a86aa708b8e45da308197db1cc8f2a4,2014-11-20T15:20:39 +00:00,2010-08-19T14:00:00 +00:00,SEVERE STORMS AND FLOODING,2010-07-19 14:36:00,2010-08-07T11:00:00 +00:00
1935.0,Severe Storm(s),IL,Cook (County),Chicago,60615.0,209.0,201.0,201.0,0.0,0.0,0.0,69.0,166121.0,0.0,110191.0,55930.0,66.0,3.0,0.0,0.0,becc38bb4618661e154b1a1d301423fd,2014-11-20T15:20:39 +00:00,2010-08-19T14:00:00 +00:00,SEVERE STORMS AND FLOODING,2010-07-19 14:36:00,2010-08-07T11:00:00 +00:00
1935.0,Severe Storm(s),IL,Cook (County),Chicago,60636.0,2.0,2056.0,2056.0,0.0,0.0,0.0,1278.0,4394433.0,1365.0,3112163.0,1280906.0,1.0,93.0,18.0,7.0,e2787518997128d25c3f5e974afc32dd,2014-11-20T15:20:39 +00:00,2010-08-19T14:00:00 +00:00,SEVERE STORMS AND FLOODING,2010-07-19 14:36:00,2010-08-07T11:00:00 +00:00
1935.0,Severe Storm(s),IL,Cook (County),Chicago,60660.0,11.0,11.0,11.0,0.0,0.0,0.0,4.0,25499.0,0.0,19428.0,6071.0,3.0,1.0,0.0,0.0,30ddf9b90aacc31d151b4f138bb5dce6,2014-11-20T15:20:39 +00:00,2010-08-19T14:00:00 +00:00,SEVERE STORMS AND FLOODING,2010-07-19 14:36:00,2010-08-07T11:00:00 +00:00
1935.0,Severe Storm(s),IL,Cook (County),Chicago,60646.0,3.0,3.0,3.0,0.0,0.0,0.0,0.0,0.0,0.0,0.0,0.0,0.0,0.0,0.0,0.0,e77d12bd01cb6f55577315117c6768ab,2014-11-20T15:20:39 +00:00,2010-08-19T14:00:00 +00:00,SEVERE STORMS AND FLOODING,2010-07-19 14:36:00,2010-08-07T11:00:00 +00:00
1935.0,Severe Storm(s),IL,Cook (County),Chicago,60624.0,1.0,1.0,1.0,0.0,0.0,0.0,1.0,1157.0,0.0,0.0,1157.0,1.0,0.0,0.0,0.0,fe11343d13d43a21053d1df690cd5a27,2014-11-20T15:20:39 +00:00,2010-08-19T14:00:00 +00:00,SEVERE STORMS AND FLOODING,2010-07-19 14:36:00,2010-08-07T11:00:00 +00:00
1935.0,Severe Storm(s),IL,Cook (County),Chicago,60624.0,1.0,1.0,1.0,0.0,0.0,0.0,1.0,1806.0,0.0,1806.0,0.0,1.0,0.0,0.0,0.0,68fe69adbbd8fc304d8a24cf93c43d87,2014-11-20T15:20:39 +00:00,2010-08-19T14:00:00 +00:00,SEVERE STORMS AND FLOODING,2010-07-19 14:36:00,2010-08-07T11:00:00 +00:00
1935.0,Severe Storm(s),IL,Cook (County),Chicago,60617.0,1.0,1422.0,1422.0,0.0,0.0,0.0,784.0,2517137.0,0.0,1919221.0,597915.0,715.0,64.0,5.0,2.0,40fdb0a247f96be0d5638700e3d421a0,2014-11-20T15:20:39 +00:00,2010-08-19T14:00:00 +00:00,SEVERE STORMS AND FLOODING,2010-07-19 14:36:00,2010-08-07T11:00:00 +00:00
1935.0,Severe Storm(s),IL,Cook (County),Chicago,60605.0,1.0,1.0,1.0,0.0,0.0,0.0,0.0,0.0,0.0,0.0,0.0,0.0,0.0,0.0,0.0,e5cf4af33a1cfb3aa15e2d0a47d452ce,2014-11-20T15:20:39 +00:00,2010-08-19T14:00:00 +00:00,SEVERE STORMS AND FLOODING,2010-07-19 14:36:00,2010-08-07T11:00:00 +00:00
1935.0,Severe Storm(s),IL,Cook (County),Chicago,60627.0,1.0,1.0,1.0,0.0,0.0,0.0,0.0,0.0,0.0,0.0,0.0,0.0,0.0,0.0,0.0,06433734180a167d79e93e6f91ae971c,2014-11-20T15:20:39 +00:00,2010-08-19T14:00:00 +00:00,SEVERE STORMS AND FLOODING,2010-07-19 14:36:00,2010-08-07T11:00:00 +00:00
1935.0,Severe Storm(s),IL,Cook (County),Chicago,60638.0,259.0,245.0,245.0,0.0,0.0,0.0,143.0,384236.0,0.0,202264.0,181972.0,137.0,5.0,1.0,1.0,ca421abb9d9fec3a9bf36967afd18e23,2014-11-20T15:20:39 +00:00,2010-08-19T14:00:00 +00:00,SEVERE STORMS AND FLOODING,2010-07-19 14:36:00,2010-08-07T11:00:00 +00:00
1935.0,Severe Storm(s),IL,Cook (County),Chicago,60649.0,649.0,632.0,632.0,0.0,0.0,0.0,360.0,1474341.0,0.0,1031329.0,443011.0,315.0,45.0,0.0,0.0,aa652f17c951b6a6783061796cb3ba10,2014-11-20T15:20:39 +00:00,2010-08-19T14:00:00 +00:00,SEVERE STORMS AND FLOODING,2010-07-19 14:36:00,2010-08-07T11:00:00 +00:00
1935.0,Severe Storm(s),IL,Cook (County),Chicago,60707.0,59.0,58.0,58.0,0.0,0.0,0.0,33.0,155044.0,0.0,55245.0,99799.0,30.0,3.0,0.0,0.0,fa7d0ce06cffd2bf08d86bedda7ac719,2014-11-20T15:20:39 +00:00,2010-08-19T14:00:00 +00:00,SEVERE STORMS AND FLOODING,2010-07-19 14:36:00,2010-08-07T11:00:00 +00:00
1800.0,Severe Storm(s),IL,Cook (County),Chicago,60608.0,3.0,3.0,3.0,0.0,0.0,0.0,2.0,10492.0,0.0,3576.0,6916.0,2.0,0.0,0.0,0.0,b28b9f892c06a66c2a089990ea3708bc,2014-11-20T15:22:28 +00:00,2008-10-03T18:30:00 +00:00,SEVERE STORMS AND FLOODING,2008-09-13 08:00:00,2008-10-05T00:00:00 +00:00
1800.0,Severe Storm(s),IL,Cook (County),Chicago,60621.0,187.0,178.0,178.0,0.0,0.0,0.0,55.0,125159.0,0.0,82147.0,43012.0,54.0,1.0,0.0,0.0,3f15f399217b4b438df786c1bb077a01,2014-11-20T15:22:28 +00:00,2008-10-03T18:30:00 +00:00,SEVERE STORMS AND FLOODING,2008-09-13 08:00:00,2008-10-05T00:00:00 +00:00
1800.0,Severe Storm(s),IL,Cook (County),Chicago,60632.0,3.0,3.0,3.0,0.0,0.0,0.0,1.0,304.0,0.0,0.0,304.0,1.0,0.0,0.0,0.0,e63bc04e207671b79de5a9c8e3dea416,2014-11-20T15:22:28 +00:00,2008-10-03T18:30:00 +00:00,SEVERE STORMS AND FLOODING,2008-09-13 08:00:00,2008-10-05T00:00:00 +00:00
1800.0,Severe Storm(s),IL,Cook (County),Chicago,60643.0,259.0,248.0,248.0,0.0,0.0,0.0,91.0,248212.0,0.0,197838.0,50374.0,83.0,8.0,0.0,0.0,5b024fa50e38a90ea1e33acc25df6be6,2014-11-20T15:22:28 +00:00,2008-10-03T18:30:00 +00:00,SEVERE STORMS AND FLOODING,2008-09-13 08:00:00,2008-10-05T00:00:00 +00:00
1800.0,Severe Storm(s),IL,Cook (County),Chicago,60656.0,1.0,1.0,1.0,0.0,0.0,0.0,0.0,0.0,0.0,0.0,0.0,0.0,0.0,0.0,0.0,f91883692a278b4a39a2a4b5d0b99f7e,2014-11-20T15:22:28 +00:00,2008-10-03T18:30:00 +00:00,SEVERE STORMS AND FLOODING,2008-09-13 08:00:00,2008-10-05T00:00:00 +00:00
1800.0,Severe Storm(s),IL,Cook (County),Chicago,60610.0,3.0,2.0,2.0,0.0,0.0,0.0,0.0,0.0,0.0,0.0,0.0,0.0,0.0,0.0,0.0,3101af1ce610df2a4a41969be2e50b58,2014-11-20T15:22:28 +00:00,2008-10-03T18:30:00 +00:00,SEVERE STORMS AND FLOODING,2008-09-13 08:00:00,2008-10-05T00:00:00 +00:00
1800.0,Severe Storm(s),IL,Cook (County),Chicago,60623.0,102.0,100.0,100.0,0.0,0.0,0.0,47.0,190244.0,0.0,117457.0,72787.0,44.0,2.0,1.0,0.0,ed43fe370752b4dc35704bb915a91bcd,2014-11-20T15:22:28 +00:00,2008-10-03T18:30:00 +00:00,SEVERE STORMS AND FLOODING,2008-09-13 08:00:00,2008-10-05T00:00:00 +00:00
1800.0,Severe Storm(s),IL,Cook (County),Chicago,60634.0,6.0,6.0,6.0,0.0,0.0,0.0,2.0,4578.0,0.0,2454.0,2124.0,2.0,0.0,0.0,0.0,ff28648c7c59a8e8a840cbc7f83d3c61,2014-11-20T15:22:28 +00:00,2008-10-03T18:30:00 +00:00,SEVERE STORMS AND FLOODING,2008-09-13 08:00:00,2008-10-05T00:00:00 +00:00
1800.0,Severe Storm(s),IL,Cook (County),Chicago,60645.0,8.0,8.0,8.0,0.0,0.0,0.0,0.0,0.0,0.0,0.0,0.0,0.0,0.0,0.0,0.0,badf7682eabbb7b5934d739e9517a00b,2014-11-20T15:22:28 +00:00,2008-10-03T18:30:00 +00:00,SEVERE STORMS AND FLOODING,2008-09-13 08:00:00,2008-10-05T00:00:00 +00:00
1800.0,Severe Storm(s),IL,Cook (County),Chicago,60659.0,11.0,11.0,11.0,0.0,0.0,0.0,1.0,20911.0,0.0,20911.0,0.0,0.0,1.0,0.0,0.0,329bbb24c104c09afd2c74e1b9946827,2014-11-20T15:22:28 +00:00,2008-10-03T18:30:00 +00:00,SEVERE STORMS AND FLOODING,2008-09-13 08:00:00,2008-10-05T00:00:00 +00:00
1800.0,Severe Storm(s),IL,Cook (County),Chicago,60615.0,24.0,22.0,22.0,0.0,0.0,0.0,11.0,52276.0,0.0,44821.0,7455.0,9.0,2.0,0.0,0.0,5e59531b4f650ad7adc91dcab4401aa6,2014-11-20T15:22:28 +00:00,2008-10-03T18:30:00 +00:00,SEVERE STORMS AND FLOODING,2008-09-13 08:00:00,2008-10-05T00:00:00 +00:00
1800.0,Severe Storm(s),IL,Cook (County),Chicago,60625.0,50.0,42.0,42.0,0.0,0.0,0.0,25.0,121227.0,0.0,38490.0,82737.0,21.0,4.0,0.0,0.0,d8434e2fd28abced0b475d2627180e12,2014-11-20T15:22:28 +00:00,2008-10-03T18:30:00 +00:00,SEVERE STORMS AND FLOODING,2008-09-13 08:00:00,2008-10-05T00:00:00 +00:00
1800.0,Severe Storm(s),IL,Cook (County),Chicago,60637.0,153.0,145.0,145.0,0.0,0.0,0.0,51.0,145638.0,0.0,96299.0,49339.0,49.0,2.0,0.0,0.0,0ffba69ca121d67768de593891e05a29,2014-11-20T15:22:28 +00:00,2008-10-03T18:30:00 +00:00,SEVERE STORMS AND FLOODING,2008-09-13 08:00:00,2008-10-05T00:00:00 +00:00
1800.0,Severe Storm(s),IL,Cook (County),Chicago,60647.0,13.0,12.0,12.0,0.0,0.0,0.0,5.0,3495.0,0.0,1788.0,1707.0,5.0,0.0,0.0,0.0,9796afe66bf3353969faff0bb16c47cc,2014-11-20T15:22:28 +00:00,2008-10-03T18:30:00 +00:00,SEVERE STORMS AND FLOODING,2008-09-13 08:00:00,2008-10-05T00:00:00 +00:00
1800.0,Severe Storm(s),IL,Cook (County),Chicago,60707.0,9.0,9.0,9.0,0.0,0.0,0.0,1.0,4176.0,0.0,0.0,4176.0,1.0,0.0,0.0,0.0,33ca51adf6e3b313fafd6f6d54306a39,2014-11-20T15:22:28 +00:00,2008-10-03T18:30:00 +00:00,SEVERE STORMS AND FLOODING,2008-09-13 08:00:00,2008-10-05T00:00:00 +00:00
1800.0,Severe Storm(s),IL,Cook (County),Chicago,60609.0,103.0,98.0,98.0,0.0,0.0,0.0,39.0,119780.0,0.0,71677.0,48103.0,38.0,1.0,0.0,0.0,0c118145e372c52d69416675ec1c04a3,2014-11-20T15:22:28 +00:00,2008-10-03T18:30:00 +00:00,SEVERE STORMS AND FLOODING,2008-09-13 08:00:00,2008-10-05T00:00:00 +00:00
1800.0,Severe Storm(s),IL,Cook (County),Chicago,60622.0,5.0,4.0,4.0,0.0,0.0,0.0,1.0,3702.0,0.0,0.0,3702.0,1.0,0.0,0.0,0.0,103201eacfec97e9a99d7ef37f437e7e,2014-11-20T15:22:28 +00:00,2008-10-03T18:30:00 +00:00,SEVERE STORMS AND FLOODING,2008-09-13 08:00:00,2008-10-05T00:00:00 +00:00
1800.0,Severe Storm(s),IL,Cook (County),Chicago,60633.0,26.0,25.0,25.0,0.0,0.0,0.0,9.0,22529.0,0.0,17206.0,5323.0,9.0,0.0,0.0,0.0,3e700607f5517c3754f1f153fb3fd1e1,2014-11-20T15:22:28 +00:00,2008-10-03T18:30:00 +00:00,SEVERE STORMS AND FLOODING,2008-09-13 08:00:00,2008-10-05T00:00:00 +00:00
1800.0,Severe Storm(s),IL,Cook (County),Chicago,60644.0,143.0,135.0,135.0,0.0,0.0,0.0,71.0,211188.0,0.0,106535.0,104653.0,67.0,3.0,1.0,0.0,a07fdf4bd0599df13b7bbbc555def7a9,2014-11-20T15:22:28 +00:00,2008-10-03T18:30:00 +00:00,SEVERE STORMS AND FLOODING,2008-09-13 08:00:00,2008-10-05T00:00:00 +00:00
1800.0,Severe Storm(s),IL,Cook (County),Chicago,60657.0,1.0,0.0,0.0,0.0,0.0,0.0,0.0,0.0,0.0,0.0,0.0,0.0,0.0,0.0,0.0,454afc4f8a8e3b7002dfdc78a69e33b5,2014-11-20T15:22:28 +00:00,2008-10-03T18:30:00 +00:00,SEVERE STORMS AND FLOODING,2008-09-13 08:00:00,2008-10-05T00:00:00 +00:00
1800.0,Severe Storm(s),IL,Cook (County),Chicago,60612.0,43.0,37.0,37.0,0.0,0.0,0.0,13.0,65560.0,0.0,43591.0,21969.0,10.0,2.0,1.0,0.0,5cd3587c84889d1c81acfb02fc1a1e6b,2014-11-20T15:22:28 +00:00,2008-10-03T18:30:00 +00:00,SEVERE STORMS AND FLOODING,2008-09-13 08:00:00,2008-10-05T00:00:00 +00:00
1800.0,Severe Storm(s),IL,Cook (County),Chicago,60624.0,108.0,104.0,104.0,0.0,0.0,0.0,27.0,92005.0,0.0,56718.0,35287.0,25.0,1.0,1.0,0.0,3b5d8c76e6ada1f26e66e52a391eab50,2014-11-20T15:22:28 +00:00,2008-10-03T18:30:00 +00:00,SEVERE STORMS AND FLOODING,2008-09-13 08:00:00,2008-10-05T00:00:00 +00:00
1800.0,Severe Storm(s),IL,Cook (County),Chicago,60636.0,320.0,307.0,307.0,0.0,0.0,0.0,113.0,348074.0,0.0,256488.0,91585.0,105.0,8.0,0.0,0.0,260b7cd15fbaaf654b3767dc65729ae9,2014-11-20T15:22:28 +00:00,2008-10-03T18:30:00 +00:00,SEVERE STORMS AND FLOODING,2008-09-13 08:00:00,2008-10-05T00:00:00 +00:00
1800.0,Severe Storm(s),IL,Cook (County),Chicago,60646.0,7.0,6.0,6.0,0.0,0.0,0.0,1.0,1925.0,0.0,1788.0,137.0,1.0,0.0,0.0,0.0,672b140a41af62974be8d0eb30e97c75,2014-11-20T15:22:28 +00:00,2008-10-03T18:30:00 +00:00,SEVERE STORMS AND FLOODING,2008-09-13 08:00:00,2008-10-05T00:00:00 +00:00
1800.0,Severe Storm(s),IL,Cook (County),Chicago,60660.0,4.0,4.0,4.0,0.0,0.0,0.0,2.0,13870.0,0.0,13870.0,0.0,2.0,0.0,0.0,0.0,a78f237c62973717afae0cad18bf8006,2014-11-20T15:22:28 +00:00,2008-10-03T18:30:00 +00:00,SEVERE STORMS AND FLOODING,2008-09-13 08:00:00,2008-10-05T00:00:00 +00:00
1800.0,Severe Storm(s),IL,Cook (County),Chicago,60616.0,6.0,4.0,4.0,0.0,0.0,0.0,1.0,580.0,0.0,0.0,580.0,1.0,0.0,0.0,0.0,2988b1adc7c8906ba761f790e4362800,2014-11-20T15:22:28 +00:00,2008-10-03T18:30:00 +00:00,SEVERE STORMS AND FLOODING,2008-09-13 08:00:00,2008-10-05T00:00:00 +00:00
1800.0,Severe Storm(s),IL,Cook (County),Chicago,60626.0,6.0,6.0,6.0,0.0,0.0,0.0,2.0,6125.0,0.0,4908.0,1217.0,2.0,0.0,0.0,0.0,decc0acfcfdf5d325a8397c0ca5c866a,2014-11-20T15:22:28 +00:00,2008-10-03T18:30:00 +00:00,SEVERE STORMS AND FLOODING,2008-09-13 08:00:00,2008-10-05T00:00:00 +00:00
1800.0,Severe Storm(s),IL,Cook (County),Chicago,60638.0,20.0,19.0,19.0,0.0,0.0,0.0,11.0,41577.0,0.0,35776.0,5801.0,9.0,2.0,0.0,0.0,ac9b32acc8693b3f120407f1b0ed1725,2014-11-20T15:22:28 +00:00,2008-10-03T18:30:00 +00:00,SEVERE STORMS AND FLOODING,2008-09-13 08:00:00,2008-10-05T00:00:00 +00:00
1800.0,Severe Storm(s),IL,Cook (County),Chicago,60649.0,186.0,170.0,170.0,0.0,0.0,0.0,70.0,143268.0,0.0,88593.0,54675.0,69.0,1.0,0.0,0.0,2c166b4819aad4bb046ebfba84b2edc0,2014-11-20T15:22:28 +00:00,2008-10-03T18:30:00 +00:00,SEVERE STORMS AND FLOODING,2008-09-13 08:00:00,2008-10-05T00:00:00 +00:00
1800.0,Severe Storm(s),IL,Cook (County),Chicago,60827.0,96.0,75.0,75.0,0.0,0.0,0.0,9.0,5812.0,0.0,2774.0,3038.0,9.0,0.0,0.0,0.0,846b8ca1bda505b81e318dae91a04156,2014-11-20T15:22:28 +00:00,2008-10-03T18:30:00 +00:00,SEVERE STORMS AND FLOODING,2008-09-13 08:00:00,2008-10-05T00:00:00 +00:00
1800.0,Severe Storm(s),IL,Cook (County),Chicago,60624.0,1.0,1.0,1.0,0.0,0.0,0.0,0.0,0.0,0.0,0.0,0.0,0.0,0.0,0.0,0.0,6d023d344d08a6d78e43599c7e0d93d6,2014-11-20T15:22:28 +00:00,2008-10-03T18:30:00 +00:00,SEVERE STORMS AND FLOODING,2008-09-13 08:00:00,2008-10-05T00:00:00 +00:00
1800.0,Severe Storm(s),IL,Cook (County),Chicago,60618.0,3.0,3.0,3.0,0.0,0.0,0.0,2.0,3829.0,0.0,1788.0,2041.0,2.0,0.0,0.0,0.0,1ad51f246ed4e773c535bb1e5c13de08,2014-11-20T15:22:28 +00:00,2008-10-03T18:30:00 +00:00,SEVERE STORMS AND FLOODING,2008-09-13 08:00:00,2008-10-05T00:00:00 +00:00
1800.0,Severe Storm(s),IL,Cook (County),Chicago,60629.0,110.0,103.0,103.0,0.0,0.0,0.0,29.0,100421.0,0.0,81966.0,18455.0,26.0,3.0,0.0,0.0,181066245e20a1184c9f8e9802adb61c,2014-11-20T15:22:28 +00:00,2008-10-03T18:30:00 +00:00,SEVERE STORMS AND FLOODING,2008-09-13 08:00:00,2008-10-05T00:00:00 +00:00
1800.0,Severe Storm(s),IL,Cook (County),Chicago,60640.0,3.0,3.0,3.0,0.0,0.0,0.0,1.0,3817.0,0.0,2008.0,1809.0,1.0,0.0,0.0,0.0,2b41e15e8ee1e1c50f6883542d04c08c,2014-11-20T15:22:28 +00:00,2008-10-03T18:30:00 +00:00,SEVERE STORMS AND FLOODING,2008-09-13 08:00:00,2008-10-05T00:00:00 +00:00
1800.0,Severe Storm(s),IL,Cook (County),Chicago,60652.0,67.0,65.0,65.0,0.0,0.0,0.0,22.0,58375.0,0.0,46781.0,11594.0,21.0,1.0,0.0,0.0,00a6f7f930b585363227e4dd7bec9fa9,2014-11-20T15:22:28 +00:00,2008-10-03T18:30:00 +00:00,SEVERE STORMS AND FLOODING,2008-09-13 08:00:00,2008-10-05T00:00:00 +00:00
1800.0,Severe Storm(s),IL,Cook (County),Chicago,60607.0,2.0,2.0,2.0,0.0,0.0,0.0,0.0,0.0,0.0,0.0,0.0,0.0,0.0,0.0,0.0,a4e3a783fdde6aec0e82c55769a4994e,2014-11-20T15:22:28 +00:00,2008-10-03T18:30:00 +00:00,SEVERE STORMS AND FLOODING,2008-09-13 08:00:00,2008-10-05T00:00:00 +00:00
1800.0,Severe Storm(s),IL,Cook (County),Chicago,60620.0,425.0,406.0,406.0,0.0,0.0,0.0,140.0,431847.0,0.0,334592.0,97255.0,130.0,8.0,2.0,0.0,821a2ee525cf2376d6364a6131403cb3,2014-11-20T15:22:28 +00:00,2008-10-03T18:30:00 +00:00,SEVERE STORMS AND FLOODING,2008-09-13 08:00:00,2008-10-05T00:00:00 +00:00
1800.0,Severe Storm(s),IL,Cook (County),Chicago,60631.0,5.0,5.0,5.0,0.0,0.0,0.0,3.0,2509.0,0.0,0.0,2509.0,3.0,0.0,0.0,0.0,56d32bd6003c658c33450cd0f4516a76,2014-11-20T15:22:28 +00:00,2008-10-03T18:30:00 +00:00,SEVERE STORMS AND FLOODING,2008-09-13 08:00:00,2008-10-05T00:00:00 +00:00
1800.0,Severe Storm(s),IL,Cook (County),Chicago,60642.0,1.0,1.0,1.0,0.0,0.0,0.0,0.0,0.0,0.0,0.0,0.0,0.0,0.0,0.0,0.0,c62f0dcdbc474c6a5c344cdd6e06d576,2014-11-20T15:22:28 +00:00,2008-10-03T18:30:00 +00:00,SEVERE STORMS AND FLOODING,2008-09-13 08:00:00,2008-10-05T00:00:00 +00:00
1800.0,Severe Storm(s),IL,Cook (County),Chicago,60655.0,4.0,2.0,2.0,0.0,0.0,0.0,1.0,2008.0,0.0,2008.0,0.0,1.0,0.0,0.0,0.0,3a099adac8f561b2cc37e1ec640f656d,2014-11-20T15:22:28 +00:00,2008-10-03T18:30:00 +00:00,SEVERE STORMS AND FLOODING,2008-09-13 08:00:00,2008-10-05T00:00:00 +00:00
1800.0,Severe Storm(s),IL,Cook (County),Chicago,60477.0,1.0,0.0,0.0,0.0,0.0,0.0,0.0,0.0,0.0,0.0,0.0,0.0,0.0,0.0,0.0,f552b1c433cde449f5174c619d07b214,2014-11-20T15:22:28 +00:00,2008-10-03T18:30:00 +00:00,SEVERE STORMS AND FLOODING,2008-09-13 08:00:00,2008-10-05T00:00:00 +00:00
1800.0,Severe Storm(s),IL,Cook (County),Chicago,60619.0,522.0,499.0,499.0,0.0,0.0,0.0,244.0,664418.0,0.0,482574.0,181844.0,231.0,13.0,0.0,0.0,d5754f13b3b704bfc27c3c64f7b13a0f,2014-11-20T15:22:28 +00:00,2008-10-03T18:30:00 +00:00,SEVERE STORMS AND FLOODING,2008-09-13 08:00:00,2008-10-05T00:00:00 +00:00
1800.0,Severe Storm(s),IL,Cook (County),Chicago,60630.0,3.0,2.0,2.0,0.0,0.0,0.0,0.0,0.0,0.0,0.0,0.0,0.0,0.0,0.0,0.0,67033e6c0de63703bbae9757d59a5428,2014-11-20T15:22:28 +00:00,2008-10-03T18:30:00 +00:00,SEVERE STORMS AND FLOODING,2008-09-13 08:00:00,2008-10-05T00:00:00 +00:00
1800.0,Severe Storm(s),IL,Cook (County),Chicago,60641.0,4.0,3.0,3.0,0.0,0.0,0.0,0.0,0.0,0.0,0.0,0.0,0.0,0.0,0.0,0.0,d16b963da39f6c157f71fd1a519d3914,2014-11-20T15:22:28 +00:00,2008-10-03T18:30:00 +00:00,SEVERE STORMS AND FLOODING,2008-09-13 08:00:00,2008-10-05T00:00:00 +00:00
1800.0,Severe Storm(s),IL,Cook (County),Chicago,60653.0,37.0,36.0,36.0,0.0,0.0,0.0,8.0,23085.0,0.0,11490.0,11595.0,7.0,1.0,0.0,0.0,1a1626cc0fdc73a0ac913280dbb4b16b,2014-11-20T15:22:28 +00:00,2008-10-03T18:30:00 +00:00,SEVERE STORMS AND FLOODING,2008-09-13 08:00:00,2008-10-05T00:00:00 +00:00
1800.0,Severe Storm(s),IL,Cook (County),Chicago,60617.0,487.0,470.0,470.0,0.0,0.0,0.0,194.0,475610.0,0.0,294524.0,181086.0,185.0,8.0,1.0,0.0,1c6968716a1ba9bebefd107cae1ffbaa,2014-11-20T15:22:28 +00:00,2008-10-03T18:30:00 +00:00,SEVERE STORMS AND FLOODING,2008-09-13 08:00:00,2008-10-05T00:00:00 +00:00
1800.0,Severe Storm(s),IL,Cook (County),Chicago,60628.0,629.0,606.0,606.0,0.0,0.0,0.0,208.0,407369.0,2661.0,278302.0,126407.0,202.0,6.0,0.0,0.0,df6b0a7df9acd84dfe0167b5f390901f,2014-11-20T15:22:28 +00:00,2008-10-03T18:30:00 +00:00,SEVERE STORMS AND FLOODING,2008-09-13 08:00:00,2008-10-05T00:00:00 +00:00
1800.0,Severe Storm(s),IL,Cook (County),Chicago,60639.0,58.0,56.0,56.0,0.0,0.0,0.0,24.0,64631.0,0.0,33184.0,31447.0,23.0,1.0,0.0,0.0,0ea17e6fd7829ffc35c3c44a42c109da,2014-11-20T15:22:28 +00:00,2008-10-03T18:30:00 +00:00,SEVERE STORMS AND FLOODING,2008-09-13 08:00:00,2008-10-05T00:00:00 +00:00
1800.0,Severe Storm(s),IL,Cook (County),Chicago,60651.0,151.0,143.0,143.0,0.0,0.0,0.0,58.0,151200.0,0.0,52553.0,98647.0,55.0,3.0,0.0,0.0,697b21ff73f42a810f6fa0b69290b636,2014-11-20T15:22:28 +00:00,2008-10-03T18:30:00 +00:00,SEVERE STORMS AND FLOODING,2008-09-13 08:00:00,2008-10-05T00:00:00 +00:00
4116.0,Flood,IL,Cook (County),Chicago,60608.0,54.0,45.0,29.0,8.0,1.0,7.0,24.0,96966.0,0.0,49598.0,47368.0,22.0,2.0,0.0,0.0,3e4be2fc54e27174bd14a7901c139c4c,2015-03-02T18:42:54 +00:00,2013-05-10T18:15:00 +00:00,"SEVERE STORMS, STRAIGHT-LINE WINDS, AND FLOODING",2013-04-16 09:37:00,2013-05-05T00:00:00 +00:00
4116.0,Flood,IL,Cook (County),Chicago,60612.0,283.0,263.0,190.0,49.0,1.0,23.0,122.0,349872.0,0.0,229499.0,120373.0,114.0,7.0,1.0,0.0,d27393e84379a5e110cd0f677c082200,2015-03-02T18:42:54 +00:00,2013-05-10T18:15:00 +00:00,"SEVERE STORMS, STRAIGHT-LINE WINDS, AND FLOODING",2013-04-16 09:37:00,2013-05-05T00:00:00 +00:00
4116.0,Flood,IL,Cook (County),Chicago,60619.0,1.0,1409.0,836.0,487.0,9.0,77.0,750.0,2033186.0,0.0,1347723.0,685463.0,721.0,27.0,2.0,0.0,6cb42c5d9fb2c1e43a145610bcfce766,2015-03-02T18:42:54 +00:00,2013-05-10T18:15:00 +00:00,"SEVERE STORMS, STRAIGHT-LINE WINDS, AND FLOODING",2013-04-16 09:37:00,2013-05-05T00:00:00 +00:00
4116.0,Flood,IL,Cook (County),Chicago,60622.0,31.0,28.0,23.0,4.0,0.0,1.0,15.0,22261.0,0.0,9814.0,12447.0,15.0,0.0,0.0,0.0,16a01ae181152c4c1febfba369f91005,2015-03-02T18:42:54 +00:00,2013-05-10T18:15:00 +00:00,"SEVERE STORMS, STRAIGHT-LINE WINDS, AND FLOODING",2013-04-16 09:37:00,2013-05-05T00:00:00 +00:00
4116.0,Flood,IL,Cook (County),Chicago,60636.0,1.0,1279.0,814.0,295.0,7.0,163.0,641.0,1855681.0,1192.0,1327683.0,526806.0,606.0,35.0,0.0,0.0,8704046c5196fd702f1ec0de7c3a7a36,2015-03-02T18:42:54 +00:00,2013-05-10T18:15:00 +00:00,"SEVERE STORMS, STRAIGHT-LINE WINDS, AND FLOODING",2013-04-16 09:37:00,2013-05-05T00:00:00 +00:00
4116.0,Flood,IL,Cook (County),Chicago,60639.0,280.0,276.0,138.0,105.0,4.0,29.0,188.0,867134.0,0.0,539317.0,327817.0,166.0,19.0,3.0,0.0,4d7e5850bffea461001a66ea017b9fbb,2015-03-02T18:42:54 +00:00,2013-05-10T18:15:00 +00:00,"SEVERE STORMS, STRAIGHT-LINE WINDS, AND FLOODING",2013-04-16 09:37:00,2013-05-05T00:00:00 +00:00
4116.0,Flood,IL,Cook (County),Chicago,60653.0,253.0,236.0,161.0,45.0,0.0,30.0,126.0,383483.0,0.0,254683.0,128800.0,118.0,7.0,1.0,0.0,dd1f9c12fb7f32efb73a0249f282882c,2015-03-02T18:42:54 +00:00,2013-05-10T18:15:00 +00:00,"SEVERE STORMS, STRAIGHT-LINE WINDS, AND FLOODING",2013-04-16 09:37:00,2013-05-05T00:00:00 +00:00
4116.0,Flood,IL,Cook (County),Chicago,60604.0,1.0,0.0,0.0,0.0,0.0,0.0,0.0,0.0,0.0,0.0,0.0,0.0,0.0,0.0,0.0,faf2d20e437614f3bdaabfd04f295699,2015-03-02T18:42:54 +00:00,2013-05-10T18:15:00 +00:00,"SEVERE STORMS, STRAIGHT-LINE WINDS, AND FLOODING",2013-04-16 09:37:00,2013-05-05T00:00:00 +00:00
4116.0,Flood,IL,Cook (County),Chicago,60633.0,69.0,65.0,33.0,25.0,0.0,7.0,41.0,135632.0,0.0,104471.0,31161.0,38.0,3.0,0.0,0.0,6d64736f5c7345e298748f09bb41f0c8,2015-03-02T18:42:54 +00:00,2013-05-10T18:15:00 +00:00,"SEVERE STORMS, STRAIGHT-LINE WINDS, AND FLOODING",2013-04-16 09:37:00,2013-05-05T00:00:00 +00:00
4116.0,Flood,IL,Cook (County),Chicago,60646.0,13.0,12.0,9.0,2.0,0.0,1.0,6.0,28069.0,0.0,14365.0,13704.0,5.0,1.0,0.0,0.0,e73635783eb22fa0006d75a44700a907,2015-03-02T18:42:54 +00:00,2013-05-10T18:15:00 +00:00,"SEVERE STORMS, STRAIGHT-LINE WINDS, AND FLOODING",2013-04-16 09:37:00,2013-05-05T00:00:00 +00:00
4116.0,Flood,IL,Cook (County),Chicago,60625.0,54.0,48.0,28.0,11.0,2.0,7.0,29.0,153105.0,0.0,40739.0,112366.0,22.0,7.0,0.0,0.0,06b624cdac0f4e536f844e0afd232f6f,2015-03-02T18:42:54 +00:00,2013-05-10T18:15:00 +00:00,"SEVERE STORMS, STRAIGHT-LINE WINDS, AND FLOODING",2013-04-16 09:37:00,2013-05-05T00:00:00 +00:00
4116.0,Flood,IL,Cook (County),Chicago,60654.0,1.0,0.0,0.0,0.0,0.0,0.0,0.0,0.0,0.0,0.0,0.0,0.0,0.0,0.0,0.0,9298cdcdb19bc42b3bc68b703cc44667,2015-03-02T18:42:54 +00:00,2013-05-10T18:15:00 +00:00,"SEVERE STORMS, STRAIGHT-LINE WINDS, AND FLOODING",2013-04-16 09:37:00,2013-05-05T00:00:00 +00:00
4116.0,Flood,IL,Cook (County),Chicago,60615.0,158.0,141.0,86.0,47.0,0.0,8.0,68.0,193346.0,0.0,129888.0,63458.0,64.0,4.0,0.0,0.0,0476608631d979451af15ea24e876cfe,2015-03-02T18:42:54 +00:00,2013-05-10T18:15:00 +00:00,"SEVERE STORMS, STRAIGHT-LINE WINDS, AND FLOODING",2013-04-16 09:37:00,2013-05-05T00:00:00 +00:00
4116.0,Flood,IL,Cook (County),Chicago,60642.0,12.0,12.0,12.0,0.0,0.0,0.0,3.0,1838.0,0.0,0.0,1838.0,3.0,0.0,0.0,0.0,7b1168371a80db20dc98a2e2a8953789,2015-03-02T18:42:54 +00:00,2013-05-10T18:15:00 +00:00,"SEVERE STORMS, STRAIGHT-LINE WINDS, AND FLOODING",2013-04-16 09:37:00,2013-05-05T00:00:00 +00:00
4116.0,Flood,IL,Cook (County),Chicago,60624.0,803.0,781.0,465.0,242.0,7.0,67.0,413.0,1592944.0,0.0,1054889.0,538055.0,374.0,37.0,2.0,0.0,f5d6f2aff6d5d492ee7830d11176fdc9,2015-03-02T18:42:54 +00:00,2013-05-10T18:15:00 +00:00,"SEVERE STORMS, STRAIGHT-LINE WINDS, AND FLOODING",2013-04-16 09:37:00,2013-05-05T00:00:00 +00:00
4116.0,Flood,IL,Cook (County),Chicago,60614.0,4.0,3.0,3.0,0.0,0.0,0.0,2.0,2048.0,0.0,0.0,2048.0,2.0,0.0,0.0,0.0,91d9dfeb151b72304f818c44b6899f95,2015-03-02T18:42:54 +00:00,2013-05-10T18:15:00 +00:00,"SEVERE STORMS, STRAIGHT-LINE WINDS, AND FLOODING",2013-04-16 09:37:00,2013-05-05T00:00:00 +00:00
4116.0,Flood,IL,Cook (County),Chicago,60617.0,952.0,914.0,623.0,246.0,4.0,41.0,407.0,1000512.0,0.0,663851.0,336661.0,393.0,14.0,0.0,0.0,0970a963eb839f34e8bb8dbdfa26ff02,2015-03-02T18:42:54 +00:00,2013-05-10T18:15:00 +00:00,"SEVERE STORMS, STRAIGHT-LINE WINDS, AND FLOODING",2013-04-16 09:37:00,2013-05-05T00:00:00 +00:00
4116.0,Flood,IL,Cook (County),Chicago,60630.0,36.0,32.0,19.0,6.0,0.0,7.0,14.0,43206.0,0.0,20112.0,23094.0,14.0,0.0,0.0,0.0,327a232e7b04d71f29e92a9b15d57484,2015-03-02T18:42:54 +00:00,2013-05-10T18:15:00 +00:00,"SEVERE STORMS, STRAIGHT-LINE WINDS, AND FLOODING",2013-04-16 09:37:00,2013-05-05T00:00:00 +00:00
4116.0,Flood,IL,Cook (County),Chicago,60660.0,8.0,8.0,7.0,1.0,0.0,0.0,1.0,3701.0,0.0,2872.0,829.0,1.0,0.0,0.0,0.0,23fb576878e87c2eed64eba39337e3b9,2015-03-02T18:42:54 +00:00,2013-05-10T18:15:00 +00:00,"SEVERE STORMS, STRAIGHT-LINE WINDS, AND FLOODING",2013-04-16 09:37:00,2013-05-05T00:00:00 +00:00
4116.0,Flood,IL,Cook (County),Chicago,60626.0,40.0,35.0,25.0,9.0,0.0,1.0,20.0,26045.0,0.0,11820.0,14225.0,20.0,0.0,0.0,0.0,3b2d4007ef6d7481421a95daffe160f3,2015-03-02T18:42:55 +00:00,2013-05-10T18:15:00 +00:00,"SEVERE STORMS, STRAIGHT-LINE WINDS, AND FLOODING",2013-04-16 09:37:00,2013-05-05T00:00:00 +00:00
4116.0,Flood,IL,Cook (County),Chicago,60631.0,30.0,19.0,11.0,3.0,1.0,4.0,13.0,27279.0,0.0,8184.0,19095.0,13.0,0.0,0.0,0.0,f32b395765ff9ca631fd17434a25ab33,2015-03-02T18:42:54 +00:00,2013-05-10T18:15:00 +00:00,"SEVERE STORMS, STRAIGHT-LINE WINDS, AND FLOODING",2013-04-16 09:37:00,2013-05-05T00:00:00 +00:00
4116.0,Flood,IL,Cook (County),Chicago,60616.0,25.0,21.0,17.0,2.0,0.0,2.0,9.0,20769.0,0.0,5192.0,15577.0,9.0,0.0,0.0,0.0,41b4082c87dc90ff8e2a64036257df9d,2015-03-02T18:42:55 +00:00,2013-05-10T18:15:00 +00:00,"SEVERE STORMS, STRAIGHT-LINE WINDS, AND FLOODING",2013-04-16 09:37:00,2013-05-05T00:00:00 +00:00
4116.0,Flood,IL,Cook (County),Chicago,60609.0,512.0,492.0,333.0,117.0,0.0,42.0,278.0,674568.0,715.0,411641.0,262212.0,268.0,10.0,0.0,0.0,77caeb7a3310f0633a6bb4c241d9e3fe,2015-03-02T18:42:54 +00:00,2013-05-10T18:15:00 +00:00,"SEVERE STORMS, STRAIGHT-LINE WINDS, AND FLOODING",2013-04-16 09:37:00,2013-05-05T00:00:00 +00:00
4116.0,Flood,IL,Cook (County),Chicago,60637.0,583.0,538.0,389.0,120.0,4.0,25.0,277.0,625897.0,1277.0,414470.0,210150.0,268.0,6.0,3.0,1.0,4b2b33a31387dcdd1ad066f14e1269fa,2015-03-02T18:42:54 +00:00,2013-05-10T18:15:00 +00:00,"SEVERE STORMS, STRAIGHT-LINE WINDS, AND FLOODING",2013-04-16 09:37:00,2013-05-05T00:00:00 +00:00
4116.0,Flood,IL,Cook (County),Chicago,60290.0,1.0,0.0,0.0,0.0,0.0,0.0,0.0,0.0,0.0,0.0,0.0,0.0,0.0,0.0,0.0,152dff31d581ec1ac90c72cc7c3141ee,2015-03-02T18:42:55 +00:00,2013-05-10T18:15:00 +00:00,"SEVERE STORMS, STRAIGHT-LINE WINDS, AND FLOODING",2013-04-16 09:37:00,2013-05-05T00:00:00 +00:00
4116.0,Flood,IL,Cook (County),Chicago,60628.0,2.0,2129.0,1227.0,806.0,5.0,91.0,1120.0,2742620.0,0.0,2038178.0,704441.0,1.0,36.0,1.0,0.0,537f05a2b13edb19370d73626ba9cd03,2015-03-02T18:42:54 +00:00,2013-05-10T18:15:00 +00:00,"SEVERE STORMS, STRAIGHT-LINE WINDS, AND FLOODING",2013-04-16 09:37:00,2013-05-05T00:00:00 +00:00
4116.0,Flood,IL,Cook (County),Chicago,60641.0,32.0,26.0,15.0,6.0,0.0,5.0,19.0,76487.0,0.0,46668.0,29819.0,17.0,2.0,0.0,0.0,55018f84b7664ccba0fba3f1529f2583,2015-03-02T18:42:54 +00:00,2013-05-10T18:15:00 +00:00,"SEVERE STORMS, STRAIGHT-LINE WINDS, AND FLOODING",2013-04-16 09:37:00,2013-05-05T00:00:00 +00:00
4116.0,Flood,IL,Cook (County),Chicago,60620.0,1.0,1673.0,1178.0,428.0,9.0,58.0,815.0,1909758.0,0.0,1252985.0,656773.0,786.0,24.0,5.0,0.0,bdfb420bbfbc88bcfea92f545a5b5889,2015-03-02T18:42:54 +00:00,2013-05-10T18:15:00 +00:00,"SEVERE STORMS, STRAIGHT-LINE WINDS, AND FLOODING",2013-04-16 09:37:00,2013-05-05T00:00:00 +00:00
4116.0,Flood,IL,Cook (County),Chicago,60647.0,48.0,42.0,22.0,14.0,1.0,5.0,26.0,106931.0,0.0,51666.0,55265.0,23.0,3.0,0.0,0.0,c96d22c369e60a677d172516f311cf85,2015-03-02T18:42:54 +00:00,2013-05-10T18:15:00 +00:00,"SEVERE STORMS, STRAIGHT-LINE WINDS, AND FLOODING",2013-04-16 09:37:00,2013-05-05T00:00:00 +00:00
4116.0,Flood,IL,Cook (County),Chicago,60610.0,16.0,9.0,8.0,0.0,0.0,1.0,2.0,14069.0,0.0,2872.0,11197.0,2.0,0.0,0.0,0.0,89f3dbbe45059fc9c8ba2b9859ac53bd,2015-03-02T18:42:55 +00:00,2013-05-10T18:15:00 +00:00,"SEVERE STORMS, STRAIGHT-LINE WINDS, AND FLOODING",2013-04-16 09:37:00,2013-05-05T00:00:00 +00:00
4116.0,Flood,IL,Cook (County),Chicago,60638.0,62.0,58.0,36.0,16.0,0.0,6.0,29.0,81786.0,0.0,59692.0,22094.0,28.0,1.0,0.0,0.0,dfad3e9f57411974f3ce09adf1c977d3,2015-03-02T18:42:55 +00:00,2013-05-10T18:15:00 +00:00,"SEVERE STORMS, STRAIGHT-LINE WINDS, AND FLOODING",2013-04-16 09:37:00,2013-05-05T00:00:00 +00:00
4116.0,Flood,IL,Cook (County),Chicago,60643.0,896.0,861.0,511.0,328.0,5.0,17.0,466.0,1134805.0,5019.0,831959.0,297828.0,452.0,14.0,0.0,0.0,f2d2f7c8c1e54aa112d54c423b66f4ec,2015-03-02T18:42:55 +00:00,2013-05-10T18:15:00 +00:00,"SEVERE STORMS, STRAIGHT-LINE WINDS, AND FLOODING",2013-04-16 09:37:00,2013-05-05T00:00:00 +00:00
4116.0,Flood,IL,Cook (County),Chicago,60655.0,12.0,9.0,5.0,3.0,0.0,1.0,3.0,4864.0,0.0,4804.0,60.0,3.0,0.0,0.0,0.0,028a4edcc9d4bd5a783ef80464a0e3e8,2015-03-02T18:42:55 +00:00,2013-05-10T18:15:00 +00:00,"SEVERE STORMS, STRAIGHT-LINE WINDS, AND FLOODING",2013-04-16 09:37:00,2013-05-05T00:00:00 +00:00
4116.0,Flood,IL,Cook (County),Chicago,60661.0,2.0,0.0,0.0,0.0,0.0,0.0,1.0,4965.0,0.0,0.0,4965.0,1.0,0.0,0.0,0.0,4d13d4ac8ce50277fe9ccec5784adea7,2015-03-02T18:42:55 +00:00,2013-05-10T18:15:00 +00:00,"SEVERE STORMS, STRAIGHT-LINE WINDS, AND FLOODING",2013-04-16 09:37:00,2013-05-05T00:00:00 +00:00
4116.0,Flood,IL,Cook (County),Chicago,60621.0,963.0,917.0,610.0,260.0,6.0,41.0,465.0,1230866.0,0.0,832784.0,398082.0,440.0,24.0,1.0,0.0,32aec38fb69ad8da5dcec93001ecb9c2,2015-03-02T18:42:55 +00:00,2013-05-10T18:15:00 +00:00,"SEVERE STORMS, STRAIGHT-LINE WINDS, AND FLOODING",2013-04-16 09:37:00,2013-05-05T00:00:00 +00:00
4116.0,Flood,IL,Cook (County),Chicago,60649.0,454.0,416.0,356.0,53.0,3.0,4.0,122.0,297884.0,0.0,213623.0,84261.0,113.0,8.0,1.0,0.0,48f49c5bf4d2abe6d650d7dbab268977,2015-03-02T18:42:55 +00:00,2013-05-10T18:15:00 +00:00,"SEVERE STORMS, STRAIGHT-LINE WINDS, AND FLOODING",2013-04-16 09:37:00,2013-05-05T00:00:00 +00:00
4116.0,Flood,IL,Cook (County),Chicago,60632.0,87.0,80.0,49.0,17.0,0.0,14.0,39.0,159355.0,0.0,95742.0,63613.0,36.0,3.0,0.0,0.0,6b5f44c016249dbbda245234113002f8,2015-03-02T18:42:55 +00:00,2013-05-10T18:15:00 +00:00,"SEVERE STORMS, STRAIGHT-LINE WINDS, AND FLOODING",2013-04-16 09:37:00,2013-05-05T00:00:00 +00:00
4116.0,Flood,IL,Cook (County),Chicago,60666.0,1.0,1.0,1.0,0.0,0.0,0.0,0.0,0.0,0.0,0.0,0.0,0.0,0.0,0.0,0.0,7e62f0e0536125067bc2bada67ab3b60,2015-03-02T18:42:55 +00:00,2013-05-10T18:15:00 +00:00,"SEVERE STORMS, STRAIGHT-LINE WINDS, AND FLOODING",2013-04-16 09:37:00,2013-05-05T00:00:00 +00:00
4116.0,Flood,IL,Cook (County),Chicago,60644.0,1.0,1005.0,646.0,236.0,1.0,122.0,488.0,1652022.0,0.0,1025332.0,626690.0,454.0,34.0,0.0,0.0,f8479f6b4255166d8835cb6f6d391afd,2015-03-02T18:42:55 +00:00,2013-05-10T18:15:00 +00:00,"SEVERE STORMS, STRAIGHT-LINE WINDS, AND FLOODING",2013-04-16 09:37:00,2013-05-05T00:00:00 +00:00
4116.0,Flood,IL,Cook (County),Chicago,60651.0,948.0,919.0,627.0,226.0,9.0,57.0,490.0,1481284.0,257.0,878973.0,602054.0,460.0,29.0,1.0,0.0,e831c68c347a9224d0484049e9c063cc,2015-03-02T18:42:55 +00:00,2013-05-10T18:15:00 +00:00,"SEVERE STORMS, STRAIGHT-LINE WINDS, AND FLOODING",2013-04-16 09:37:00,2013-05-05T00:00:00 +00:00
4116.0,Flood,IL,Cook (County),Chicago,60656.0,22.0,21.0,15.0,4.0,0.0,2.0,11.0,19458.0,0.0,9358.0,10100.0,11.0,0.0,0.0,0.0,4ef812c3079e37cd64ca84efbadeeb91,2015-03-02T18:42:55 +00:00,2013-05-10T18:15:00 +00:00,"SEVERE STORMS, STRAIGHT-LINE WINDS, AND FLOODING",2013-04-16 09:37:00,2013-05-05T00:00:00 +00:00
4116.0,Flood,IL,Cook (County),Chicago,60707.0,30.0,27.0,17.0,5.0,0.0,5.0,21.0,49035.0,0.0,32452.0,16583.0,20.0,1.0,0.0,0.0,7961bab7a16945055a6b2f16a03e5482,2015-03-02T18:42:55 +00:00,2013-05-10T18:15:00 +00:00,"SEVERE STORMS, STRAIGHT-LINE WINDS, AND FLOODING",2013-04-16 09:37:00,2013-05-05T00:00:00 +00:00
4116.0,Flood,IL,Cook (County),Chicago,60607.0,6.0,4.0,4.0,0.0,0.0,0.0,0.0,0.0,0.0,0.0,0.0,0.0,0.0,0.0,0.0,0a9ac5e5912b9c291c22b851f100ac46,2015-03-02T18:42:55 +00:00,2013-05-10T18:15:00 +00:00,"SEVERE STORMS, STRAIGHT-LINE WINDS, AND FLOODING",2013-04-16 09:37:00,2013-05-05T00:00:00 +00:00
4116.0,Flood,IL,Cook (County),Chicago,60613.0,5.0,5.0,2.0,2.0,0.0,1.0,4.0,11652.0,0.0,5192.0,6460.0,4.0,0.0,0.0,0.0,ca6f84747b6a2dfcb6f9068a2cb990fb,2015-03-02T18:42:55 +00:00,2013-05-10T18:15:00 +00:00,"SEVERE STORMS, STRAIGHT-LINE WINDS, AND FLOODING",2013-04-16 09:37:00,2013-05-05T00:00:00 +00:00
4116.0,Flood,IL,Cook (County),Chicago,60618.0,45.0,37.0,29.0,7.0,0.0,1.0,16.0,32001.0,0.0,9056.0,22945.0,16.0,0.0,0.0,0.0,e074527604a8f145c28a1b7a9adb5943,2015-03-02T18:42:55 +00:00,2013-05-10T18:15:00 +00:00,"SEVERE STORMS, STRAIGHT-LINE WINDS, AND FLOODING",2013-04-16 09:37:00,2013-05-05T00:00:00 +00:00
4116.0,Flood,IL,Cook (County),Chicago,60623.0,700.0,680.0,429.0,188.0,14.0,49.0,352.0,1430424.0,0.0,1021849.0,408575.0,315.0,36.0,1.0,0.0,f85d9b03d88a04c9ab7f14dd72975cac,2015-03-02T18:42:55 +00:00,2013-05-10T18:15:00 +00:00,"SEVERE STORMS, STRAIGHT-LINE WINDS, AND FLOODING",2013-04-16 09:37:00,2013-05-05T00:00:00 +00:00
4116.0,Flood,IL,Cook (County),Chicago,60629.0,678.0,628.0,439.0,140.0,10.0,39.0,361.0,966946.0,1724.0,623385.0,341838.0,340.0,21.0,0.0,0.0,02ca327efd9cf04f60fd8d683620cdc4,2015-03-02T18:42:55 +00:00,2013-05-10T18:15:00 +00:00,"SEVERE STORMS, STRAIGHT-LINE WINDS, AND FLOODING",2013-04-16 09:37:00,2013-05-05T00:00:00 +00:00
4116.0,Flood,IL,Cook (County),Chicago,60634.0,52.0,47.0,23.0,15.0,1.0,8.0,33.0,90373.0,0.0,56278.0,34095.0,32.0,1.0,0.0,0.0,9e69a8b99c3f9b8e6ef5ebe68f5f0eb9,2015-03-02T18:42:55 +00:00,2013-05-10T18:15:00 +00:00,"SEVERE STORMS, STRAIGHT-LINE WINDS, AND FLOODING",2013-04-16 09:37:00,2013-05-05T00:00:00 +00:00
4116.0,Flood,IL,Cook (County),Chicago,60640.0,9.0,7.0,7.0,0.0,0.0,0.0,0.0,0.0,0.0,0.0,0.0,0.0,0.0,0.0,0.0,7acc0abb09c26a177566ad69e555bc89,2015-03-02T18:42:55 +00:00,2013-05-10T18:15:00 +00:00,"SEVERE STORMS, STRAIGHT-LINE WINDS, AND FLOODING",2013-04-16 09:37:00,2013-05-05T00:00:00 +00:00
4116.0,Flood,IL,Cook (County),Chicago,60645.0,36.0,32.0,25.0,5.0,1.0,1.0,13.0,35956.0,0.0,15173.0,20783.0,13.0,0.0,0.0,0.0,bbbf1eaccd7ac06b21c4888f5ebdbb6e,2015-03-02T18:42:55 +00:00,2013-05-10T18:15:00 +00:00,"SEVERE STORMS, STRAIGHT-LINE WINDS, AND FLOODING",2013-04-16 09:37:00,2013-05-05T00:00:00 +00:00
4116.0,Flood,IL,Cook (County),Chicago,60652.0,204.0,194.0,85.0,103.0,0.0,6.0,119.0,336275.0,0.0,251621.0,84654.0,116.0,3.0,0.0,0.0,234a7bfeb33ff681c18b004b94aeecf1,2015-03-02T18:42:55 +00:00,2013-05-10T18:15:00 +00:00,"SEVERE STORMS, STRAIGHT-LINE WINDS, AND FLOODING",2013-04-16 09:37:00,2013-05-05T00:00:00 +00:00
4116.0,Flood,IL,Cook (County),Chicago,60659.0,24.0,21.0,20.0,1.0,0.0,0.0,5.0,3752.0,0.0,0.0,3752.0,5.0,0.0,0.0,0.0,3ab5a616fd984bca4b7b6aca160d4aa8,2015-03-02T18:42:55 +00:00,2013-05-10T18:15:00 +00:00,"SEVERE STORMS, STRAIGHT-LINE WINDS, AND FLOODING",2013-04-16 09:37:00,2013-05-05T00:00:00 +00:00
4116.0,Flood,IL,Cook (County),Chicago,60827.0,137.0,120.0,89.0,24.0,0.0,7.0,48.0,113964.0,0.0,73363.0,40601.0,48.0,0.0,0.0,0.0,43988707d142232dfdb39700691e533b,2015-03-02T18:42:55 +00:00,2013-05-10T18:15:00 +00:00,"SEVERE STORMS, STRAIGHT-LINE WINDS, AND FLOODING",2013-04-16 09:37:00,2013-05-05T00:00:00 +00:00
1729.0,,,,,,,,,,,,,,,,,,,,,,,2007-09-25T20:40:00 +00:00,SEVERE STORMS AND FLOODING,2007-08-20 15:30:00,2007-08-31T00:00:00 +00:00
