disasterNumber,incidentType,state,county,city,zipCode,validRegistrations,totalInspected,totalInspectedWithNoDamage,totalWithModerateDamage,totalWithMajorDamage,totalWithSubstantialDamage,approvedForFemaAssistance,totalApprovedIhpAmount,repairReplaceAmount,rentalAmount,otherNeedsAmount,approvedBetween1And10000,approvedBetween10001And25000,approvedBetween25001AndMax,totalMaxGrants,hash,lastRefresh
1935,Severe Storm(s),IL,Cook (County),BROOKFIELD,60513,29,28,28,0,0,0,14,54698,0,37078,17620,13,1,0,0,e939ce76a82945a1b4d0ecc593834bc7,2014-11-20T15:20:38 +00:00
1935,Severe Storm(s),IL,Cook (County),BELLWOOD,60153,1,1,1,0,0,0,1,7594,0,2030,5564,1,0,0,0,bb53044f3f1daf6c877324c6c5ba185e,2014-11-20T15:20:38 +00:00
1935,Severe Storm(s),IL,Cook (County),CHCAGO,60651,1,1,1,0,0,0,1,459,0,0,459,1,0,0,0,0c2848a1b3d37ca216e40d7266d70007,2014-11-20T15:20:38 +00:00
1935,Severe Storm(s),IL,Cook (County),CHICAGO,60641,124,121,121,0,0,0,70,384907,0,220266,164641,60,9,1,1,2c28933c6fcfbd4a651ce9948460ccfd,2014-11-20T15:20:38 +00:00
1935,Severe Storm(s),IL,Cook (County),CHICAGO,60609,939,903,903,0,0,0,551,1935289,0,1189333,745956,514,32,5,1,45fd7be16116532bcb712b0196adfbd2,2014-11-20T15:20:38 +00:00
1935,Severe Storm(s),IL,Cook (County),CHICAGO,60827,148,141,141,0,0,0,59,115366,0,55140,60226,57,2,0,0,7001b15646afa6bc79214521253ef5c5,2014-11-20T15:20:38 +00:00
1935,Severe Storm(s),IL,Cook (County),CHICAGO,60630,11,11,11,0,0,0,1,2234,0,0,2234,1,0,0,0,23567187d20f65ae2ba4bb0849a91e0a,2014-11-20T15:20:38 +00:00
1935,Severe Storm(s),IL,Cook (County),CRETE,60417,1,1,1,0,0,0,1,2030,0,2030,0,1,0,0,0,8852f4b9a5e5bc5cf2bb0e0b0cac65c8,2014-11-20T15:20:38 +00:00
1935,Severe Storm(s),IL,Cook (County),CHICAGO,60620,2,2295,2295,0,0,0,1352,4051524,3959,3017694,1029872,1,88,14,1,ef7408caa592738a361025b6465f3ae4,2014-11-20T15:20:38 +00:00
1935,Severe Storm(s),IL,Cook (County),CHICOAG,60623,1,1,1,0,0,0,1,3612,0,2030,1582,1,0,0,0,a3214f0e375fc4407fe7a5f2b5d95869,2014-11-20T15:20:38 +00:00
1935,Severe Storm(s),IL,Cook (County),EVANSTON,60201,16,16,16,0,0,0,5,33826,0,28805,5021,4,0,1,0,2f592779cdc563506aa9577fcba6b353,2014-11-20T15:20:38 +00:00
1935,Severe Storm(s),IL,Cook (County),CHGOHTS,60411,1,1,1,0,0,0,1,5942,0,1806,4136,1,0,0,0,854e0a46b8d04f4260c27477c5504d08,2014-11-20T15:20:38 +00:00
1935,Severe Storm(s),IL,Cook (County),CHICAGO,60653,381,369,369,0,0,0,258,977976,1081,561664,415230,236,19,3,0,f6a00614ccc39b43c5a049e47c4dcc09,2014-11-20T15:20:38 +00:00
1935,Severe Storm(s),IL,Cook (County),HANOVER PARK,60133,15,14,14,0,0,0,6,4954,0,2484,2470,6,0,0,0,241c587118809970a2920bbfa37a7696,2014-11-20T15:20:38 +00:00
1935,Severe Storm(s),IL,Cook (County),HINES,60141,4,3,3,0,0,0,2,10074,0,3612,6462,2,0,0,0,06e3f4aa8f324d535891ec637dd35be6,2014-11-20T15:20:38 +00:00
1935,Severe Storm(s),IL,Cook (County),LAGRANGE,60525,1,1,1,0,0,0,1,61,0,0,61,1,0,0,0,1524f4df42fb0f3ffc4db07a25977056,2014-11-20T15:20:38 +00:00
1935,Severe Storm(s),IL,Cook (County),LYONS,60534,23,20,20,0,0,0,9,29014,0,19290,9724,8,1,0,0,288983d8d13757b896486c3941531c06,2014-11-20T15:20:38 +00:00
1935,Severe Storm(s),IL,Cook (County),MELROSE PARK,60165,1,0,0,0,0,0,0,0,0,0,0,0,0,0,0,009b0a1e1cca6d89d1ef6c8832182791,2014-11-20T15:20:38 +00:00
1935,Severe Storm(s),IL,Cook (County),OAKPARK,60302,1,0,0,0,0,0,0,0,0,0,0,0,0,0,0,8975c3a5024d245256570dccf864b60d,2014-11-20T15:20:38 +00:00
1935,Severe Storm(s),IL,Cook (County),NORTHLAKE,60164,14,13,13,0,0,0,7,12937,0,5286,7651,7,0,0,0,2f26b4fffdb6e49820f8196c5919d08e,2014-11-20T15:20:38 +00:00
1935,Severe Storm(s),IL,Cook (County),PARKFOREST,60466,1,1,1,0,0,0,0,0,0,0,0,0,0,0,0,970b0ecc7d02e5699267e1f975b5f8a7,2014-11-20T15:20:38 +00:00
1935,Severe Storm(s),IL,Cook (County),RIVER GROVE,60171,17,9,9,0,0,0,6,6732,0,1806,4926,6,0,0,0,6bb905bfa1463b5ad13014f870723120,2014-11-20T15:20:38 +00:00
1935,Severe Storm(s),IL,Cook (County),SCHILLER PARK,60176,6,6,6,0,0,0,4,16676,0,6092,10584,4,0,0,0,469c921a68b02a050bd1a31d000c375b,2014-11-20T15:20:38 +00:00
1935,Severe Storm(s),IL,Cook (County),SUMMIT,60501,34,33,33,0,0,0,25,116453,0,66242,50211,23,2,0,0,d2b0884c9e88071f3a19ed59e9340588,2014-11-20T15:20:38 +00:00
1935,Severe Storm(s),IL,Cook (County),WILMETTE,60091,1,1,1,0,0,0,0,0,0,0,0,0,0,0,0,9e40251e6399e07e6f9b9eeedc0638be,2014-11-20T15:20:38 +00:00
1935,Severe Storm(s),IL,Cook (County),BELLWOOD,60104,852,774,774,0,0,0,518,2310133,231,1394922,914981,467,42,9,1,e98ab7aff447e9fa80ae472377db1872,2014-11-20T15:20:38 +00:00
1935,Severe Storm(s),IL,Cook (County),BROADVIEW,60153,2,1,1,0,0,0,0,0,0,0,0,0,0,0,0,05e1546cfc9fc7a194730165b7520737,2014-11-20T15:20:38 +00:00
1935,Severe Storm(s),IL,Cook (County),CCICERO,60804,1,1,1,0,0,0,1,5639,0,0,5639,1,0,0,0,3dca30933267fbc37572af4ed47b43c9,2014-11-20T15:20:38 +00:00
1935,Severe Storm(s),IL,Cook (County),CHICAGO,60607,137,109,109,0,0,0,45,71960,0,66403,5557,45,0,0,0,36eaa3f62af37f4b4223adaccaea4f29,2014-11-20T15:20:38 +00:00
1935,Severe Storm(s),IL,Cook (County),CHGO,60643,1,1,1,0,0,0,0,0,0,0,0,0,0,0,0,ffa4450f8bdba61742d9311c5570a954,2014-11-20T15:20:38 +00:00
1935,Severe Storm(s),IL,Cook (County),CHICAGO,60618,146,138,138,0,0,0,96,430544,0,159926,270618,90,6,0,0,5e876281763cfb087ee6c2b17f7e71a9,2014-11-20T15:20:38 +00:00
1935,Severe Storm(s),IL,Cook (County),CHICAGO,60628,2,2609,2609,0,0,0,1499,4965772,505,3889962,1075306,1,114,17,6,ba83c8b9495905b3af8dba99d30c9e57,2014-11-20T15:20:38 +00:00
1935,Severe Storm(s),IL,Cook (County),CHICAGO,60639,1,1128,1128,0,0,0,799,3664617,0,1816432,1848185,725,71,3,1,a93287574d9324cc0fcf969e8c755ebf,2014-11-20T15:20:38 +00:00
1935,Severe Storm(s),IL,Cook (County),CHICAGO,60651,2,2298,2298,0,0,0,1585,7675425,2583,4498713,3174129,1,183,15,2,b249c2a82ca9f4bfd8c17a940c791ece,2014-11-20T15:20:38 +00:00
1935,Severe Storm(s),IL,Cook (County),CHICAGO,60714,1,1,1,0,0,0,0,0,0,0,0,0,0,0,0,780c0616fb0253df0a78f35685983b60,2014-11-20T15:20:38 +00:00
1935,Severe Storm(s),IL,Cook (County),CHICAO,60623,1,1,1,0,0,0,1,2484,0,2484,0,1,0,0,0,2aed461aa856d6925d6c5265394d436e,2014-11-20T15:20:38 +00:00
1935,Severe Storm(s),IL,Cook (County),COUNTTRY CLUB HILLS,60478,1,1,1,0,0,0,1,900,0,0,900,1,0,0,0,0630f46b4d3f550dbf64ec6617850da4,2014-11-20T15:20:38 +00:00
1935,Severe Storm(s),IL,Cook (County),ELMWOOD PARK,60707,70,69,69,0,0,0,47,190047,0,68604,121443,44,3,0,0,10d845151c93b42fe59eaa39d5f45d8f,2014-11-20T15:20:38 +00:00
1935,Severe Storm(s),IL,Cook (County),GLENVIEW,60025,1,1,1,0,0,0,0,0,0,0,0,0,0,0,0,3c45d44638d0d2937da12fd0159b3b99,2014-11-20T15:20:38 +00:00
1935,Severe Storm(s),IL,Cook (County),HILLSIDE,60126,1,1,1,0,0,0,1,3269,0,0,3269,1,0,0,0,f937f78ad80dc3b8aef2f50ee936200f,2014-11-20T15:20:38 +00:00
1935,Severe Storm(s),IL,Cook (County),OAK PARK,60304,39,38,38,0,0,0,14,34451,0,22978,11473,14,0,0,0,7bb6ebc4a1eed0099381a4d84117a3da,2014-11-20T15:20:38 +00:00
1935,Severe Storm(s),IL,Cook (County),WESTERN SPRINGS,60558,2,2,2,0,0,0,0,0,0,0,0,0,0,0,0,7e6cf60c6065745c8d61a924007e9f71,2014-11-20T15:20:38 +00:00
1935,Severe Storm(s),IL,Cook (County),LOMBARD,60148,1,1,1,0,0,0,1,4650,0,0,4650,1,0,0,0,c82c3deae715a58467e03c92388ab525,2014-11-20T15:20:38 +00:00
1935,Severe Storm(s),IL,Cook (County),RIVERDALE,60827,362,357,357,0,0,0,176,640516,0,513587,126929,158,15,3,0,a4ba2b50e7f149eb0076f26c037f781b,2014-11-20T15:20:38 +00:00
1935,Severe Storm(s),IL,Cook (County),MELROSE PARK,60160,300,285,285,0,0,0,202,1030100,0,408304,621796,189,9,4,1,2d8b08d2ecef83287f2f4834c8cfc36a,2014-11-20T15:20:38 +00:00
1935,Severe Storm(s),IL,Cook (County),SCHAUMBURG,60194,2,2,2,0,0,0,0,0,0,0,0,0,0,0,0,2912feb1d08f5095d30c49db4c9d603d,2014-11-20T15:20:38 +00:00
1935,Severe Storm(s),IL,Cook (County),NORTHBROOK,60062,1,1,1,0,0,0,1,17384,0,17384,0,0,1,0,0,6f90365cfad0a0fb524ecb2347626e47,2014-11-20T15:20:38 +00:00
1935,Severe Storm(s),IL,Cook (County),STONE PARK,60165,84,76,76,0,0,0,59,335525,0,132332,203193,54,5,0,0,d8c8596032adda4a35848fddc5c30a6d,2014-11-20T15:20:38 +00:00
1935,Severe Storm(s),IL,Cook (County),JUSTICE,60458,44,28,28,0,0,0,17,29783,0,6774,23009,17,0,0,0,30209da366993061fe79a7d0b898ab26,2014-11-20T15:20:38 +00:00
1935,Severe Storm(s),IL,Cook (County),PARK FOREST,60466,191,182,182,0,0,0,62,247514,0,210970,36544,53,8,1,0,a6d1e78c3af45bca38e85eb18c989d34,2014-11-20T15:20:38 +00:00
1935,Severe Storm(s),IL,Cook (County),BELLWOOD,60140,1,1,1,0,0,0,0,0,0,0,0,0,0,0,0,881af1d8f4e46602fc5808579e65f4ff,2014-11-20T15:20:39 +00:00
1935,Severe Storm(s),IL,Cook (County),CHICAGO,60619,1,1852,1852,0,0,0,1179,4516371,4147,3434177,1078046,1,115,11,0,611a05aaf5ccb3a6e8ac3f858c6d57ae,2014-11-20T15:20:39 +00:00
1935,Severe Storm(s),IL,Cook (County),CHICGO,60612,1,1,1,0,0,0,0,0,0,0,0,0,0,0,0,57eab2bff449f15caa0bf678991088f2,2014-11-20T15:20:39 +00:00
1935,Severe Storm(s),IL,Cook (County),LA GRANGE,60525,8,8,8,0,0,0,7,19274,0,12800,6474,7,0,0,0,db2a2fe3e48e32723278b036afa7f65d,2014-11-20T15:20:39 +00:00
1935,Severe Storm(s),IL,Cook (County),CHGO,60651,1,1,1,0,0,0,1,344,0,0,344,1,0,0,0,81c8117e95ef4f20c9c66f2510d85568,2014-11-20T15:20:39 +00:00
1935,Severe Storm(s),IL,Cook (County),CHICAGO,60652,287,280,280,0,0,0,177,603449,1328,418922,183199,163,8,6,2,8d64cfeaeec9d4becfe9b188cd84e715,2014-11-20T15:20:39 +00:00
1935,Severe Storm(s),IL,Cook (County),GLENWOOD,60425,49,48,48,0,0,0,28,119103,0,102459,16644,25,3,0,0,cccc51e4ec61f967cfc8f6e95b1fbbda,2014-11-20T15:20:39 +00:00
1935,Severe Storm(s),IL,Cook (County),CENTRAL STICKNEY,60638,1,0,0,0,0,0,0,0,0,0,0,0,0,0,0,04e06b8025194101815350c1a0b77379,2014-11-20T15:20:39 +00:00
1935,Severe Storm(s),IL,Cook (County),CHICAGO,60640,8,8,8,0,0,0,2,1325,0,0,1325,2,0,0,0,769b2609d272e84472f0634e226092bd,2014-11-20T15:20:39 +00:00
1935,Severe Storm(s),IL,Cook (County),ELMWOODPARK,60707,2,2,2,0,0,0,2,9478,0,0,9478,2,0,0,0,8f8a80921ced5fc44d6f8ce64bfeb4b1,2014-11-20T15:20:39 +00:00
1935,Severe Storm(s),IL,Cook (County),MELROSE PARK,60164,21,19,19,0,0,0,15,52137,0,19890,32247,15,0,0,0,5426fc13604d4691f893d945358df056,2014-11-20T15:20:39 +00:00
1935,Severe Storm(s),IL,Cook (County),BROADVIEW,60155,254,214,214,0,0,0,140,551879,0,389392,162487,127,11,2,0,653fdb06b9617e99922829c089b373bc,2014-11-20T15:20:39 +00:00
1935,Severe Storm(s),IL,Cook (County),CHICAGO,60629,2,1961,1961,0,0,0,1376,5850192,0,2903103,2947090,1,96,7,2,cc04945a7976942bec868aec82f09fc6,2014-11-20T15:20:39 +00:00
1935,Severe Storm(s),IL,Cook (County),CRESTWOOD,60445,3,3,3,0,0,0,0,0,0,0,0,0,0,0,0,2a5e89208e49892073eebf8b95966f0e,2014-11-20T15:20:39 +00:00
1935,Severe Storm(s),IL,Cook (County),LYNWOOD,60411,45,45,45,0,0,0,26,165149,0,150463,14686,19,5,2,0,e976298a085121fb94585a92c50ecbb0,2014-11-20T15:20:39 +00:00
1935,Severe Storm(s),IL,Cook (County),CHICAGO,60608,292,275,275,0,0,0,190,751387,0,368177,383210,178,11,1,0,b2324f7a1b93a94ab9450fc0631c40bb,2014-11-20T15:20:39 +00:00
1935,Severe Storm(s),IL,Cook (County),CHICAGO,60804,1,1,1,0,0,0,0,0,0,0,0,0,0,0,0,370b27f1458a1662dce72bfb81a208b7,2014-11-20T15:20:39 +00:00
1935,Severe Storm(s),IL,Cook (County),HILLSIDE,60162,178,155,155,0,0,0,94,400272,0,188162,212110,89,5,0,0,660a802834f209c5e9da6e5e913e772b,2014-11-20T15:20:39 +00:00
1935,Severe Storm(s),IL,Cook (County),OAK PARK,60634,1,1,1,0,0,0,0,0,0,0,0,0,0,0,0,4ec1c085cdc373803fd684fa1f0eac54,2014-11-20T15:20:39 +00:00
1935,Severe Storm(s),IL,Cook (County),WILLOW SPRINGS,60480,1,1,1,0,0,0,0,0,0,0,0,0,0,0,0,2a1d1760e35683053994510aa6f32673,2014-11-20T15:20:39 +00:00
1935,Severe Storm(s),IL,Cook (County),NORTH CHICAGO,60064,1,1,1,0,0,0,0,0,0,0,0,0,0,0,0,5d1285bebb5dded07d4817a905648d37,2014-11-20T15:20:39 +00:00
1935,Severe Storm(s),IL,Cook (County),STREAMWOOD,60107,11,11,11,0,0,0,5,31110,0,23974,7136,4,1,0,0,f622fe999af35d868e500ae2da095550,2014-11-20T15:20:39 +00:00
1935,Severe Storm(s),IL,Cook (County),PARK FOREST,60484,4,4,4,0,0,0,2,592,0,0,592,2,0,0,0,c702e02afa13de40790a05c66515325b,2014-11-20T15:20:39 +00:00
1935,Severe Storm(s),IL,Cook (County),S CHICAGO HGTS,60411,1,1,1,0,0,0,1,9611,0,8126,1485,1,0,0,0,0c1648ef329910d9bf394bc0606df700,2014-11-20T15:20:39 +00:00
1935,Severe Storm(s),IL,Cook (County),RIVER FOREST,60305,13,11,11,0,0,0,3,2689,0,2030,659,3,0,0,0,1e896f8db2088d2a77811497e37979a9,2014-11-20T15:20:39 +00:00
1935,Severe Storm(s),IL,Cook (County),ALSIP,60803,36,33,33,0,0,0,5,6880,0,4960,1920,5,0,0,0,2bb8f80d73b6f1d7bb2f2d3a34fe6f3c,2014-11-20T15:20:39 +00:00
1935,Severe Storm(s),IL,Cook (County),BERKELEY,60162,1,1,1,0,0,0,1,459,0,0,459,1,0,0,0,06f7af4e12d8ff39acaa72260c060cfc,2014-11-20T15:20:39 +00:00
1935,Severe Storm(s),IL,Cook (County),CHCIAGO,60639,1,1,1,0,0,0,0,0,0,0,0,0,0,0,0,0e2605f2e5b547ea1f48cdbd731a5c44,2014-11-20T15:20:39 +00:00
1935,Severe Storm(s),IL,Cook (County),BURHAM,60633,1,1,1,0,0,0,1,1808,0,1808,0,1,0,0,0,9964abfb152d50e9e3610b9e3a8080f7,2014-11-20T15:20:39 +00:00
1935,Severe Storm(s),IL,Cook (County),CHICAGO,60104,1,1,1,0,0,0,1,580,0,0,580,1,0,0,0,a6c3e9ce1d8c520cc3eeda5fc6d74622,2014-11-20T15:20:39 +00:00
1935,Severe Storm(s),IL,Cook (County),CHICAGO,60612,554,532,532,0,0,0,331,1321332,0,833474,487858,304,22,5,2,b607452512927927585de2fcb73a7366,2014-11-20T15:20:39 +00:00
1935,Severe Storm(s),IL,Cook (County),CHICAGO,60632,917,883,883,0,0,0,687,3603782,0,1381014,2222768,624,59,4,1,4323816c922246870ce3f055e30ecb8f,2014-11-20T15:20:39 +00:00
1935,Severe Storm(s),IL,Cook (County),CHICAGO,60622,73,66,66,0,0,0,37,106568,0,49336,57232,35,2,0,0,6bd29530278b97a923f1bea04e4b2b9b,2014-11-20T15:20:39 +00:00
1935,Severe Storm(s),IL,Cook (County),CHICAGO,60643,1,1015,1015,0,0,0,573,1745171,11334,1214170,519667,530,35,8,1,8cb7149ae4444747faa33b1828ddd577,2014-11-20T15:20:39 +00:00
1935,Severe Storm(s),IL,Cook (County),CHICAGO,60656,4,4,4,0,0,0,0,0,0,0,0,0,0,0,0,964a9c5e8b132ef4baf7afe3e2625bfa,2014-11-20T15:20:39 +00:00
1935,Severe Storm(s),IL,Cook (County),CHICAGO APT B,60617,1,1,1,0,0,0,1,675,0,0,675,1,0,0,0,92b59eb717d2744582990fa4f9f06085,2014-11-20T15:20:39 +00:00
1935,Severe Storm(s),IL,Cook (County),DES PLAINES,60018,4,4,4,0,0,0,0,0,0,0,0,0,0,0,0,cfa4855e6bdb66e22f8a5104122bc310,2014-11-20T15:20:39 +00:00
1935,Severe Storm(s),IL,Cook (County),CICERO,60684,1,1,1,0,0,0,1,3405,0,1806,1599,1,0,0,0,472f8a8829d37d9c10e1121f84047685,2014-11-20T15:20:39 +00:00
1935,Severe Storm(s),IL,Cook (County),HARVEY,60428,4,4,4,0,0,0,3,2895,0,0,2895,3,0,0,0,4afcb2839e00aa3169311900b8768236,2014-11-20T15:20:39 +00:00
1935,Severe Storm(s),IL,Cook (County),EVANSTON,60203,2,2,2,0,0,0,1,2806,0,2806,0,1,0,0,0,8ef86bd7a06a7f2916e18f8dfdde66c1,2014-11-20T15:20:39 +00:00
1935,Severe Storm(s),IL,Cook (County),HOFFMAN EST,60169,1,1,1,0,0,0,1,568,0,0,568,1,0,0,0,2ac928272a0545f9d6952dab70445d1b,2014-11-20T15:20:39 +00:00
1935,Severe Storm(s),IL,Cook (County),LAKE IN THE HILLS,60156,1,0,0,0,0,0,0,0,0,0,0,0,0,0,0,3ca614e7c4173c4ce1f6a4b1286a4ee7,2014-11-20T15:20:39 +00:00
1935,Severe Storm(s),IL,Cook (County),MARKHAM,60428,233,231,231,0,0,0,141,469323,0,328998,140325,128,10,3,0,393370e17cf9c9cddccfb626b929342c,2014-11-20T15:20:39 +00:00
1935,Severe Storm(s),IL,Cook (County),MELROSE PSRK,60164,1,1,1,0,0,0,0,0,0,0,0,0,0,0,0,811dee22619f47f94cf55639d9eeb9a6,2014-11-20T15:20:39 +00:00
1935,Severe Storm(s),IL,Cook (County),N RIVERSIDE,60546,2,2,2,0,0,0,1,2684,0,2484,200,1,0,0,0,a91cff9e364c07d30cee9460f86c8f6a,2014-11-20T15:20:39 +00:00
1935,Severe Storm(s),IL,Cook (County),ORLAND HILLS,60487,4,4,4,0,0,0,3,24760,0,22350,2410,2,1,0,0,8fac746bf85f9505c5ac335fb0119581,2014-11-20T15:20:39 +00:00
1935,Severe Storm(s),IL,Cook (County),ROBBINS,60472,100,100,100,0,0,0,51,187122,0,158177,28945,46,5,0,0,32609f690d870b856dc3dd5446f6f0f4,2014-11-20T15:20:39 +00:00
1935,Severe Storm(s),IL,Cook (County),PEMBROKE TOWNSHIP,60958,1,1,1,0,0,0,0,0,0,0,0,0,0,0,0,583f68711d03258fff3547812f6a72f3,2014-11-20T15:20:39 +00:00
1935,Severe Storm(s),IL,Cook (County),SKOKIE,60077,7,5,5,0,0,0,1,4126,0,2032,2094,1,0,0,0,284d9cc8694d14d45b0f6d4f03122dd8,2014-11-20T15:20:39 +00:00
1935,Severe Storm(s),IL,Cook (County),THORNTON,60476,10,8,8,0,0,0,3,24017,0,20494,3523,2,1,0,0,25f3a3e3fab0954eca7ae2a84697e2e2,2014-11-20T15:20:39 +00:00
1935,Severe Storm(s),IL,Cook (County),BELWOOD,60104,1,1,1,0,0,0,0,0,0,0,0,0,0,0,0,93eaa4fefa0a7a1c1fa13a4c255b4622,2014-11-20T15:20:39 +00:00
1935,Severe Storm(s),IL,Cook (County),BURBANK,60459,21,21,21,0,0,0,15,31338,0,7900,23438,15,0,0,0,39a3e3a97b97d9ba08e8b1d8ab101f12,2014-11-20T15:20:39 +00:00
1935,Severe Storm(s),IL,Cook (County),CHCIAGO,60612,1,1,1,0,0,0,1,2266,0,0,2266,1,0,0,0,ba9b8e0ab8d85b428ec6dec7fbd5d92b,2014-11-20T15:20:39 +00:00
1935,Severe Storm(s),IL,Cook (County),CHICAAGO,60629,1,1,1,0,0,0,0,0,0,0,0,0,0,0,0,ce49ae084c749662612728136bc644f8,2014-11-20T15:20:39 +00:00
1935,Severe Storm(s),IL,Cook (County),CHICAGO,60610,12,11,11,0,0,0,4,8985,0,2480,6505,4,0,0,0,6bbc8bf11a9249699630039912f68f94,2014-11-20T15:20:39 +00:00
1935,Severe Storm(s),IL,Cook (County),CHICAGO,60621,1,1229,1229,0,0,0,735,2694598,0,1940986,753611,660,66,9,3,c6b135d93d19436045ae1ded7217cfd3,2014-11-20T15:20:39 +00:00
1935,Severe Storm(s),IL,Cook (County),CHICAGO,60631,4,4,4,0,0,0,2,1973,0,0,1973,2,0,0,0,f42be51cf1556d016f4f2ee0f99ec43e,2014-11-20T15:20:39 +00:00
1935,Severe Storm(s),IL,Cook (County),DES PLAINES,60016,29,28,28,0,0,0,17,69196,0,48804,20392,15,2,0,0,6c2ec8756e7f6ebae7e460a5074a73c1,2014-11-20T15:20:39 +00:00
1935,Severe Storm(s),IL,Cook (County),CHICAGO,60642,22,22,22,0,0,0,6,14205,0,5870,8335,6,0,0,0,28a2ea1e10acae7af19875681f0ae207,2014-11-20T15:20:39 +00:00
1935,Severe Storm(s),IL,Cook (County),CICERIO,60608,1,0,0,0,0,0,0,0,0,0,0,0,0,0,0,f6b83dd661b2a73fcbbd15f3a5b1e33c,2014-11-20T15:20:39 +00:00
1935,Severe Storm(s),IL,Cook (County),CHICAGO,60655,24,23,23,0,0,0,6,16172,0,11176,4996,5,1,0,0,6f2872bf949bdc58a9b1bdda6224a882,2014-11-20T15:20:39 +00:00
1935,Severe Storm(s),IL,Cook (County),EVANSTON,60202,8,8,8,0,0,0,0,0,0,0,0,0,0,0,0,d818420cdd7c9a0e1a94ac599369d71d,2014-11-20T15:20:39 +00:00
1935,Severe Storm(s),IL,Cook (County),CHICAGO ,60639,1,1,1,0,0,0,1,6083,0,0,6083,1,0,0,0,093ffd1ca60b18d5171401066d9e4151,2014-11-20T15:20:39 +00:00
1935,Severe Storm(s),IL,Cook (County),HARVEY,60426,866,855,855,0,0,0,526,2070417,0,1631885,438532,465,54,7,1,2b0affa8bd20ddfe8def0f0e2db73f40,2014-11-20T15:20:39 +00:00
1935,Severe Storm(s),IL,Cook (County),LA GRANGE PARK,60526,9,9,9,0,0,0,3,6091,0,4614,1477,3,0,0,0,145e24541ce8982148b4c29a5088fec1,2014-11-20T15:20:39 +00:00
1935,Severe Storm(s),IL,Cook (County),HODGKINS,60525,1,0,0,0,0,0,0,0,0,0,0,0,0,0,0,a797f232baca3f4ca28300839d0ee6f7,2014-11-20T15:20:39 +00:00
1935,Severe Storm(s),IL,Cook (County),MARKHAM,60426,5,4,4,0,0,0,2,2255,0,2030,225,2,0,0,0,45763d2f8ffefce770a7474491736ec3,2014-11-20T15:20:39 +00:00
1935,Severe Storm(s),IL,Cook (County),MELROSEPARK,60160,2,2,2,0,0,0,1,1806,0,1806,0,1,0,0,0,78fad4515d0c1272528b15578384cb8a,2014-11-20T15:20:39 +00:00
1935,Severe Storm(s),IL,Cook (County),RIVERSIDE,60546,29,28,28,0,0,0,15,78183,0,52257,25926,13,2,0,0,ced3fb4312e9b41c11621cb79ad4f508,2014-11-20T15:20:39 +00:00
1935,Severe Storm(s),IL,Cook (County),PARK RIDGE,60068,4,4,4,0,0,0,3,7480,0,4612,2868,3,0,0,0,3e6e319ef726a9dbdcd961ad8829cfbe,2014-11-20T15:20:39 +00:00
1935,Severe Storm(s),IL,Cook (County),NORTH RIVERSIDE,60546,17,16,16,0,0,0,8,20114,0,12186,7928,8,0,0,0,c184eae4865da1d036144a7123bc1a17,2014-11-20T15:20:39 +00:00
1935,Severe Storm(s),IL,Cook (County),SUMMIT ARGO,60501,83,77,77,0,0,0,63,293706,0,133924,159782,57,5,1,0,a168dcc86d56e5107ce7d41826c58348,2014-11-20T15:20:39 +00:00
1935,Severe Storm(s),IL,Cook (County),SKOKIE,60076,14,12,12,0,0,0,4,8905,0,4512,4393,4,0,0,0,136e78f596bd3d2fbcc755836f772648,2014-11-20T15:20:39 +00:00
1935,Severe Storm(s),IL,Cook (County),OLYMPIA FIELDS,60461,22,22,22,0,0,0,7,39630,0,38728,902,5,2,0,0,8814f627fd968b6b41b5507c5d4229e4,2014-11-20T15:20:39 +00:00
1935,Severe Storm(s),IL,Cook (County),WORTH,60482,1,1,1,0,0,0,0,0,0,0,0,0,0,0,0,39a7ff6ac1797f8015471c5b79f55310,2014-11-20T15:20:39 +00:00
1935,Severe Storm(s),IL,Cook (County),ARLINGTON HEIGHTS,60005,2,2,2,0,0,0,0,0,0,0,0,0,0,0,0,a0d49bdcc1f5cd72ead52cf1e7bcaefc,2014-11-20T15:20:39 +00:00
1935,Severe Storm(s),IL,Cook (County),BERKLEY,60163,1,1,1,0,0,0,1,1806,0,1806,0,1,0,0,0,8021ce2ab46ffaf033041bccb2903124,2014-11-20T15:20:39 +00:00
1935,Severe Storm(s),IL,Cook (County),CALUMET,60409,3,3,3,0,0,0,2,20207,0,19872,335,1,1,0,0,69899e9cfbfb34c6a455548ee0fe26a9,2014-11-20T15:20:39 +00:00
1935,Severe Storm(s),IL,Cook (County),CHGO,60617,1,1,1,0,0,0,1,225,0,0,225,1,0,0,0,f7870274dfb6f318a23bfd68794f59f9,2014-11-20T15:20:39 +00:00
1935,Severe Storm(s),IL,Cook (County),CHICAGO,60411,1,1,1,0,0,0,0,0,0,0,0,0,0,0,0,fa5bc5caa8dec0c85aceedd79b001037,2014-11-20T15:20:39 +00:00
1935,Severe Storm(s),IL,Cook (County),CHICAGO,60624,1,1511,1511,0,0,0,963,4439849,0,2837517,1602333,847,105,11,2,9278d4fdaaf7bfcd1e958774120e3d25,2014-11-20T15:20:39 +00:00
1935,Severe Storm(s),IL,Cook (County),CICERO NW,60804,1,1,1,0,0,0,0,0,0,0,0,0,0,0,0,0ada35954b2b73f0a5bdc2661409fb98,2014-11-20T15:20:39 +00:00
1935,Severe Storm(s),IL,Cook (County),LANSING,60483,1,1,1,0,0,0,1,8669,0,7230,1439,1,0,0,0,75948ea0e74f5871327f04a18f2ea0a4,2014-11-20T15:20:39 +00:00
1935,Severe Storm(s),IL,Cook (County),POSEN,60469,26,25,25,0,0,0,14,53786,0,40630,13156,12,2,0,0,5e62f7059da3825dad7758ccef8d5630,2014-11-20T15:20:39 +00:00
1935,Severe Storm(s),IL,Cook (County),CHICAGO,60634,66,65,65,0,0,0,40,153814,0,74898,78916,37,3,0,0,543366b73070d25b8b8deff70abf887c,2014-11-20T15:20:39 +00:00
1935,Severe Storm(s),IL,Cook (County),DOLTON,60419,517,510,510,0,0,0,291,1066935,0,772265,294670,261,29,1,0,12310418e2b2b738a381219577b0c389,2014-11-20T15:20:39 +00:00
1935,Severe Storm(s),IL,Cook (County),MAWOOD,60153,1,1,1,0,0,0,1,1466,0,0,1466,1,0,0,0,cb8a1396e1d2cc4c4cc7c7550e975d94,2014-11-20T15:20:39 +00:00
1935,Severe Storm(s),IL,Cook (County),SAUK VILAGE,60411,1,1,1,0,0,0,0,0,0,0,0,0,0,0,0,f6588986ab512b526eebc4472bb3701d,2014-11-20T15:20:39 +00:00
1935,Severe Storm(s),IL,Cook (County),CHICAGO,60645,19,17,17,0,0,0,7,35768,0,26280,9488,6,1,0,0,28e5c6c4d9d0490fc02255ebb7a474a7,2014-11-20T15:20:39 +00:00
1935,Severe Storm(s),IL,Cook (County),FLOSSMOOR,60422,18,18,18,0,0,0,10,18384,0,14958,3426,10,0,0,0,e33d8a301a0ea7c995b63777cb77f2ef,2014-11-20T15:20:39 +00:00
1935,Severe Storm(s),IL,Cook (County),MIDLOTHIAN,60445,27,26,26,0,0,0,17,26110,0,9692,16418,17,0,0,0,d4dea98fa0d8016ae1a296b555de69e8,2014-11-20T15:20:39 +00:00
1935,Severe Storm(s),IL,Cook (County),SOUTH HOLLAND,60473,198,194,194,0,0,0,122,592501,507,509717,82277,102,18,2,0,4ede65d2e1b96836c52602fbcc378061,2014-11-20T15:20:39 +00:00
1935,Severe Storm(s),IL,Cook (County),CHICAGO,60614,9,8,8,0,0,0,3,6841,0,6422,419,3,0,0,0,31678b9b0cefb42a93f0c8591a517d1a,2014-11-20T15:20:39 +00:00
1935,Severe Storm(s),IL,Cook (County),CHICAGO,60659,9,8,8,0,0,0,3,12698,0,6992,5706,3,0,0,0,d29b11f60d770d8fd79deb041ddeb5a2,2014-11-20T15:20:39 +00:00
1935,Severe Storm(s),IL,Cook (County),HAZEL CREST,60429,208,205,205,0,0,0,121,320769,0,215254,105515,114,6,1,0,15425e359bd7ce95639b21d07bbfb962,2014-11-20T15:20:39 +00:00
1935,Severe Storm(s),IL,Cook (County),OAK LAWN,60453,18,18,18,0,0,0,11,34488,0,21450,13038,10,1,0,0,4f6d71b7270521777affa3d3f61afb08,2014-11-20T15:20:39 +00:00
1935,Severe Storm(s),IL,Cook (County),UNIVERSITY PARK,60484,8,8,8,0,0,0,5,10420,0,7764,2656,5,0,0,0,cdf038fb021aaf4bdb9c591cd8bff6b2,2014-11-20T15:20:39 +00:00
1935,Severe Storm(s),IL,Cook (County),CHICAGO HTS,60411,5,5,5,0,0,0,3,17525,0,12416,5109,2,1,0,0,f478888525c2ea7ad76edced96607548,2014-11-20T15:20:39 +00:00
1935,Severe Storm(s),IL,Cook (County),HOFFMAN ESTATES,60196,1,1,1,0,0,0,0,0,0,0,0,0,0,0,0,d6ef67d1e0a9dda9988bf22988a2236b,2014-11-20T15:20:39 +00:00
1935,Severe Storm(s),IL,Cook (County),ORLAND PARK,60467,1,1,1,0,0,0,0,0,0,0,0,0,0,0,0,a2191cc254b8a3215fad15168feb6dc1,2014-11-20T15:20:39 +00:00
1935,Severe Storm(s),IL,Cook (County),ARLINGTON HEIGHTS,60004,1,1,1,0,0,0,0,0,0,0,0,0,0,0,0,9a7dd250295e6f7b25d54fcdce7723eb,2014-11-20T15:20:39 +00:00
1935,Severe Storm(s),IL,Cook (County),CHICAGO,60613,2,2,2,0,0,0,0,0,0,0,0,0,0,0,0,c8a1c09c7568bbedd651d846abd53e5c,2014-11-20T15:20:39 +00:00
1935,Severe Storm(s),IL,Cook (County),BURNHAM,60633,33,32,32,0,0,0,14,56200,0,45483,10717,13,1,0,0,1c91e171e8b36fe2f299a44498cee843,2014-11-20T15:20:39 +00:00
1935,Severe Storm(s),IL,Cook (County),CHICAGO,60633,49,49,49,0,0,0,26,81049,0,63351,17698,24,1,1,0,3d89897ea2a587a93b8d9a7a48207519,2014-11-20T15:20:39 +00:00
1935,Severe Storm(s),IL,Cook (County),CHICAGO HEIGHTS,60411,233,226,226,0,0,0,117,756671,0,690284,66387,88,27,2,0,d90d324bb372c1547dc77c67ab996c94,2014-11-20T15:20:39 +00:00
1935,Severe Storm(s),IL,Cook (County),HOFFMAN ESTATES,60169,5,5,5,0,0,0,2,4275,0,2480,1795,2,0,0,0,0f6d752df6ecfa11a54f23cbfff685ad,2014-11-20T15:20:39 +00:00
1935,Severe Storm(s),IL,Cook (County),DIXMOOR,60426,38,36,36,0,0,0,18,77660,0,64097,13563,16,1,1,1,640d9bfbb969455de34d043b3589e66a,2014-11-20T15:20:39 +00:00
1935,Severe Storm(s),IL,Cook (County),CHG,60609,1,1,1,0,0,0,0,0,0,0,0,0,0,0,0,00ca52da49cec92280cc55306d0784c9,2014-11-20T15:20:39 +00:00
1935,Severe Storm(s),IL,Cook (County),CHICAGO,60644,1,1597,1597,0,0,0,1091,4368660,1919,2609783,1756958,989,94,8,0,7bc21cf56440628b33c31467f8116a57,2014-11-20T15:20:39 +00:00
1935,Severe Storm(s),IL,Cook (County),EVERGREEN PARK,60805,44,43,43,0,0,0,14,49739,0,39650,10089,12,2,0,0,f074383a83bf7bea2c3c5da5154623d9,2014-11-20T15:20:39 +00:00
1935,Severe Storm(s),IL,Cook (County),CHICAGO,60290,1,1,1,0,0,0,0,0,0,0,0,0,0,0,0,d108b4ef1b90827860d07451ebe6d5e4,2014-11-20T15:20:39 +00:00
1935,Severe Storm(s),IL,Cook (County),CHICAGO,60658,1,1,1,0,0,0,1,479,0,0,479,1,0,0,0,872911800e258946085cd99d000d0500,2014-11-20T15:20:39 +00:00
1935,Severe Storm(s),IL,Cook (County),HARWOOD HEIGHTS,60706,1,1,1,0,0,0,1,568,0,0,568,1,0,0,0,03486a05d1daba098e8d80fbf62062e9,2014-11-20T15:20:39 +00:00
1935,Severe Storm(s),IL,Cook (County),BERKELEY,60163,38,34,34,0,0,0,22,128337,0,82199,46138,18,3,1,0,a3fcc1d18117990f0b7a440fe5b8ecdc,2014-11-20T15:20:39 +00:00
1935,Severe Storm(s),IL,Cook (County),ORLAND PARK,60462,3,3,3,0,0,0,0,0,0,0,0,0,0,0,0,12c8cccbbd71017260a049a04b9cf572,2014-11-20T15:20:39 +00:00
1935,Severe Storm(s),IL,Cook (County),MERRIONETTE PARK,60803,1,1,1,0,0,0,0,0,0,0,0,0,0,0,0,9bd53423ec114426ccad851b019595ae,2014-11-20T15:20:39 +00:00
1935,Severe Storm(s),IL,Cook (County),OAK FOREST,60452,8,7,7,0,0,0,6,11597,0,7900,3697,6,0,0,0,23e8df1a60f4becb863af4cae08d8f9d,2014-11-20T15:20:39 +00:00
1935,Severe Storm(s),IL,Cook (County),CHICAGO,60623,1,1503,1503,0,0,0,986,4470915,1494,2532397,1937024,895,85,6,1,311135660f0366484cdf4107ccfc8eed,2014-11-20T15:20:39 +00:00
1935,Severe Storm(s),IL,Cook (County),SOUTH CHICAGO HEIGHTS,60411,11,11,11,0,0,0,8,12570,0,7324,5246,8,0,0,0,00ecda07474d9d04f787bc55c412fb38,2014-11-20T15:20:39 +00:00
1935,Severe Storm(s),IL,Cook (County),CICERO,60804,1,1097,1097,0,0,0,810,3791828,1855,1585886,2204086,749,57,4,1,0ba29a3fbc077e95a68b362d7a407e81,2014-11-20T15:20:39 +00:00
1935,Severe Storm(s),IL,Cook (County),LANSING,60438,113,110,110,0,0,0,77,272477,0,167743,104734,72,5,0,0,53641925d1a3b853ab14f4299e075d1a,2014-11-20T15:20:39 +00:00
1935,Severe Storm(s),IL,Cook (County),PHOENIX,60426,47,46,46,0,0,0,20,61377,0,50326,11051,18,2,0,0,c4827c10d9705abab14af4c80472550e,2014-11-20T15:20:39 +00:00
1935,Severe Storm(s),IL,Cook (County),MATTESON,60443,91,86,86,0,0,0,30,115397,0,96153,19244,27,3,0,0,c8388536af6f978be32e7ba3f9332468,2014-11-20T15:20:39 +00:00
1935,Severe Storm(s),IL,Cook (County),TINLEY PARK,60477,4,4,4,0,0,0,2,5480,0,4512,968,2,0,0,0,ce6e6906da8d7b04659f981cc07721c6,2014-11-20T15:20:39 +00:00
1935,Severe Storm(s),IL,Cook (County),ROSELLE,60172,1,1,1,0,0,0,0,0,0,0,0,0,0,0,0,4135a9c6e1427996836773d549b17dc1,2014-11-20T15:20:39 +00:00
1935,Severe Storm(s),IL,Cook (County),BARTLETT,60103,2,2,2,0,0,0,1,294,0,0,294,1,0,0,0,fc0bd336a5aae3dc546661a9c3579e45,2014-11-20T15:20:39 +00:00
1935,Severe Storm(s),IL,Cook (County),BLUE ISLAND,60406,130,127,127,0,0,0,47,90901,0,63844,27057,45,2,0,0,2e043b2a17331d33beb6cc60f0ffad11,2014-11-20T15:20:39 +00:00
1935,Severe Storm(s),IL,Cook (County),CALUMET CITY,60409,580,563,563,0,0,0,312,1302249,0,1040558,261691,274,34,4,3,7707a8ea0609bc801f7d7fc5835c327b,2014-11-20T15:20:39 +00:00
1935,Severe Storm(s),IL,Cook (County),CHGO,60621,1,1,1,0,0,0,1,1232,0,0,1232,1,0,0,0,20f61b5c06c9b533d247ea910cff5482,2014-11-20T15:20:39 +00:00
1935,Severe Storm(s),IL,Cook (County),CHICAGO,60601,1,0,0,0,0,0,0,0,0,0,0,0,0,0,0,57d4f2a5a530a099c08184498ca5e93c,2014-11-20T15:20:39 +00:00
1935,Severe Storm(s),IL,Cook (County),CHICAGO,60616,47,40,40,0,0,0,15,21879,0,15122,6757,15,0,0,0,09b694fd41c31a4d32ce4bb526f86f19,2014-11-20T15:20:39 +00:00
1935,Severe Storm(s),IL,Cook (County),CHICAGO,60637,826,805,805,0,0,0,483,2119457,5310,1529704,584443,417,61,5,2,84f9bf8d89249bc3d58f4eb26db668f1,2014-11-20T15:20:39 +00:00
1935,Severe Storm(s),IL,Cook (County),ELK GROVE VILLAGE,60007,1,1,1,0,0,0,1,100,0,0,100,1,0,0,0,2d4a290827b5896f251d644b34446b62,2014-11-20T15:20:39 +00:00
1935,Severe Storm(s),IL,Cook (County),CHICAGO,60663,1,1,1,0,0,0,0,0,0,0,0,0,0,0,0,4141a196b8fdece656a1aef52ea2f65d,2014-11-20T15:20:39 +00:00
1935,Severe Storm(s),IL,Cook (County),HICKORY HILLS,60457,3,3,3,0,0,0,1,2032,0,2032,0,1,0,0,0,071ab5a0fc033438ede70b14cd9ea846,2014-11-20T15:20:39 +00:00
1935,Severe Storm(s),IL,Cook (County),CHICAGOIL,60644,1,1,1,0,0,0,0,0,0,0,0,0,0,0,0,a2e14664c1cac8d27326d1d937a31621,2014-11-20T15:20:39 +00:00
1935,Severe Storm(s),IL,Cook (County),HOMEWOOD,60430,53,53,53,0,0,0,28,85339,0,63444,21895,25,2,1,0,39f22ebb4a2d18867ede63b3311d0fd1,2014-11-20T15:20:39 +00:00
1935,Severe Storm(s),IL,Cook (County),CHICAGO,60647,172,164,164,0,0,0,104,347768,0,155749,192019,100,3,1,1,b7d8be3244b2f4bdc901d90cf76c5b7d,2014-11-20T15:20:39 +00:00
1935,Severe Storm(s),IL,Cook (County),FOREST PARK,60130,206,190,190,0,0,0,93,318385,0,183027,135358,87,6,0,0,86540e32a6c0696d77558e14bfe5e060,2014-11-20T15:20:39 +00:00
1935,Severe Storm(s),IL,Cook (County),MAYWOOD,60155,1,1,1,0,0,0,1,500,0,0,500,1,0,0,0,616d68407c1f637abad5d457962707e0,2014-11-20T15:20:39 +00:00
1935,Severe Storm(s),IL,Cook (County),CHICAGO,60626,19,18,18,0,0,0,10,46689,0,35248,11441,8,2,0,0,b68b659d84ab1611f8a0dabdde369973,2014-11-20T15:20:39 +00:00
1935,Severe Storm(s),IL,Cook (County),COUNTRYCLUB HILLS,60478,1,1,1,0,0,0,0,0,0,0,0,0,0,0,0,91b1e617a54311d46dee6fb8abaedafa,2014-11-20T15:20:39 +00:00
1935,Severe Storm(s),IL,Cook (County),LEMONT,60439,1,1,1,0,0,0,0,0,0,0,0,0,0,0,0,cdc79c4278c8b441d632ceecc6782c2d,2014-11-20T15:20:39 +00:00
1935,Severe Storm(s),IL,Cook (County),OAK PARK,60301,3,3,3,0,0,0,1,338,0,0,338,1,0,0,0,85027d99e7f9da92806ed80cb0661962,2014-11-20T15:20:39 +00:00
1935,Severe Storm(s),IL,Cook (County),PALATINE,60074,2,1,1,0,0,0,0,0,0,0,0,0,0,0,0,09b3b5dcbe807983781c140c6e29b57f,2014-11-20T15:20:39 +00:00
1935,Severe Storm(s),IL,Cook (County),SCHAUMBURG,60173,2,2,2,0,0,0,0,0,0,0,0,0,0,0,0,fda487b31a97c5b3a1f2dc0dae6cad03,2014-11-20T15:20:39 +00:00
1935,Severe Storm(s),IL,Cook (County),NILES,60714,3,2,2,0,0,0,0,0,0,0,0,0,0,0,0,6bde4a1a6cbbaa948f84cd9f8fabdda0,2014-11-20T15:20:39 +00:00
1935,Severe Storm(s),IL,Cook (County),STEGER,60475,10,10,10,0,0,0,2,3374,0,2806,568,2,0,0,0,68d203e8016720fb323ef0ec49cae7b2,2014-11-20T15:20:39 +00:00
1935,Severe Storm(s),IL,Cook (County),RIVER DALE,60827,1,1,1,0,0,0,1,80,0,0,80,1,0,0,0,45ba263f5ea956e2015ca4392df42330,2014-11-20T15:20:39 +00:00
1935,Severe Storm(s),IL,Cook (County),WESCTCHESTER,60154,1,1,1,0,0,0,1,6186,0,4518,1668,1,0,0,0,c79178da458d9710affac22825b721c0,2014-11-20T15:20:39 +00:00
1935,Severe Storm(s),IL,Cook (County),BARRINGTON,60010,1,1,1,0,0,0,0,0,0,0,0,0,0,0,0,46bcced461d27c88915c117c80b4df60,2014-11-20T15:20:39 +00:00
1935,Severe Storm(s),IL,Cook (County),CALUMET,60827,1,1,1,0,0,0,1,2480,0,2480,0,1,0,0,0,092d409e11f93261969cf712fe61f144,2014-11-20T15:20:39 +00:00
1935,Severe Storm(s),IL,Cook (County),BERWYN,60402,227,215,215,0,0,0,114,363675,0,199535,164140,107,7,0,0,2aab2d3f67eaa713c8b1c6c9cfae0adf,2014-11-20T15:20:39 +00:00
1935,Severe Storm(s),IL,Cook (County),CHGO,60619,1,1,1,0,0,0,0,0,0,0,0,0,0,0,0,572077e5ba971a539c5049db52e3bb56,2014-11-20T15:20:39 +00:00
1935,Severe Storm(s),IL,Cook (County),CHICAGO,60443,1,0,0,0,0,0,0,0,0,0,0,0,0,0,0,77c7588d53c1e68d83fa404fc200ea60,2014-11-20T15:20:39 +00:00
1935,Severe Storm(s),IL,Cook (County),CHICAGO,60625,16,14,14,0,0,0,11,36092,0,16796,19296,11,0,0,0,4a86aa708b8e45da308197db1cc8f2a4,2014-11-20T15:20:39 +00:00
1935,Severe Storm(s),IL,Cook (County),CHICAGO,60615,209,201,201,0,0,0,69,166121,0,110191,55930,66,3,0,0,becc38bb4618661e154b1a1d301423fd,2014-11-20T15:20:39 +00:00
1935,Severe Storm(s),IL,Cook (County),CHICAGO,60636,2,2056,2056,0,0,0,1278,4394433,1365,3112163,1280906,1,93,18,7,e2787518997128d25c3f5e974afc32dd,2014-11-20T15:20:39 +00:00
1935,Severe Storm(s),IL,Cook (County),CHICAGO,60660,11,11,11,0,0,0,4,25499,0,19428,6071,3,1,0,0,30ddf9b90aacc31d151b4f138bb5dce6,2014-11-20T15:20:39 +00:00
1935,Severe Storm(s),IL,Cook (County),CHICAGO,60646,3,3,3,0,0,0,0,0,0,0,0,0,0,0,0,e77d12bd01cb6f55577315117c6768ab,2014-11-20T15:20:39 +00:00
1935,Severe Storm(s),IL,Cook (County),COUNTRY CLUB HILLS,60478,166,162,162,0,0,0,83,304706,0,247161,57545,73,10,0,0,1a65a528574ec47c42a60124543f358b,2014-11-20T15:20:39 +00:00
1935,Severe Storm(s),IL,Cook (County),CHICAGO IL,60624,1,1,1,0,0,0,1,1157,0,0,1157,1,0,0,0,fe11343d13d43a21053d1df690cd5a27,2014-11-20T15:20:39 +00:00
1935,Severe Storm(s),IL,Cook (County),ELGIN,60120,7,7,7,0,0,0,4,1262,0,0,1262,4,0,0,0,564495c054069ce5aa883ade1fdf541e,2014-11-20T15:20:39 +00:00
1935,Severe Storm(s),IL,Cook (County),FORD HEIGHTS,60411,83,83,83,0,0,0,39,179352,0,148894,30458,34,5,0,0,6c5c5c58c6d44d9d44ac7ad3f40cd773,2014-11-20T15:20:39 +00:00
1935,Severe Storm(s),IL,Cook (County),HAZELCREST,60429,7,7,7,0,0,0,4,16174,0,8821,7353,4,0,0,0,fdd4727f8443f40f40ffb64e1301ef85,2014-11-20T15:20:39 +00:00
1935,Severe Storm(s),IL,Cook (County),HOMETOWN,60456,1,1,1,0,0,0,0,0,0,0,0,0,0,0,0,0ae3248f3bf01231bf42247ed760d48a,2014-11-20T15:20:39 +00:00
1935,Severe Storm(s),IL,Cook (County),LANSINGING,60438,1,1,1,0,0,0,0,0,0,0,0,0,0,0,0,1440bd6721b6f1fb6738271ea578ad87,2014-11-20T15:20:39 +00:00
1935,Severe Storm(s),IL,Cook (County),MAYWOOD,60153,1,1053,1053,0,0,0,747,3372523,4483,2186934,1181106,665,76,6,3,308a5b9870c8a41ecf1fb5f3b5722150,2014-11-20T15:20:39 +00:00
1935,Severe Storm(s),IL,Cook (County),MOUNT PROSPECT,60056,3,3,3,0,0,0,1,2484,0,2484,0,1,0,0,0,14345159e3d537852da4dead60beeaf2,2014-11-20T15:20:39 +00:00
1935,Severe Storm(s),IL,Cook (County),OAKLAWN,60453,1,1,1,0,0,0,0,0,0,0,0,0,0,0,0,d50a10b0be8cda295de9e432c1d800ff,2014-11-20T15:20:39 +00:00
1935,Severe Storm(s),IL,Cook (County),PALATINE,60067,1,1,1,0,0,0,1,4650,0,0,4650,1,0,0,0,57d77103dffe6afe1d8173f917ae20c3,2014-11-20T15:20:39 +00:00
1935,Severe Storm(s),IL,Cook (County),RICHTON PARK,60471,82,79,79,0,0,0,39,251130,0,222947,28183,30,8,1,0,440d9c269507e7ab810d337b63050077,2014-11-20T15:20:39 +00:00
1935,Severe Storm(s),IL,Cook (County),SAUK VILLAGE,60411,188,186,186,0,0,0,100,438425,0,392440,45985,88,9,3,1,435e66d8484dd0c8fadc7ac1a75ca6a4,2014-11-20T15:20:39 +00:00
1935,Severe Storm(s),IL,Cook (County),UNIVERSITY PK,60484,1,1,1,0,0,0,1,859,0,0,859,1,0,0,0,e4fdfc663c7f6a3c28c74b39699194fc,2014-11-20T15:20:39 +00:00
1935,Severe Storm(s),IL,Cook (County),SOUTHHOLLAND,60473,2,2,2,0,0,0,1,2678,0,1806,872,1,0,0,0,e7c7590e661f67902bef84aedb7ecd85,2014-11-20T15:20:39 +00:00
1935,Severe Storm(s),IL,Cook (County),BEDFORD PARK,60638,4,2,2,0,0,0,1,4650,0,0,4650,1,0,0,0,1d42aef220a00058efef695d0f0b64c1,2014-11-20T15:20:39 +00:00
1935,Severe Storm(s),IL,Cook (County),BRIDGEVIEW,60455,11,7,7,0,0,0,4,4256,0,0,4256,4,0,0,0,0443c29fa07e7bdb1d18bfe0700aeed6,2014-11-20T15:20:39 +00:00
1935,Severe Storm(s),IL,Cook (County),CALUMET PARK,60827,155,152,152,0,0,0,83,516699,0,418314,98385,65,15,3,0,3f0bcc5080a03a5e354067a03af2bfd7,2014-11-20T15:20:39 +00:00
1935,Severe Storm(s),IL,Cook (County),CHGO,60624,1,1,1,0,0,0,1,1806,0,1806,0,1,0,0,0,68fe69adbbd8fc304d8a24cf93c43d87,2014-11-20T15:20:39 +00:00
1935,Severe Storm(s),IL,Cook (County),CHICAGO,60617,1,1422,1422,0,0,0,784,2517137,0,1919221,597915,715,64,5,2,40fdb0a247f96be0d5638700e3d421a0,2014-11-20T15:20:39 +00:00
1935,Severe Storm(s),IL,Cook (County),CHICAGO,60605,1,1,1,0,0,0,0,0,0,0,0,0,0,0,0,e5cf4af33a1cfb3aa15e2d0a47d452ce,2014-11-20T15:20:39 +00:00
1935,Severe Storm(s),IL,Cook (County),CHICAGO,60627,1,1,1,0,0,0,0,0,0,0,0,0,0,0,0,06433734180a167d79e93e6f91ae971c,2014-11-20T15:20:39 +00:00
1935,Severe Storm(s),IL,Cook (County),CHICAGO,60638,259,245,245,0,0,0,143,384236,0,202264,181972,137,5,1,1,ca421abb9d9fec3a9bf36967afd18e23,2014-11-20T15:20:39 +00:00
1935,Severe Storm(s),IL,Cook (County),CHICAGO,60649,649,632,632,0,0,0,360,1474341,0,1031329,443011,315,45,0,0,aa652f17c951b6a6783061796cb3ba10,2014-11-20T15:20:39 +00:00
1935,Severe Storm(s),IL,Cook (County),CHICAGO,60707,59,58,58,0,0,0,33,155044,0,55245,99799,30,3,0,0,fa7d0ce06cffd2bf08d86bedda7ac719,2014-11-20T15:20:39 +00:00
1935,Severe Storm(s),IL,Cook (County),CHICAGO RIDGE,60415,2,2,2,0,0,0,1,568,0,0,568,1,0,0,0,033969cf46f26727293c86b2048b1392,2014-11-20T15:20:39 +00:00
1935,Severe Storm(s),IL,Cook (County),COUNTRYSIDE,60525,9,9,9,0,0,0,6,10361,0,5644,4717,6,0,0,0,989de49dbe20a7dd1a6cd7504c70cec5,2014-11-20T15:20:39 +00:00
1935,Severe Storm(s),IL,Cook (County),ELMHURST,60126,1,1,1,0,0,0,0,0,0,0,0,0,0,0,0,d878924e9a7e7279a0a31d80d6df1041,2014-11-20T15:20:39 +00:00
1935,Severe Storm(s),IL,Cook (County),FRANKLIN PARK,60131,7,7,7,0,0,0,3,19025,0,17398,1627,2,1,0,0,2a95afc9b914500c19f54e3799c08eac,2014-11-20T15:20:39 +00:00
1935,Severe Storm(s),IL,Cook (County),MAYWOOOD,60153,1,1,1,0,0,0,1,2211,0,0,2211,1,0,0,0,f098aeafa652d9fe75e9d804eb867525,2014-11-20T15:20:39 +00:00
1935,Severe Storm(s),IL,Cook (County),NORRIDGE,60706,9,9,9,0,0,0,5,8571,0,5644,2927,5,0,0,0,6ae89303e2c2d220d85fb91a77f569c1,2014-11-20T15:20:39 +00:00
1935,Severe Storm(s),IL,Cook (County),LINCOLNWOOD,60712,3,3,3,0,0,0,3,7000,0,7000,0,3,0,0,0,3c6a61e111084a11edaf2ec7304b45fe,2014-11-20T15:20:39 +00:00
1935,Severe Storm(s),IL,Cook (County),IND HEAD PK,60525,1,1,1,0,0,0,0,0,0,0,0,0,0,0,0,29a8fddcc6357f2662e4c7070680906f,2014-11-20T15:20:39 +00:00
1935,Severe Storm(s),IL,Cook (County),PALOS HILLS,60465,7,7,7,0,0,0,4,5628,0,0,5628,4,0,0,0,89c9283fb011e9744a122057ad2cdc62,2014-11-20T15:20:39 +00:00
1935,Severe Storm(s),IL,Cook (County),RIVERDALE,60628,1,1,1,0,0,0,1,1808,0,1808,0,1,0,0,0,2802a5b2787546972e8c1bc41ceb8c4f,2014-11-20T15:20:39 +00:00
1935,Severe Storm(s),IL,Cook (County),HILLSDE,60162,1,1,1,0,0,0,1,580,0,0,580,1,0,0,0,45b928beed1c34a5c7e5dfcef3ab8a31,2014-11-20T15:20:39 +00:00
1935,Severe Storm(s),IL,Cook (County),SCHAUMBURG,60193,3,3,3,0,0,0,1,374,0,0,374,1,0,0,0,05cdd7d821301f7f16103120b2da4f95,2014-11-20T15:20:39 +00:00
1935,Severe Storm(s),IL,Cook (County),OAK PARK,60302,71,68,68,0,0,0,23,89214,0,52398,36816,21,2,0,0,266d3016b95300b27e4559fba0a2b6b2,2014-11-20T15:20:39 +00:00
1935,Severe Storm(s),IL,Cook (County),STICKNEY,60402,8,8,8,0,0,0,3,4263,0,3224,1039,3,0,0,0,37caeb93ef442169a5628d5ed255cef0,2014-11-20T15:20:39 +00:00
1935,Severe Storm(s),IL,Cook (County),WESTCHESTER,60154,225,200,200,0,0,0,109,401581,5571,245490,150520,100,8,1,0,63e11bddc2a362933ccea8b270ef95ad,2014-11-20T15:20:39 +00:00
1800,Severe Storm(s),IL,Cook (County),ARLINGTON HEIGHTS,60004,2,2,2,0,0,0,0,0,0,0,0,0,0,0,0,a875a9eeee8f7ceedcd50e6ead84142e,2014-11-20T15:22:28 +00:00
1800,Severe Storm(s),IL,Cook (County),BROOKFIELD,60513,15,14,14,0,0,0,9,32864,0,18395,14469,9,0,0,0,c8091010fa48696cac5dcf9cf3080230,2014-11-20T15:22:28 +00:00
1800,Severe Storm(s),IL,Cook (County),CHICAGO,60608,3,3,3,0,0,0,2,10492,0,3576,6916,2,0,0,0,b28b9f892c06a66c2a089990ea3708bc,2014-11-20T15:22:28 +00:00
1800,Severe Storm(s),IL,Cook (County),CHICAGO,60621,187,178,178,0,0,0,55,125159,0,82147,43012,54,1,0,0,3f15f399217b4b438df786c1bb077a01,2014-11-20T15:22:28 +00:00
1800,Severe Storm(s),IL,Cook (County),CHICAGO,60632,3,3,3,0,0,0,1,304,0,0,304,1,0,0,0,e63bc04e207671b79de5a9c8e3dea416,2014-11-20T15:22:28 +00:00
1800,Severe Storm(s),IL,Cook (County),CHICAGO,60643,259,248,248,0,0,0,91,248212,0,197838,50374,83,8,0,0,5b024fa50e38a90ea1e33acc25df6be6,2014-11-20T15:22:28 +00:00
1800,Severe Storm(s),IL,Cook (County),CHICAGO,60656,1,1,1,0,0,0,0,0,0,0,0,0,0,0,0,f91883692a278b4a39a2a4b5d0b99f7e,2014-11-20T15:22:28 +00:00
1800,Severe Storm(s),IL,Cook (County),COUNTRY CLUB HILLS,60478,131,126,126,0,0,0,44,119211,0,89569,29642,41,3,0,0,32a73b1d5e957d23397a124a17d2cd2d,2014-11-20T15:22:28 +00:00
1800,Severe Storm(s),IL,Cook (County),ELMWOOD PARK,60707,8,8,8,0,0,0,5,10798,0,4462,6336,5,0,0,0,9776fa3ce57b435a8a51174453c3b43d,2014-11-20T15:22:28 +00:00
1800,Severe Storm(s),IL,Cook (County),GLENVIEW,60025,6,5,5,0,0,0,2,24144,0,22177,1967,1,1,0,0,9c47c909eacb0bc4c63d4990908a0747,2014-11-20T15:22:28 +00:00
1800,Severe Storm(s),IL,Cook (County),HOMEWOOD,60430,41,38,38,0,0,0,16,53307,0,38798,14509,15,1,0,0,b4fdd9644861dd3ff3b60f92834e21c6,2014-11-20T15:22:28 +00:00
1800,Severe Storm(s),IL,Cook (County),MATTESON,60443,84,78,78,0,0,0,25,89748,0,74730,15018,23,2,0,0,29f00ef4f5150b32a900d6664f3fcb05,2014-11-20T15:22:28 +00:00
1800,Severe Storm(s),IL,Cook (County),NILES,60714,33,27,27,0,0,0,8,10968,0,3796,7172,8,0,0,0,1a4f43d12c7fcb1217060099a9987a74,2014-11-20T15:22:28 +00:00
1800,Severe Storm(s),IL,Cook (County),OLYMPIA FIELDS,60461,15,14,14,0,0,0,5,12523,0,9886,2637,5,0,0,0,d59ac4b1d5262e3584c68355b8fc1ecf,2014-11-20T15:22:28 +00:00
1800,Severe Storm(s),IL,Cook (County),RICHTON PARK,60471,75,65,65,0,0,0,16,43667,0,37959,5708,15,1,0,0,cb6a108a3396c69a7cefde4d39124e84,2014-11-20T15:22:28 +00:00
1800,Severe Storm(s),IL,Cook (County),SAUK VILLAGE,60411,135,129,129,0,0,0,58,171996,0,129597,42399,55,1,2,1,eb83590dd508175820b25cb7c68c38cc,2014-11-20T15:22:28 +00:00
1800,Severe Storm(s),IL,Cook (County),STEGER,60475,5,5,5,0,0,0,4,9362,0,4782,4580,4,0,0,0,2d4462757215d06d71eb3e94375cf6e8,2014-11-20T15:22:28 +00:00
1800,Severe Storm(s),IL,Cook (County),WESTCHESTER,60154,12,12,12,0,0,0,5,10292,0,4462,5830,5,0,0,0,8223b0c9b95dfe97c21eca218cc084d0,2014-11-20T15:22:28 +00:00
1800,Severe Storm(s),IL,Cook (County),ASHLAND AVE,60426,1,1,1,0,0,0,0,0,0,0,0,0,0,0,0,5418cd41cbcd253fc0fe8868932e1699,2014-11-20T15:22:28 +00:00
1800,Severe Storm(s),IL,Cook (County),BURNHAM,60633,57,52,52,0,0,0,19,53635,0,31457,22178,18,1,0,0,c398e1782a416df02f2d68d5054f356d,2014-11-20T15:22:28 +00:00
1800,Severe Storm(s),IL,Cook (County),CHICAGO,60610,3,2,2,0,0,0,0,0,0,0,0,0,0,0,0,3101af1ce610df2a4a41969be2e50b58,2014-11-20T15:22:28 +00:00
1800,Severe Storm(s),IL,Cook (County),CHICAGO,60623,102,100,100,0,0,0,47,190244,0,117457,72787,44,2,1,0,ed43fe370752b4dc35704bb915a91bcd,2014-11-20T15:22:28 +00:00
1800,Severe Storm(s),IL,Cook (County),CHICAGO,60634,6,6,6,0,0,0,2,4578,0,2454,2124,2,0,0,0,ff28648c7c59a8e8a840cbc7f83d3c61,2014-11-20T15:22:28 +00:00
1800,Severe Storm(s),IL,Cook (County),CHICAGO,60645,8,8,8,0,0,0,0,0,0,0,0,0,0,0,0,badf7682eabbb7b5934d739e9517a00b,2014-11-20T15:22:28 +00:00
1800,Severe Storm(s),IL,Cook (County),CHICAGO,60659,11,11,11,0,0,0,1,20911,0,20911,0,0,1,0,0,329bbb24c104c09afd2c74e1b9946827,2014-11-20T15:22:28 +00:00
1800,Severe Storm(s),IL,Cook (County),CTRY CLB HLS,60478,1,1,1,0,0,0,0,0,0,0,0,0,0,0,0,359e575bd94e757bd6e26023b586cfe5,2014-11-20T15:22:28 +00:00
1800,Severe Storm(s),IL,Cook (County),EVANSTON,60202,7,6,6,0,0,0,1,22786,0,22177,609,0,1,0,0,fbb7b00976ecc42f1ae090be65e2db7e,2014-11-20T15:22:28 +00:00
1800,Severe Storm(s),IL,Cook (County),HANOVER PARK,60133,27,27,27,0,0,0,11,30147,0,23281,6866,10,1,0,0,071d2f94d6786827896115515adad415,2014-11-20T15:22:28 +00:00
1800,Severe Storm(s),IL,Cook (County),LA GRANGE,60525,1,1,1,0,0,0,1,185,0,0,185,1,0,0,0,cf9262b46409d976f6c2bf269a69c437,2014-11-20T15:22:28 +00:00
1800,Severe Storm(s),IL,Cook (County),MELROSE PARK,60160,24,23,23,0,0,0,12,42356,0,21923,20433,11,1,0,0,d5dcf6d03313efcdb8768eb6d9d58ac2,2014-11-20T15:22:28 +00:00
1800,Severe Storm(s),IL,Cook (County),NORTHBROOK,60062,4,4,4,0,0,0,0,0,0,0,0,0,0,0,0,16b6428f6bc8b619e56063e3fe9d1c81,2014-11-20T15:22:28 +00:00
1800,Severe Storm(s),IL,Cook (County),ORLAND PARK,60462,2,2,2,0,0,0,0,0,0,0,0,0,0,0,0,61a73861e7c9b7c6cf83a44782e19513,2014-11-20T15:22:28 +00:00
1800,Severe Storm(s),IL,Cook (County),RIVERDALE,60419,1,0,0,0,0,0,0,0,0,0,0,0,0,0,0,128b81ac9347e4f3370c9cd0939c35c4,2014-11-20T15:22:28 +00:00
1800,Severe Storm(s),IL,Cook (County),SAULK VILLIAGE,60411,1,1,1,0,0,0,0,0,0,0,0,0,0,0,0,5928cc629eb3d72125badf88c6c8583f,2014-11-20T15:22:28 +00:00
1800,Severe Storm(s),IL,Cook (County),STREAMWOOD,60107,7,6,6,0,0,0,2,4344,0,0,4344,2,0,0,0,aa9a0db27753c136681e5b4b077586c2,2014-11-20T15:22:28 +00:00
1800,Severe Storm(s),IL,Cook (County),BELLWOOD,60104,120,115,115,0,0,0,41,130798,0,101342,29456,37,3,1,0,77d10d14dd5c81528cc37923f8113e3f,2014-11-20T15:22:28 +00:00
1800,Severe Storm(s),IL,Cook (County),CALUMET CITY,60409,585,555,555,0,0,0,225,573111,0,421550,151561,214,8,3,0,8c7ef5fce5cf931947793c0475bec472,2014-11-20T15:22:28 +00:00
1800,Severe Storm(s),IL,Cook (County),CHICAGO,60615,24,22,22,0,0,0,11,52276,0,44821,7455,9,2,0,0,5e59531b4f650ad7adc91dcab4401aa6,2014-11-20T15:22:28 +00:00
1800,Severe Storm(s),IL,Cook (County),CHICAGO,60625,50,42,42,0,0,0,25,121227,0,38490,82737,21,4,0,0,d8434e2fd28abced0b475d2627180e12,2014-11-20T15:22:28 +00:00
1800,Severe Storm(s),IL,Cook (County),CHICAGO,60637,153,145,145,0,0,0,51,145638,0,96299,49339,49,2,0,0,0ffba69ca121d67768de593891e05a29,2014-11-20T15:22:28 +00:00
1800,Severe Storm(s),IL,Cook (County),CHICAGO,60647,13,12,12,0,0,0,5,3495,0,1788,1707,5,0,0,0,9796afe66bf3353969faff0bb16c47cc,2014-11-20T15:22:28 +00:00
1800,Severe Storm(s),IL,Cook (County),CHICAGO,60707,9,9,9,0,0,0,1,4176,0,0,4176,1,0,0,0,33ca51adf6e3b313fafd6f6d54306a39,2014-11-20T15:22:28 +00:00
1800,Severe Storm(s),IL,Cook (County),DES PLAINES,60018,18,17,17,0,0,0,7,11113,0,6135,4978,7,0,0,0,36100cb498d8a12b8f6220373b5151e0,2014-11-20T15:22:28 +00:00
1800,Severe Storm(s),IL,Cook (County),EVERGREEN PARK,60805,18,16,16,0,0,0,6,3373,0,0,3373,6,0,0,0,21706c67b4554aee91e6e8e5ff9175d8,2014-11-20T15:22:28 +00:00
1800,Severe Storm(s),IL,Cook (County),HARVEY,60428,1,1,1,0,0,0,0,0,0,0,0,0,0,0,0,f0fd2eebad9930126599ba953c3e531a,2014-11-20T15:22:28 +00:00
1800,Severe Storm(s),IL,Cook (County),LANSING,60438,180,162,162,0,0,0,58,171807,0,131204,40603,54,4,0,0,32d6506ec921c8eabb6dc3236db43dbd,2014-11-20T15:22:28 +00:00
1800,Severe Storm(s),IL,Cook (County),MERRIONETTE PARK,60803,1,1,1,0,0,0,0,0,0,0,0,0,0,0,0,11ff188a575d8bb122298528895cb14a,2014-11-20T15:22:28 +00:00
1800,Severe Storm(s),IL,Cook (County),SUMMIT,60501,2,2,2,0,0,0,1,3685,0,3190,495,1,0,0,0,1b2b3bf86d9a378781a36ac4c1c448cf,2014-11-20T15:22:28 +00:00
1800,Severe Storm(s),IL,Cook (County),NORTHLAKE,60164,5,4,4,0,0,0,2,18422,0,9816,8606,1,1,0,0,88321264044d213c834af37a2b17d513,2014-11-20T15:22:28 +00:00
1800,Severe Storm(s),IL,Cook (County),PALOS HILLS,60465,3,1,1,0,0,0,0,0,0,0,0,0,0,0,0,49235c8cc79aa018bbc5995b876fdb3f,2014-11-20T15:22:28 +00:00
1800,Severe Storm(s),IL,Cook (County),RIVER FOREST,60305,12,10,10,0,0,0,3,4405,0,3796,609,3,0,0,0,c795852fe05ed0ce008369a34780e4d8,2014-11-20T15:22:28 +00:00
1800,Severe Storm(s),IL,Cook (County),SCHAUMBURG,60194,9,8,8,0,0,0,2,1684,0,0,1684,2,0,0,0,9580db96d00ccbbbe5a84eec3fd6a8ba,2014-11-20T15:22:28 +00:00
1800,Severe Storm(s),IL,Cook (County),ARLINGTON HEIGHTS,60005,2,2,2,0,0,0,0,0,0,0,0,0,0,0,0,84c1239b16188ad7f7ea57cc93896954,2014-11-20T15:22:28 +00:00
1800,Severe Storm(s),IL,Cook (County),BURBANK,60459,4,4,4,0,0,0,0,0,0,0,0,0,0,0,0,85d8f2bcb469621558c5098d6cdb98dd,2014-11-20T15:22:28 +00:00
1800,Severe Storm(s),IL,Cook (County),CHICAGO,60609,103,98,98,0,0,0,39,119780,0,71677,48103,38,1,0,0,0c118145e372c52d69416675ec1c04a3,2014-11-20T15:22:28 +00:00
1800,Severe Storm(s),IL,Cook (County),CHICAGO,60622,5,4,4,0,0,0,1,3702,0,0,3702,1,0,0,0,103201eacfec97e9a99d7ef37f437e7e,2014-11-20T15:22:28 +00:00
1800,Severe Storm(s),IL,Cook (County),CHICAGO,60633,26,25,25,0,0,0,9,22529,0,17206,5323,9,0,0,0,3e700607f5517c3754f1f153fb3fd1e1,2014-11-20T15:22:28 +00:00
1800,Severe Storm(s),IL,Cook (County),CHICAGO,60644,143,135,135,0,0,0,71,211188,0,106535,104653,67,3,1,0,a07fdf4bd0599df13b7bbbc555def7a9,2014-11-20T15:22:28 +00:00
1800,Severe Storm(s),IL,Cook (County),CHICAGO,60657,1,0,0,0,0,0,0,0,0,0,0,0,0,0,0,454afc4f8a8e3b7002dfdc78a69e33b5,2014-11-20T15:22:28 +00:00
1800,Severe Storm(s),IL,Cook (County),CRESTWOOD,60445,5,5,5,0,0,0,1,3063,0,2008,1055,1,0,0,0,e242fb98291acec87d166e81c40ec8c1,2014-11-20T15:22:28 +00:00
1800,Severe Storm(s),IL,Cook (County),EVANSTON,60201,17,16,16,0,0,0,3,7532,0,2008,5524,3,0,0,0,26b94b2639e1ccd8b5c01d0ac15598bd,2014-11-20T15:22:28 +00:00
1800,Severe Storm(s),IL,Cook (County),GLENWOOD,60425,53,47,47,0,0,0,17,54395,0,43059,11336,16,1,0,0,2f45b03809fec6009965e9eb20494e94,2014-11-20T15:22:28 +00:00
1800,Severe Storm(s),IL,Cook (County),JUSTICE,60458,9,9,9,0,0,0,1,527,0,0,527,1,0,0,0,3793203d35c5a8dda88408dd04c90d58,2014-11-20T15:22:28 +00:00
1800,Severe Storm(s),IL,Cook (County),MAYWOOD,60153,170,168,168,0,0,0,39,150672,0,105717,44955,35,4,0,0,440884236cf5b782b4d779f14d428a41,2014-11-20T15:22:28 +00:00
1800,Severe Storm(s),IL,Cook (County),NORRIDGE,60706,3,3,3,0,0,0,1,1613,0,0,1613,1,0,0,0,b73afedfc98ba059f540bb83238a3a35,2014-11-20T15:22:28 +00:00
1800,Severe Storm(s),IL,Cook (County),ORLAND HILLS,60487,3,3,3,0,0,0,0,0,0,0,0,0,0,0,0,5f0763ceeb04a2a2ad0fb67163027dfd,2014-11-20T15:22:28 +00:00
1800,Severe Storm(s),IL,Cook (County),RICHTON PARK,60478,1,1,1,0,0,0,0,0,0,0,0,0,0,0,0,9b960378ebcb01829a745a35ba85a2fe,2014-11-20T15:22:28 +00:00
1800,Severe Storm(s),IL,Cook (County),SAUKVILLAGE,60411,1,1,1,0,0,0,0,0,0,0,0,0,0,0,0,41960497998b035039984c35327f8b20,2014-11-20T15:22:28 +00:00
1800,Severe Storm(s),IL,Cook (County),STONE PARK,60165,11,11,11,0,0,0,8,24156,0,8258,15898,8,0,0,0,ef2b4362b5b702842e18dbe3ac432f1a,2014-11-20T15:22:28 +00:00
1800,Severe Storm(s),IL,Cook (County),WHEELING,60090,4,3,3,0,0,0,2,3149,0,2454,695,2,0,0,0,4a6a2dbcf5762ff7429f5e13412ecf9c,2014-11-20T15:22:28 +00:00
1800,Severe Storm(s),IL,Cook (County),BARTLETT,60103,25,24,24,0,0,0,15,38985,0,21104,17881,15,0,0,0,d1d781cd5079e63aab84bf2c66816f4e,2014-11-20T15:22:28 +00:00
1800,Severe Storm(s),IL,Cook (County),CALUMET,60409,1,1,1,0,0,0,1,6135,0,6135,0,1,0,0,0,d29956904338debc04e436b60ff9934f,2014-11-20T15:22:28 +00:00
1800,Severe Storm(s),IL,Cook (County),CHICAGO,60612,43,37,37,0,0,0,13,65560,0,43591,21969,10,2,1,0,5cd3587c84889d1c81acfb02fc1a1e6b,2014-11-20T15:22:28 +00:00
1800,Severe Storm(s),IL,Cook (County),CHICAGO,60624,108,104,104,0,0,0,27,92005,0,56718,35287,25,1,1,0,3b5d8c76e6ada1f26e66e52a391eab50,2014-11-20T15:22:28 +00:00
1800,Severe Storm(s),IL,Cook (County),CHICAGO,60636,320,307,307,0,0,0,113,348074,0,256488,91585,105,8,0,0,260b7cd15fbaaf654b3767dc65729ae9,2014-11-20T15:22:28 +00:00
1800,Severe Storm(s),IL,Cook (County),CHICAGO,60646,7,6,6,0,0,0,1,1925,0,1788,137,1,0,0,0,672b140a41af62974be8d0eb30e97c75,2014-11-20T15:22:28 +00:00
1800,Severe Storm(s),IL,Cook (County),CHICAGO,60660,4,4,4,0,0,0,2,13870,0,13870,0,2,0,0,0,a78f237c62973717afae0cad18bf8006,2014-11-20T15:22:28 +00:00
1800,Severe Storm(s),IL,Cook (County),DES PLAINES,60016,134,121,121,0,0,0,66,268421,0,137109,131312,63,3,0,0,e99e0d6f70ef3072f66f5c73563eff54,2014-11-20T15:22:28 +00:00
1800,Severe Storm(s),IL,Cook (County),EVANSTON,60203,2,2,2,0,0,0,0,0,0,0,0,0,0,0,0,a9a3dbdc1948234f8a6765448f7109db,2014-11-20T15:22:28 +00:00
1800,Severe Storm(s),IL,Cook (County),HARVEY,60426,731,696,696,0,0,0,322,812308,6022,597714,208573,304,16,2,0,91360b9b56b648c72001af4b6932334c,2014-11-20T15:22:28 +00:00
1800,Severe Storm(s),IL,Cook (County),LANCING,60438,1,1,1,0,0,0,0,0,0,0,0,0,0,0,0,d9ac6b7757dd736e04a960f4a1355d3d,2014-11-20T15:22:28 +00:00
1800,Severe Storm(s),IL,Cook (County),MELROSE PARK,60164,11,10,10,0,0,0,8,21279,0,5804,15475,8,0,0,0,fb4e8b29225d6779427df1c24c2855c9,2014-11-20T15:22:28 +00:00
1800,Severe Storm(s),IL,Cook (County),NORTHFIELD,60093,2,2,2,0,0,0,0,0,0,0,0,0,0,0,0,d7792dc7b5ef7113f90d4fe6dc8f9a5d,2014-11-20T15:22:28 +00:00
1800,Severe Storm(s),IL,Cook (County),PALATINE,60074,2,2,2,0,0,0,0,0,0,0,0,0,0,0,0,c384f43664108658978d44d2d527e0be,2014-11-20T15:22:28 +00:00
1800,Severe Storm(s),IL,Cook (County),RIVERDALE,60827,267,248,248,0,0,0,87,211809,626,144524,66659,82,5,0,0,5d05346e67edb96f4f20d13a98711690,2014-11-20T15:22:28 +00:00
1800,Severe Storm(s),IL,Cook (County),SCHAUMBURG,60193,10,10,10,0,0,0,2,4644,0,0,4644,2,0,0,0,2883b014b99555b90a56d33355ebeb08,2014-11-20T15:22:28 +00:00
1800,Severe Storm(s),IL,Cook (County),STREAMWWOD,60133,1,0,0,0,0,0,0,0,0,0,0,0,0,0,0,5bcb7e4e0aa441a2d2bbd6eef9177dc9,2014-11-20T15:22:28 +00:00
1800,Severe Storm(s),IL,Cook (County),BERKELEY,60163,6,6,6,0,0,0,3,25551,0,23684,1867,2,1,0,0,1d26d23cdaef50525e7e40c488e414ad,2014-11-20T15:22:28 +00:00
1800,Severe Storm(s),IL,Cook (County),CALUMETCITY,60409,1,1,1,0,0,0,0,0,0,0,0,0,0,0,0,99470de3c64f567c3396353dd4de8615,2014-11-20T15:22:28 +00:00
1800,Severe Storm(s),IL,Cook (County),CHICAGO,60616,6,4,4,0,0,0,1,580,0,0,580,1,0,0,0,2988b1adc7c8906ba761f790e4362800,2014-11-20T15:22:28 +00:00
1800,Severe Storm(s),IL,Cook (County),CHICAGO,60626,6,6,6,0,0,0,2,6125,0,4908,1217,2,0,0,0,decc0acfcfdf5d325a8397c0ca5c866a,2014-11-20T15:22:28 +00:00
1800,Severe Storm(s),IL,Cook (County),CHICAGO,60638,20,19,19,0,0,0,11,41577,0,35776,5801,9,2,0,0,ac9b32acc8693b3f120407f1b0ed1725,2014-11-20T15:22:28 +00:00
1800,Severe Storm(s),IL,Cook (County),CHICAGO,60649,186,170,170,0,0,0,70,143268,0,88593,54675,69,1,0,0,2c166b4819aad4bb046ebfba84b2edc0,2014-11-20T15:22:28 +00:00
1800,Severe Storm(s),IL,Cook (County),CHICAGO,60827,96,75,75,0,0,0,9,5812,0,2774,3038,9,0,0,0,846b8ca1bda505b81e318dae91a04156,2014-11-20T15:22:28 +00:00
1800,Severe Storm(s),IL,Cook (County),DIXMOOR,60426,49,45,45,0,0,0,16,69647,0,57202,12445,14,2,0,0,93d68f2bda29bfb6ef6efcd326310e52,2014-11-20T15:22:28 +00:00
1800,Severe Storm(s),IL,Cook (County),FLOSSMOOR,60422,25,25,25,0,0,0,8,11088,0,4908,6180,8,0,0,0,fce4dec23d46bf42c2f4dcad1b173918,2014-11-20T15:22:28 +00:00
1800,Severe Storm(s),IL,Cook (County),HARWOOD HEIGHTS,60706,2,2,2,0,0,0,0,0,0,0,0,0,0,0,0,475269dd634317e21236021736d151f9,2014-11-20T15:22:28 +00:00
1800,Severe Storm(s),IL,Cook (County),RIVER GROVE,60171,23,23,23,0,0,0,13,64308,0,28979,35329,11,2,0,0,07e880cd6489bad293ad1ba0e736b78a,2014-11-20T15:22:28 +00:00
1800,Severe Storm(s),IL,Cook (County),MERRIONETT PK,60803,1,1,1,0,0,0,0,0,0,0,0,0,0,0,0,3b590549ecd17955d3834e9e894c06b9,2014-11-20T15:22:28 +00:00
1800,Severe Storm(s),IL,Cook (County),NORTH RIVERSIDE,60546,1,1,1,0,0,0,0,0,0,0,0,0,0,0,0,6bd67e26c808cd373700acecc5629d34,2014-11-20T15:22:28 +00:00
1800,Severe Storm(s),IL,Cook (County),PARK FOREST,60466,156,143,143,0,0,0,45,142431,0,109622,32809,41,3,1,0,e86afab515201913f1a2037e1d989d5b,2014-11-20T15:22:28 +00:00
1800,Severe Storm(s),IL,Cook (County),LINCOLNWOOD,60712,4,3,3,0,0,0,1,363,0,0,363,1,0,0,0,cb9984890305826011890bd87e76543c,2014-11-20T15:22:28 +00:00
1800,Severe Storm(s),IL,Cook (County),SCHILLER PARK,60176,22,19,19,0,0,0,13,73111,0,31330,41781,12,1,0,0,d79ff4e342bb63f389e6c0eab8656f4c,2014-11-20T15:22:28 +00:00
1800,Severe Storm(s),IL,Cook (County),SUMMIT ARGO,60501,5,5,5,0,0,0,3,3979,0,1788,2191,3,0,0,0,ce26c87c5252a60139e1c6f28a63d6f8,2014-11-20T15:22:28 +00:00
1800,Severe Storm(s),IL,Cook (County),BLUE ISLAND,60406,102,92,92,0,0,0,13,42989,0,34858,8131,12,1,0,0,d5ce6fcc93a8ac2a2075e7191d1383dc,2014-11-20T15:22:28 +00:00
1800,Severe Storm(s),IL,Cook (County),CHGO,60624,1,1,1,0,0,0,0,0,0,0,0,0,0,0,0,6d023d344d08a6d78e43599c7e0d93d6,2014-11-20T15:22:28 +00:00
1800,Severe Storm(s),IL,Cook (County),CHICAGO,60618,3,3,3,0,0,0,2,3829,0,1788,2041,2,0,0,0,1ad51f246ed4e773c535bb1e5c13de08,2014-11-20T15:22:28 +00:00
1800,Severe Storm(s),IL,Cook (County),CHICAGO,60629,110,103,103,0,0,0,29,100421,0,81966,18455,26,3,0,0,181066245e20a1184c9f8e9802adb61c,2014-11-20T15:22:28 +00:00
1800,Severe Storm(s),IL,Cook (County),CHICAGO,60640,3,3,3,0,0,0,1,3817,0,2008,1809,1,0,0,0,2b41e15e8ee1e1c50f6883542d04c08c,2014-11-20T15:22:28 +00:00
1800,Severe Storm(s),IL,Cook (County),CHICAGO,60652,67,65,65,0,0,0,22,58375,0,46781,11594,21,1,0,0,00a6f7f930b585363227e4dd7bec9fa9,2014-11-20T15:22:28 +00:00
1800,Severe Storm(s),IL,Cook (County),CHICAGO HTS,60411,11,11,11,0,0,0,6,11251,0,6916,4335,6,0,0,0,a333591c06ee8c7c987c9008089d9d7e,2014-11-20T15:22:28 +00:00
1800,Severe Storm(s),IL,Cook (County),ELGIN,60120,13,12,12,0,0,0,3,1250,0,0,1250,3,0,0,0,1679e4d04cadf472fafc5ef7bfee4d9e,2014-11-20T15:22:28 +00:00
1800,Severe Storm(s),IL,Cook (County),FOREST PARK,60130,17,17,17,0,0,0,3,4669,0,3796,873,3,0,0,0,83d38ef14133a4ace22afb20ac9c6876,2014-11-20T15:22:28 +00:00
1800,Severe Storm(s),IL,Cook (County),HICKORY HILLS,60457,1,0,0,0,0,0,0,0,0,0,0,0,0,0,0,ea5e564d268d50be79027eb5af61856c,2014-11-20T15:22:28 +00:00
1800,Severe Storm(s),IL,Cook (County),LYONS,60534,2,2,2,0,0,0,0,0,0,0,0,0,0,0,0,9a2d40cbe4e5b7772a149960cc6f243a,2014-11-20T15:22:28 +00:00
1800,Severe Storm(s),IL,Cook (County),MORTON GROVE,60053,9,8,8,0,0,0,1,11159,0,9834,1325,0,1,0,0,ee324803fdd35f2eea838a3c0e652251,2014-11-20T15:22:28 +00:00
1800,Severe Storm(s),IL,Cook (County),OAK LAWN,60453,11,10,10,0,0,0,0,0,0,0,0,0,0,0,0,033c2211e634f9ae10a9ff0930dc00fb,2014-11-20T15:22:28 +00:00
1800,Severe Storm(s),IL,Cook (County),PHOENIX,60426,66,65,65,0,0,0,23,53639,0,41905,11734,22,1,0,0,5ea362b0ccd54fbf2a4bf1f9a058848e,2014-11-20T15:22:28 +00:00
1800,Severe Storm(s),IL,Cook (County),ROBBINS,60472,128,120,120,0,0,0,30,58097,0,42159,15938,29,1,0,0,2a7bb1b97ae310c21c869d5edb2f7044,2014-11-20T15:22:28 +00:00
1800,Severe Storm(s),IL,Cook (County),SKOKIE,60077,44,38,38,0,0,0,6,7377,0,2008,5369,6,0,0,0,101eac4589bda8319987cd70399259b8,2014-11-20T15:22:28 +00:00
1800,Severe Storm(s),IL,Cook (County),TINLEY PARK,60477,7,5,5,0,0,0,1,2639,0,2454,185,1,0,0,0,e973d202103d071fb77ff20a0d086ab8,2014-11-20T15:22:28 +00:00
1800,Severe Storm(s),IL,Cook (County),ALSIP,60803,19,16,16,0,0,0,3,558,0,0,558,3,0,0,0,d419c0bcd54a9bf9b8f99251c1eb42da,2014-11-20T15:22:28 +00:00
1800,Severe Storm(s),IL,Cook (County),BROADVIEW,60155,30,30,30,0,0,0,8,10055,0,4908,5147,8,0,0,0,6452b575a889937de9786f95164a13f2,2014-11-20T15:22:28 +00:00
1800,Severe Storm(s),IL,Cook (County),CHICAGO,60607,2,2,2,0,0,0,0,0,0,0,0,0,0,0,0,a4e3a783fdde6aec0e82c55769a4994e,2014-11-20T15:22:28 +00:00
1800,Severe Storm(s),IL,Cook (County),CHICAGO,60620,425,406,406,0,0,0,140,431847,0,334592,97255,130,8,2,0,821a2ee525cf2376d6364a6131403cb3,2014-11-20T15:22:28 +00:00
1800,Severe Storm(s),IL,Cook (County),CHICAGO,60631,5,5,5,0,0,0,3,2509,0,0,2509,3,0,0,0,56d32bd6003c658c33450cd0f4516a76,2014-11-20T15:22:28 +00:00
1800,Severe Storm(s),IL,Cook (County),CHICAGO,60642,1,1,1,0,0,0,0,0,0,0,0,0,0,0,0,c62f0dcdbc474c6a5c344cdd6e06d576,2014-11-20T15:22:28 +00:00
1800,Severe Storm(s),IL,Cook (County),CHICAGO,60655,4,2,2,0,0,0,1,2008,0,2008,0,1,0,0,0,3a099adac8f561b2cc37e1ec640f656d,2014-11-20T15:22:28 +00:00
1800,Severe Storm(s),IL,Cook (County),COUNRTY CLUB HILLS,60748,1,1,1,0,0,0,0,0,0,0,0,0,0,0,0,8ae778bdaf2f3d07ca3cf0f2f149cf6b,2014-11-20T15:22:28 +00:00
1800,Severe Storm(s),IL,Cook (County),ELMHURST,60126,1,1,1,0,0,0,0,0,0,0,0,0,0,0,0,bed126d27a47daf6f10f029877a65866,2014-11-20T15:22:28 +00:00
1800,Severe Storm(s),IL,Cook (County),FRANKLIN PARK,60131,5,3,3,0,0,0,2,3576,0,3576,0,2,0,0,0,d4532114d1a918841972619407f7d466,2014-11-20T15:22:28 +00:00
1800,Severe Storm(s),IL,Cook (County),HOFFMAN ESTATES,60169,4,2,2,0,0,0,1,2233,0,0,2233,1,0,0,0,db660f722fe1c29b1b421307d396d8dd,2014-11-20T15:22:28 +00:00
1800,Severe Storm(s),IL,Cook (County),MARKHAM,60428,212,194,194,0,0,0,78,201969,0,147869,54100,73,5,0,0,28c1e513a7bfcd3c61bb4fa33362f123,2014-11-20T15:22:28 +00:00
1800,Severe Storm(s),IL,Cook (County),MT PROSPECT,60056,3,3,3,0,0,0,0,0,0,0,0,0,0,0,0,e9e7b4755563f8066578d717af2aa10b,2014-11-20T15:22:28 +00:00
1800,Severe Storm(s),IL,Cook (County),OAK PARK,60304,2,1,1,0,0,0,1,609,0,0,609,1,0,0,0,504fbdf3647c3969a7e0c6cecafada79,2014-11-20T15:22:28 +00:00
1800,Severe Storm(s),IL,Cook (County),PROSPECT HEIGHTS,60070,1,1,1,0,0,0,0,0,0,0,0,0,0,0,0,949231511ab46533812c8d0fc1e4db0f,2014-11-20T15:22:28 +00:00
1800,Severe Storm(s),IL,Cook (County),ROSEMONT,60018,8,8,8,0,0,0,7,37399,0,22996,14403,6,1,0,0,824f6c133da031876c1c8a630f31e2ce,2014-11-20T15:22:28 +00:00
1800,Severe Storm(s),IL,Cook (County),SOUTH HOLLAND,60473,222,216,216,0,0,0,81,210759,0,159497,51262,77,4,0,0,9ba0c93844dbed75e0896f003c923dae,2014-11-20T15:22:28 +00:00
1800,Severe Storm(s),IL,Cook (County),UNIVERSITY PK,60466,1,1,1,0,0,0,0,0,0,0,0,0,0,0,0,daf60fad67903d6354902ec159cac4d2,2014-11-20T15:22:28 +00:00
1800,Severe Storm(s),IL,Cook (County),BRIDGEVIEW,60455,2,2,2,0,0,0,0,0,0,0,0,0,0,0,0,3c974d79e5f4537cd6784c9337a927c4,2014-11-20T15:22:28 +00:00
1800,Severe Storm(s),IL,Cook (County),CHICAGO,60477,1,0,0,0,0,0,0,0,0,0,0,0,0,0,0,f552b1c433cde449f5174c619d07b214,2014-11-20T15:22:28 +00:00
1800,Severe Storm(s),IL,Cook (County),CHICAGO,60619,522,499,499,0,0,0,244,664418,0,482574,181844,231,13,0,0,d5754f13b3b704bfc27c3c64f7b13a0f,2014-11-20T15:22:28 +00:00
1800,Severe Storm(s),IL,Cook (County),CHICAGO,60630,3,2,2,0,0,0,0,0,0,0,0,0,0,0,0,67033e6c0de63703bbae9757d59a5428,2014-11-20T15:22:28 +00:00
1800,Severe Storm(s),IL,Cook (County),CHICAGO,60641,4,3,3,0,0,0,0,0,0,0,0,0,0,0,0,d16b963da39f6c157f71fd1a519d3914,2014-11-20T15:22:28 +00:00
1800,Severe Storm(s),IL,Cook (County),CHICAGO,60653,37,36,36,0,0,0,8,23085,0,11490,11595,7,1,0,0,1a1626cc0fdc73a0ac913280dbb4b16b,2014-11-20T15:22:28 +00:00
1800,Severe Storm(s),IL,Cook (County),CICERO,60804,14,13,13,0,0,0,5,28668,0,23711,4957,4,1,0,0,170e2e7ba56bc2f176428efd4133f43b,2014-11-20T15:22:28 +00:00
1800,Severe Storm(s),IL,Cook (County),ELK GROVE VILLAGE,60007,2,2,2,0,0,0,1,527,0,0,527,1,0,0,0,a0f148a576e72cb9d7fbd84a390d68b5,2014-11-20T15:22:28 +00:00
1800,Severe Storm(s),IL,Cook (County),FOREST PK,60130,1,1,1,0,0,0,0,0,0,0,0,0,0,0,0,ade7a0eb0a5a81bd8b9133ccdcfde276,2014-11-20T15:22:28 +00:00
1800,Severe Storm(s),IL,Cook (County),HILLSIDE,60162,12,11,11,0,0,0,4,8464,0,5228,3236,4,0,0,0,4eb32e7eda182e8ef30deec466a1de00,2014-11-20T15:22:28 +00:00
1800,Severe Storm(s),IL,Cook (County),MARKHAM,60426,10,9,9,0,0,0,2,730,0,0,730,2,0,0,0,47629d027dac79417fdccdaa4ed46995,2014-11-20T15:22:28 +00:00
1800,Severe Storm(s),IL,Cook (County),MOUNT PROSPECT,60056,8,8,8,0,0,0,3,11512,0,9252,2260,3,0,0,0,a24f4434e57fb1f21ecaec865a192605,2014-11-20T15:22:28 +00:00
1800,Severe Storm(s),IL,Cook (County),OAK PARK,60302,17,17,17,0,0,0,5,25700,0,22887,2813,4,1,0,0,d8339d7f4e605c6a04f6998e42a41169,2014-11-20T15:22:28 +00:00
1800,Severe Storm(s),IL,Cook (County),POSEN,60469,27,25,25,0,0,0,7,19712,0,8258,11454,7,0,0,0,3ef67e53d52ad4a3fdba19d686fe0eaa,2014-11-20T15:22:28 +00:00
1800,Severe Storm(s),IL,Cook (County),ROLLING MEADOWS,60008,2,2,2,0,0,0,2,6257,0,1788,4469,2,0,0,0,dc92b6a37602b64ddfa43af2983566c4,2014-11-20T15:22:28 +00:00
1800,Severe Storm(s),IL,Cook (County),SOUTH CHICAGO HEIGHTS,60411,10,9,9,0,0,0,6,19113,0,14252,4861,6,0,0,0,5a6d84f0b5963b32b91ee01c2602e2c7,2014-11-20T15:22:28 +00:00
1800,Severe Storm(s),IL,Cook (County),UNIVERSITY PARK,60466,28,27,27,0,0,0,10,37204,0,29859,7345,9,1,0,0,36e2f239a124b47517ba3dee8e3cd7b6,2014-11-20T15:22:28 +00:00
1800,Severe Storm(s),IL,Cook (County),BERWYN,60402,12,10,10,0,0,0,2,2954,0,2454,500,2,0,0,0,50a133974b0441d043b0dd21981b044a,2014-11-20T15:22:28 +00:00
1800,Severe Storm(s),IL,Cook (County),CALUMET PARK,60827,99,92,92,0,0,0,25,46416,3339,29872,13205,24,1,0,0,6b017b28482bdc88d5191b1dbb4fd2b0,2014-11-20T15:22:28 +00:00
1800,Severe Storm(s),IL,Cook (County),CHICAGO,60617,487,470,470,0,0,0,194,475610,0,294524,181086,185,8,1,0,1c6968716a1ba9bebefd107cae1ffbaa,2014-11-20T15:22:28 +00:00
1800,Severe Storm(s),IL,Cook (County),CHICAGO,60628,629,606,606,0,0,0,208,407369,2661,278302,126407,202,6,0,0,df6b0a7df9acd84dfe0167b5f390901f,2014-11-20T15:22:28 +00:00
1800,Severe Storm(s),IL,Cook (County),CHICAGO,60639,58,56,56,0,0,0,24,64631,0,33184,31447,23,1,0,0,0ea17e6fd7829ffc35c3c44a42c109da,2014-11-20T15:22:28 +00:00
1800,Severe Storm(s),IL,Cook (County),CHICAGO,60651,151,143,143,0,0,0,58,151200,0,52553,98647,55,3,0,0,697b21ff73f42a810f6fa0b69290b636,2014-11-20T15:22:28 +00:00
1800,Severe Storm(s),IL,Cook (County),CHICAGO HEIGHTS,60411,257,240,240,0,0,0,104,365643,0,279990,85653,94,10,0,0,18b9a450ba6cbd46079795805704cffd,2014-11-20T15:22:28 +00:00
1800,Severe Storm(s),IL,Cook (County),DOLTON,60419,437,414,414,0,0,0,142,317496,0,208040,109456,138,2,2,0,f0cfba1c34db566644e368a6097123fa,2014-11-20T15:22:28 +00:00
1800,Severe Storm(s),IL,Cook (County),HAZEL CREST,60429,166,161,161,0,0,0,53,85928,0,54851,31077,52,1,0,0,cfe259e379754632684c60ed6ad65cb7,2014-11-20T15:22:28 +00:00
1800,Severe Storm(s),IL,Cook (County),FORD HEIGHTS,60411,98,97,97,0,0,0,39,135834,0,98099,37735,36,3,0,0,9d71fe9e1d1c23111e0c91c0aec9eedc,2014-11-20T15:22:28 +00:00
1800,Severe Storm(s),IL,Cook (County),LYNWOOD,60411,64,61,61,0,0,0,17,87176,0,66367,20809,14,2,1,0,560a34671690a4887b4eaa23c93fddcf,2014-11-20T15:22:28 +00:00
1800,Severe Storm(s),IL,Cook (County),MIDLOTHIAN,60445,22,21,21,0,0,0,5,3574,0,0,3574,5,0,0,0,e18959101966ea963274b1f72afa03ac,2014-11-20T15:22:28 +00:00
1800,Severe Storm(s),IL,Cook (County),OAK FOREST,60452,13,12,12,0,0,0,2,2949,0,2454,495,2,0,0,0,e3c1d366d4fb27ae44692d70b86e7352,2014-11-20T15:22:28 +00:00
1800,Severe Storm(s),IL,Cook (County),PARK RIDGE,60068,33,25,25,0,0,0,11,18604,0,4242,14362,11,0,0,0,2fb2bd08ba32960bbfad06f7d8b978b2,2014-11-20T15:22:28 +00:00
1800,Severe Storm(s),IL,Cook (County),RIVERSIDE,60546,24,22,22,0,0,0,14,58242,0,28096,30146,13,1,0,0,e1cf8e0eac46ef09f61966b2f231371d,2014-11-20T15:22:28 +00:00
1800,Severe Storm(s),IL,Cook (County),SKOKIE,60076,60,52,52,0,0,0,15,28803,0,16401,12402,15,0,0,0,82c9405ff5fc3e1bb3a5399531ee40a1,2014-11-20T15:22:28 +00:00
1800,Severe Storm(s),IL,Cook (County),THORNTON,60476,8,8,8,0,0,0,0,0,0,0,0,0,0,0,0,9a766ae0ab13dd004b73d4497f3da860,2014-11-20T15:22:28 +00:00
4116,Flood,IL,Cook (County),BERWYN,60402,90,82,53,23,3,3,44,160280,0,90099,70181,42,2,0,0,a00331bc356569ffc673f72273531075,2015-03-02T18:42:54 +00:00
4116,Flood,IL,Cook (County),ARLINGTON HEIGHTS,60005,2,1,1,0,0,0,1,260,0,0,260,1,0,0,0,406865c64c6e62ae532aec0b186fdc10,2015-03-02T18:42:54 +00:00
4116,Flood,IL,Cook (County),BROOKFIELD,60513,42,39,14,11,4,10,25,97900,0,52549,45352,24,1,0,0,c6fd82fd9e1d61d55459dd9cd7838581,2015-03-02T18:42:54 +00:00
4116,Flood,IL,Cook (County),CALUMET CITY ,60409,1,1,1,0,0,0,0,0,0,0,0,0,0,0,0,2db6ef723679236bc3d6e064c66f755a,2015-03-02T18:42:54 +00:00
4116,Flood,IL,Cook (County),BROADVIEW,60153,2,2,1,1,0,0,2,2726,0,1932,794,2,0,0,0,97410ed65527068528dd2dc98e30b626,2015-03-02T18:42:54 +00:00
4116,Flood,IL,Cook (County),BENSENVILLE,60106,2,1,1,0,0,0,0,0,0,0,0,0,0,0,0,ec1e3929f554b8f75788f37f80b99e77,2015-03-02T18:42:54 +00:00
4116,Flood,IL,Cook (County),ALSIP,60803,28,23,21,2,0,0,7,7899,0,3864,4035,7,0,0,0,93b8e47360fba12a2e563ac08dd4864b,2015-03-02T18:42:54 +00:00
4116,Flood,IL,Cook (County),BURNHAM,60633,48,45,25,20,0,0,23,54224,0,36416,17808,23,0,0,0,a1e369af9b802ba2a92d087ce53e59e9,2015-03-02T18:42:54 +00:00
4116,Flood,IL,Cook (County),BROADVIEW,60155,126,119,83,22,1,13,52,172380,0,122973,49407,46,6,0,0,c771a0e0c988784927fb9080ef4e056a,2015-03-02T18:42:54 +00:00
4116,Flood,IL,Cook (County),BERKELEY,60163,44,40,26,6,1,7,18,44063,0,24978,19085,18,0,0,0,4bd8254e3492d1baca4076eba3e4420e,2015-03-02T18:42:54 +00:00
4116,Flood,IL,Cook (County),ARLINGTON HEIGHTS,60004,5,4,4,0,0,0,0,0,0,0,0,0,0,0,0,bf4e7c85dbf05286f6d250c665219e64,2015-03-02T18:42:54 +00:00
4116,Flood,IL,Cook (County),CHICAGO,60608,54,45,29,8,1,7,24,96966,0,49598,47368,22,2,0,0,3e4be2fc54e27174bd14a7901c139c4c,2015-03-02T18:42:54 +00:00
4116,Flood,IL,Cook (County),CHICAGO,60612,283,263,190,49,1,23,122,349872,0,229499,120373,114,7,1,0,d27393e84379a5e110cd0f677c082200,2015-03-02T18:42:54 +00:00
4116,Flood,IL,Cook (County),BARTLETT,60103,2,2,2,0,0,0,1,920,0,0,920,1,0,0,0,130e00998d39715a4a13fb47aebd1d99,2015-03-02T18:42:54 +00:00
4116,Flood,IL,Cook (County),CHICAGO,60619,1,1409,836,487,9,77,750,2033186,0,1347723,685463,721,27,2,0,6cb42c5d9fb2c1e43a145610bcfce766,2015-03-02T18:42:54 +00:00
4116,Flood,IL,Cook (County),CHICAGO,60622,31,28,23,4,0,1,15,22261,0,9814,12447,15,0,0,0,16a01ae181152c4c1febfba369f91005,2015-03-02T18:42:54 +00:00
4116,Flood,IL,Cook (County),CHICAGO,60636,1,1279,814,295,7,163,641,1855681,1192,1327683,526806,606,35,0,0,8704046c5196fd702f1ec0de7c3a7a36,2015-03-02T18:42:54 +00:00
4116,Flood,IL,Cook (County),CHICAGO HEIGHTS,60411,455,432,223,161,1,47,248,713860,0,544234,169626,237,11,0,0,2232feab2ab1b5b376118ca6ea80fcd3,2015-03-02T18:42:54 +00:00
4116,Flood,IL,Cook (County),CHICAGO,60639,280,276,138,105,4,29,188,867134,0,539317,327817,166,19,3,0,4d7e5850bffea461001a66ea017b9fbb,2015-03-02T18:42:54 +00:00
4116,Flood,IL,Cook (County),CHICAGO,60653,253,236,161,45,0,30,126,383483,0,254683,128800,118,7,1,0,dd1f9c12fb7f32efb73a0249f282882c,2015-03-02T18:42:54 +00:00
4116,Flood,IL,Cook (County),BUFFALO GROVE,60089,1,1,1,0,0,0,1,60,0,0,60,1,0,0,0,8cecb0babb01a726c71d659573d288bf,2015-03-02T18:42:54 +00:00
4116,Flood,IL,Cook (County),CHICAGO,60604,1,0,0,0,0,0,0,0,0,0,0,0,0,0,0,faf2d20e437614f3bdaabfd04f295699,2015-03-02T18:42:54 +00:00
4116,Flood,IL,Cook (County),CHICAGO,60633,69,65,33,25,0,7,41,135632,0,104471,31161,38,3,0,0,6d64736f5c7345e298748f09bb41f0c8,2015-03-02T18:42:54 +00:00
4116,Flood,IL,Cook (County),CHICAGO,60646,13,12,9,2,0,1,6,28069,0,14365,13704,5,1,0,0,e73635783eb22fa0006d75a44700a907,2015-03-02T18:42:54 +00:00
4116,Flood,IL,Cook (County),DIXMOOR,60426,57,52,34,11,1,6,29,78443,0,48838,29605,28,1,0,0,90f05271ae424f3d313d4cd5931e8258,2015-03-02T18:42:54 +00:00
4116,Flood,IL,Cook (County),CHICAGO,60625,54,48,28,11,2,7,29,153105,0,40739,112366,22,7,0,0,06b624cdac0f4e536f844e0afd232f6f,2015-03-02T18:42:54 +00:00
4116,Flood,IL,Cook (County),CHICAGO,60654,1,0,0,0,0,0,0,0,0,0,0,0,0,0,0,9298cdcdb19bc42b3bc68b703cc44667,2015-03-02T18:42:54 +00:00
4116,Flood,IL,Cook (County),CHICAGO,60615,158,141,86,47,0,8,68,193346,0,129888,63458,64,4,0,0,0476608631d979451af15ea24e876cfe,2015-03-02T18:42:54 +00:00
4116,Flood,IL,Cook (County),CHICAGO,60642,12,12,12,0,0,0,3,1838,0,0,1838,3,0,0,0,7b1168371a80db20dc98a2e2a8953789,2015-03-02T18:42:54 +00:00
4116,Flood,IL,Cook (County),EVANSTON,60201,43,40,24,9,0,7,21,58802,0,38469,20333,21,0,0,0,31723b489f0a07c8b6c645bcd86b4e09,2015-03-02T18:42:55 +00:00
4116,Flood,IL,Cook (County),CALUMET CITY,60409,745,715,452,200,3,60,381,1037851,0,767499,270352,369,10,2,0,47549d53d3afdaa1f9dca68b024eae32,2015-03-02T18:42:54 +00:00
4116,Flood,IL,Cook (County),BLUE ISLAND,60406,131,109,93,16,0,0,47,70081,0,33014,37067,47,0,0,0,3d85358486a406d8de9e5667e83712cc,2015-03-02T18:42:54 +00:00
4116,Flood,IL,Cook (County),CHICAGO,60624,803,781,465,242,7,67,413,1592944,0,1054889,538055,374,37,2,0,f5d6f2aff6d5d492ee7830d11176fdc9,2015-03-02T18:42:54 +00:00
4116,Flood,IL,Cook (County),HOMETOWN,60456,1,0,0,0,0,0,0,0,0,0,0,0,0,0,0,7ed66920fc10208491e4c87511c5de8c,2015-03-02T18:42:55 +00:00
4116,Flood,IL,Cook (County),EVANSTON,60202,25,20,16,4,0,0,6,7562,0,1630,5932,6,0,0,0,5fa0b195ca88ecd575319d5fb4382135,2015-03-02T18:42:55 +00:00
4116,Flood,IL,Cook (County),CHICAGO,60614,4,3,3,0,0,0,2,2048,0,0,2048,2,0,0,0,91d9dfeb151b72304f818c44b6899f95,2015-03-02T18:42:54 +00:00
4116,Flood,IL,Cook (County),CHICAGO,60617,952,914,623,246,4,41,407,1000512,0,663851,336661,393,14,0,0,0970a963eb839f34e8bb8dbdfa26ff02,2015-03-02T18:42:54 +00:00
4116,Flood,IL,Cook (County),CHICAGO,60630,36,32,19,6,0,7,14,43206,0,20112,23094,14,0,0,0,327a232e7b04d71f29e92a9b15d57484,2015-03-02T18:42:54 +00:00
4116,Flood,IL,Cook (County),CHICAGO,60660,8,8,7,1,0,0,1,3701,0,2872,829,1,0,0,0,23fb576878e87c2eed64eba39337e3b9,2015-03-02T18:42:54 +00:00
4116,Flood,IL,Cook (County),BRIDGEVIEW,60455,3,1,1,0,0,0,0,0,0,0,0,0,0,0,0,7cc9e015777889352302dfe33c683fde,2015-03-02T18:42:55 +00:00
4116,Flood,IL,Cook (County),FRANKLIN PARK,60131,17,14,6,4,1,3,12,33929,0,14796,19133,12,0,0,0,db4fe137dbc879ab8f1150ed677af40e,2015-03-02T18:42:55 +00:00
4116,Flood,IL,Cook (County),CHICAGO HTS,60411,9,9,3,6,0,0,8,23115,0,20936,2179,8,0,0,0,15e4daefc8ad88f7681df6917d519a00,2015-03-02T18:42:55 +00:00
4116,Flood,IL,Cook (County),GLENCOE,60022,1,1,1,0,0,0,0,0,0,0,0,0,0,0,0,26296cbd8b53c0e978997f1077ddc3f2,2015-03-02T18:42:55 +00:00
4116,Flood,IL,Cook (County),CHICAGO,60626,40,35,25,9,0,1,20,26045,0,11820,14225,20,0,0,0,3b2d4007ef6d7481421a95daffe160f3,2015-03-02T18:42:55 +00:00
4116,Flood,IL,Cook (County),CALUMET PARK,60827,143,137,84,38,0,15,74,227886,0,153555,74331,68,6,0,0,c891eba10f5f53bb5e28b434beff4b9c,2015-03-02T18:42:54 +00:00
4116,Flood,IL,Cook (County),CHICAGO,60631,30,19,11,3,1,4,13,27279,0,8184,19095,13,0,0,0,f32b395765ff9ca631fd17434a25ab33,2015-03-02T18:42:54 +00:00
4116,Flood,IL,Cook (County),BURBANK,60459,15,15,10,1,0,4,5,18669,0,6434,12235,5,0,0,0,7a7eea24cc7baa02c2e4ed6cc301b59b,2015-03-02T18:42:55 +00:00
4116,Flood,IL,Cook (County),HANOVER PARK,60133,11,10,7,2,0,1,3,4942,0,2462,2480,3,0,0,0,3e0fcca48eba474a5237c62dca0860c4,2015-03-02T18:42:55 +00:00
4116,Flood,IL,Cook (County),CRESTWOOD,60445,3,3,3,0,0,0,1,4830,0,4830,0,1,0,0,0,4efdf834607d28230f0325fbf114bfad,2015-03-02T18:42:55 +00:00
4116,Flood,IL,Cook (County),CHICAGO,60616,25,21,17,2,0,2,9,20769,0,5192,15577,9,0,0,0,41b4082c87dc90ff8e2a64036257df9d,2015-03-02T18:42:55 +00:00
4116,Flood,IL,Cook (County),LEMONT,60439,2,1,1,0,0,0,0,0,0,0,0,0,0,0,0,de1a90487a4dcf258f3846cde7d32b5b,2015-03-02T18:42:55 +00:00
4116,Flood,IL,Cook (County),CHICAGO,60609,512,492,333,117,0,42,278,674568,715,411641,262212,268,10,0,0,77caeb7a3310f0633a6bb4c241d9e3fe,2015-03-02T18:42:54 +00:00
4116,Flood,IL,Cook (County),CHICAGO,60637,583,538,389,120,4,25,277,625897,1277,414470,210150,268,6,3,1,4b2b33a31387dcdd1ad066f14e1269fa,2015-03-02T18:42:54 +00:00
4116,Flood,IL,Cook (County),CHICAGO,60290,1,0,0,0,0,0,0,0,0,0,0,0,0,0,0,152dff31d581ec1ac90c72cc7c3141ee,2015-03-02T18:42:55 +00:00
4116,Flood,IL,Cook (County),HARWOOD HTS,60706,1,1,0,1,0,0,0,0,0,0,0,0,0,0,0,20e2524288b4f2d185d5db1f6d0968bd,2015-03-02T18:42:55 +00:00
4116,Flood,IL,Cook (County),CHICAGO,60628,2,2129,1227,806,5,91,1120,2742620,0,2038178,704441,1,36,1,0,537f05a2b13edb19370d73626ba9cd03,2015-03-02T18:42:54 +00:00
4116,Flood,IL,Cook (County),CHICAGO,60641,32,26,15,6,0,5,19,76487,0,46668,29819,17,2,0,0,55018f84b7664ccba0fba3f1529f2583,2015-03-02T18:42:54 +00:00
4116,Flood,IL,Cook (County),COUNTRYSIDE,60525,8,8,4,4,0,0,8,24732,0,4890,19842,8,0,0,0,13d19ab7f318784fcde4c0be9f543b4a,2015-03-02T18:42:54 +00:00
4116,Flood,IL,Cook (County),CHICAGO,60620,1,1673,1178,428,9,58,815,1909758,0,1252985,656773,786,24,5,0,bdfb420bbfbc88bcfea92f545a5b5889,2015-03-02T18:42:54 +00:00
4116,Flood,IL,Cook (County),CHICAGO,60647,48,42,22,14,1,5,26,106931,0,51666,55265,23,3,0,0,c96d22c369e60a677d172516f311cf85,2015-03-02T18:42:54 +00:00
4116,Flood,IL,Cook (County),DOLTON,60419,632,598,375,164,4,55,265,688655,0,504968,183687,256,9,0,0,d5b26dd11000a5b93d59c48fce7148d5,2015-03-02T18:42:55 +00:00
4116,Flood,IL,Cook (County),CHICAGO,60610,16,9,8,0,0,1,2,14069,0,2872,11197,2,0,0,0,89f3dbbe45059fc9c8ba2b9859ac53bd,2015-03-02T18:42:55 +00:00
4116,Flood,IL,Cook (County),HOMEWOOD,60430,61,59,25,21,2,11,36,106200,0,83561,22639,35,1,0,0,b2d89ead086ede5bda82a61fc7235147,2015-03-02T18:42:55 +00:00
4116,Flood,IL,Cook (County),CHICAGO,60638,62,58,36,16,0,6,29,81786,0,59692,22094,28,1,0,0,dfad3e9f57411974f3ce09adf1c977d3,2015-03-02T18:42:55 +00:00
4116,Flood,IL,Cook (County),CHICAGO,60643,896,861,511,328,5,17,466,1134805,5019,831959,297828,452,14,0,0,f2d2f7c8c1e54aa112d54c423b66f4ec,2015-03-02T18:42:55 +00:00
4116,Flood,IL,Cook (County),DES PLAINES,60016,161,144,58,66,7,13,100,327953,0,196869,131084,97,3,0,0,dffdecd8dcd6f9e09afc78c6979729b6,2015-03-02T18:42:55 +00:00
4116,Flood,IL,Cook (County),MELROSE PARK,60160,118,115,65,27,0,23,73,170731,0,52470,118261,73,0,0,0,cc2cb033cf353824d1a6f52cb77bf717,2015-03-02T18:42:55 +00:00
4116,Flood,IL,Cook (County),CHICAGO,60655,12,9,5,3,0,1,3,4864,0,4804,60,3,0,0,0,028a4edcc9d4bd5a783ef80464a0e3e8,2015-03-02T18:42:55 +00:00
4116,Flood,IL,Cook (County),EVANSTON,60203,3,2,1,1,0,0,1,3302,0,3302,0,1,0,0,0,72a5a96b72aeb63b963803568e2fde4b,2015-03-02T18:42:55 +00:00
4116,Flood,IL,Cook (County),BELLWOOD,60104,509,469,210,132,8,119,323,1214859,0,668141,546718,305,17,1,0,8c2801a666ee4f0bdb4a2028380021f2,2015-03-02T18:42:55 +00:00
4116,Flood,IL,Cook (County),EVERGREEN PK,60805,1,1,1,0,0,0,0,0,0,0,0,0,0,0,0,36768d83d914b4e41bcdbec1f75c0468,2015-03-02T18:42:55 +00:00
4116,Flood,IL,Cook (County),CHICAGO,60661,2,0,0,0,0,0,1,4965,0,0,4965,1,0,0,0,4d13d4ac8ce50277fe9ccec5784adea7,2015-03-02T18:42:55 +00:00
4116,Flood,IL,Cook (County),FLOSSMOOR,60422,26,25,7,8,1,9,16,68902,0,57731,11171,14,2,0,0,0d3d717c8c689d3811b5028203ed331c,2015-03-02T18:42:55 +00:00
4116,Flood,IL,Cook (County),CHICAGO,60621,963,917,610,260,6,41,465,1230866,0,832784,398082,440,24,1,0,32aec38fb69ad8da5dcec93001ecb9c2,2015-03-02T18:42:55 +00:00
4116,Flood,IL,Cook (County),MARKHAM,60428,232,226,152,55,4,15,100,298197,0,236552,61645,95,5,0,0,ba2dce434910e146d073fe51ae9ac2fe,2015-03-02T18:42:55 +00:00
4116,Flood,IL,Cook (County),CHICAGO,60649,454,416,356,53,3,4,122,297884,0,213623,84261,113,8,1,0,48f49c5bf4d2abe6d650d7dbab268977,2015-03-02T18:42:55 +00:00
4116,Flood,IL,Cook (County),HARVEY,60426,873,851,560,222,12,57,448,1026792,0,744917,281876,436,11,1,0,d952d71d1b2577d1a776a86aef655e01,2015-03-02T18:42:55 +00:00
4116,Flood,IL,Cook (County),HAZEL CREST,60429,264,249,141,75,2,31,135,448312,0,356055,92257,124,11,0,0,6a87e3a9db4144f2bfac35fbe9206af6,2015-03-02T18:42:55 +00:00
4116,Flood,IL,Cook (County),CHICAGO,60632,87,80,49,17,0,14,39,159355,0,95742,63613,36,3,0,0,6b5f44c016249dbbda245234113002f8,2015-03-02T18:42:55 +00:00
4116,Flood,IL,Cook (County),CHICAGO,60666,1,1,1,0,0,0,0,0,0,0,0,0,0,0,0,7e62f0e0536125067bc2bada67ab3b60,2015-03-02T18:42:55 +00:00
4116,Flood,IL,Cook (County),FORD HEIGHTS,60411,71,70,35,29,1,5,40,116137,0,92827,23310,38,2,0,0,cdfaa4af08e66f71825f38cbbd82df86,2015-03-02T18:42:55 +00:00
4116,Flood,IL,Cook (County),ELGIN,60120,10,10,9,1,0,0,1,185,0,0,185,1,0,0,0,a7a30b3bcd2d5e404a93f94035a94621,2015-03-02T18:42:55 +00:00
4116,Flood,IL,Cook (County),CHICAGO RIDGE,60415,4,4,4,0,0,0,3,3065,0,0,3065,3,0,0,0,560f4f06008a2eac7394dc7ac3bc18e0,2015-03-02T18:42:55 +00:00
4116,Flood,IL,Cook (County),GLENVIEW,60025,12,11,7,1,1,2,3,2531,0,1932,599,3,0,0,0,a676ecaa8a441cb1a43d0f0481ae2a5b,2015-03-02T18:42:55 +00:00
4116,Flood,IL,Cook (County),LANSING,60438,175,157,107,27,0,23,76,164805,0,84481,80325,75,1,0,0,e584babb6283d0c729a0fdc0ed356797,2015-03-02T18:42:55 +00:00
4116,Flood,IL,Cook (County),MARKHAM,60426,10,10,5,4,0,1,5,8086,0,7956,130,5,0,0,0,543b2c1ca738d550ea4812d40c1ea314,2015-03-02T18:42:55 +00:00
4116,Flood,IL,Cook (County),MC COOK,60525,1,0,0,0,0,0,1,620,0,0,620,1,0,0,0,f5a2d553556e8011cf590969a4162d5c,2015-03-02T18:42:55 +00:00
4116,Flood,IL,Cook (County),MOUNT PROSPECT,60056,9,7,4,3,0,0,2,4674,0,1932,2742,2,0,0,0,6e2374c2f362bf07a7fa23431073a54f,2015-03-02T18:42:55 +00:00
4116,Flood,IL,Cook (County),NORTHFIELD,60093,1,0,0,0,0,0,0,0,0,0,0,0,0,0,0,db06fbd9130ff04b3c588e570a119554,2015-03-02T18:42:55 +00:00
4116,Flood,IL,Cook (County),OAK PARK,60302,20,19,17,2,0,0,7,18487,0,9078,9409,7,0,0,0,21f5b309b4b2d80e18b458e478aec3e5,2015-03-02T18:42:55 +00:00
4116,Flood,IL,Cook (County),ORLAND PARK,60467,1,1,1,0,0,0,0,0,0,0,0,0,0,0,0,335d0c9e1ef6bc847429fee185da8cc0,2015-03-02T18:42:55 +00:00
4116,Flood,IL,Cook (County),HARVEY,60428,2,1,1,0,0,0,1,3284,0,0,3284,1,0,0,0,698efba0aba3f039e27bc09aaf0c9029,2015-03-02T18:42:55 +00:00
4116,Flood,IL,Cook (County),HICKORY HILLS,60457,7,5,5,0,0,0,2,3074,0,0,3074,2,0,0,0,d987fa90d87ee1ea4f08930e35a2d60b,2015-03-02T18:42:55 +00:00
4116,Flood,IL,Cook (County),JUSTICE,60458,33,22,22,0,0,0,7,5017,0,0,5017,7,0,0,0,21247265c85c2344800279c02354ba73,2015-03-02T18:42:55 +00:00
4116,Flood,IL,Cook (County),LINCOLNWOOD,60712,28,28,15,6,0,7,13,28824,0,21006,7818,13,0,0,0,1b5f7bf0ddf6769d6855e564e318054b,2015-03-02T18:42:55 +00:00
4116,Flood,IL,Cook (County),MATTESON,60443,85,83,43,33,2,5,43,107327,0,87978,19349,43,0,0,0,18ed12f8e6b9d741f02786603282e393,2015-03-02T18:42:55 +00:00
4116,Flood,IL,Cook (County),MELROSE PARK,60164,21,20,13,5,0,2,12,19962,0,6132,13830,12,0,0,0,5ce2c58cd5ad3dbeb0dcb8b7a70a32f8,2015-03-02T18:42:55 +00:00
4116,Flood,IL,Cook (County),NILES,60714,29,20,14,4,1,1,8,9225,0,6132,3093,8,0,0,0,329fc194132fd5ccafbcd9b81379bfe0,2015-03-02T18:42:55 +00:00
4116,Flood,IL,Cook (County),PARK RIDGE,60068,39,25,15,6,0,4,10,27315,0,9284,18031,10,0,0,0,3f799c0d536c234ab62c884513f21f08,2015-03-02T18:42:55 +00:00
4116,Flood,IL,Cook (County),RICHTON PARK,60471,126,118,86,28,2,2,38,94230,0,76050,18180,38,0,0,0,7644b568d34288526959e3fda6ff389c,2015-03-02T18:42:55 +00:00
4116,Flood,IL,Cook (County),ROBBINS,60472,93,90,60,25,4,1,47,113651,0,79181,34470,46,1,0,0,d90fc77bc078029b439e76fe325d1ce3,2015-03-02T18:42:55 +00:00
4116,Flood,IL,Cook (County),SCHAUMBURG,60173,3,3,3,0,0,0,0,0,0,0,0,0,0,0,0,d08ccc194f56f33e0d6bd0867d6e16c6,2015-03-02T18:42:55 +00:00
4116,Flood,IL,Cook (County),SKOKIE,60076,87,68,45,16,0,7,33,86064,0,27270,58794,33,0,0,0,d3aa0d64a521a1a852fd34a2ea676bbb,2015-03-02T18:42:55 +00:00
4116,Flood,IL,Cook (County),PALATINE,60074,3,2,2,0,0,0,1,300,0,0,300,1,0,0,0,2eb7056f4640b4dd4483c424ef748ee7,2015-03-02T18:42:55 +00:00
4116,Flood,IL,Cook (County),THORNTON,60476,6,6,2,3,0,1,3,12233,0,11634,599,3,0,0,0,1915eecd1769e7edd2fe6c48b09c2e1c,2015-03-02T18:42:55 +00:00
4116,Flood,IL,Cook (County),NORTH RIVERSIDE,60546,6,6,5,1,0,0,2,1972,0,0,1972,2,0,0,0,68662ada01b6e363e1d944cebd0b0902,2015-03-02T18:42:55 +00:00
4116,Flood,IL,Cook (County),OLYMPIA FIELDS,60461,18,17,10,4,0,3,6,22805,0,19689,3116,6,0,0,0,b6ce60324d5363bce73ef191ff02e3c7,2015-03-02T18:42:55 +00:00
4116,Flood,IL,Cook (County),RIVER FOREST,60305,9,9,6,3,0,0,4,8549,0,8062,487,4,0,0,0,62f58d5c221a803347e5b78b010e3ca2,2015-03-02T18:42:55 +00:00
4116,Flood,IL,Cook (County),STICKNEY,60402,4,4,3,1,0,0,3,4453,0,2462,1991,3,0,0,0,6771ecf2e3ebfafe74ae1e215faf2e12,2015-03-02T18:42:55 +00:00
4116,Flood,IL,Cook (County),PHOENIX,60426,59,57,36,12,3,6,25,56435,0,45211,11224,24,1,0,0,47cf43accde09cb449804fde596f15db,2015-03-02T18:42:55 +00:00
4116,Flood,IL,Cook (County),ROSELLE,60172,1,1,1,0,0,0,0,0,0,0,0,0,0,0,0,4c87f69d620bb49e7ebdab445b1f626b,2015-03-02T18:42:55 +00:00
4116,Flood,IL,Cook (County),SCHAUMBURG,60194,9,8,6,2,0,0,3,13121,0,12321,800,3,0,0,0,23f873d6e626321adfd73c25953f7dad,2015-03-02T18:42:55 +00:00
4116,Flood,IL,Cook (County),SOUTH CHICAGO HEIGHTS,60411,16,15,11,4,0,0,8,10774,0,8258,2516,8,0,0,0,9f75bd276f0e615de6f530f91bd5c35a,2015-03-02T18:42:55 +00:00
4116,Flood,IL,Cook (County),WHEELING,60090,11,10,7,3,0,0,4,6493,0,5722,771,4,0,0,0,ec32ed94651201d863d04212a151d456,2015-03-02T18:42:55 +00:00
4116,Flood,IL,Cook (County),STREAMWOOD,60107,11,11,6,5,0,0,4,9498,0,9426,72,4,0,0,0,7b68d328aa1611524c0273652f0ca502,2015-03-02T18:42:55 +00:00
4116,Flood,IL,Cook (County),TINLEY PARK,60487,1,1,1,0,0,0,0,0,0,0,0,0,0,0,0,31ab35bbc9d0d2b7c7c66a027538737a,2015-03-02T18:42:55 +00:00
4116,Flood,IL,Cook (County),WINNETKA,60093,1,0,0,0,0,0,0,0,0,0,0,0,0,0,0,33a3b17f95508e63af19682b3fb4a455,2015-03-02T18:42:55 +00:00
4116,Flood,IL,Cook (County),CHICAGO,60644,1,1005,646,236,1,122,488,1652022,0,1025332,626690,454,34,0,0,f8479f6b4255166d8835cb6f6d391afd,2015-03-02T18:42:55 +00:00
4116,Flood,IL,Cook (County),CHICAGO,60651,948,919,627,226,9,57,490,1481284,257,878973,602054,460,29,1,0,e831c68c347a9224d0484049e9c063cc,2015-03-02T18:42:55 +00:00
4116,Flood,IL,Cook (County),CHICAGO,60656,22,21,15,4,0,2,11,19458,0,9358,10100,11,0,0,0,4ef812c3079e37cd64ca84efbadeeb91,2015-03-02T18:42:55 +00:00
4116,Flood,IL,Cook (County),CHICAGO,60707,30,27,17,5,0,5,21,49035,0,32452,16583,20,1,0,0,7961bab7a16945055a6b2f16a03e5482,2015-03-02T18:42:55 +00:00
4116,Flood,IL,Cook (County),CICERO,60804,119,114,71,38,0,5,70,248915,0,104482,144433,66,4,0,0,c69bf2d7b16f76518dd34190ef3d75a4,2015-03-02T18:42:55 +00:00
4116,Flood,IL,Cook (County),CHICAGO,60607,6,4,4,0,0,0,0,0,0,0,0,0,0,0,0,0a9ac5e5912b9c291c22b851f100ac46,2015-03-02T18:42:55 +00:00
4116,Flood,IL,Cook (County),CHICAGO,60613,5,5,2,2,0,1,4,11652,0,5192,6460,4,0,0,0,ca6f84747b6a2dfcb6f9068a2cb990fb,2015-03-02T18:42:55 +00:00
4116,Flood,IL,Cook (County),CHICAGO,60618,45,37,29,7,0,1,16,32001,0,9056,22945,16,0,0,0,e074527604a8f145c28a1b7a9adb5943,2015-03-02T18:42:55 +00:00
4116,Flood,IL,Cook (County),CHICAGO,60623,700,680,429,188,14,49,352,1430424,0,1021849,408575,315,36,1,0,f85d9b03d88a04c9ab7f14dd72975cac,2015-03-02T18:42:55 +00:00
4116,Flood,IL,Cook (County),CHICAGO,60629,678,628,439,140,10,39,361,966946,1724,623385,341838,340,21,0,0,02ca327efd9cf04f60fd8d683620cdc4,2015-03-02T18:42:55 +00:00
4116,Flood,IL,Cook (County),CHICAGO,60634,52,47,23,15,1,8,33,90373,0,56278,34095,32,1,0,0,9e69a8b99c3f9b8e6ef5ebe68f5f0eb9,2015-03-02T18:42:55 +00:00
4116,Flood,IL,Cook (County),DES PLAINES,60018,19,15,9,6,0,0,8,24754,0,14660,10094,8,0,0,0,573f27c670a3fa06cb4c59e74c577c0f,2015-03-02T18:42:55 +00:00
4116,Flood,IL,Cook (County),ELK GROVE VILLAGE,60007,3,3,2,1,0,0,2,3619,0,1932,1687,2,0,0,0,8c6c133744510b10f038c1e6d1e84f6c,2015-03-02T18:42:55 +00:00
4116,Flood,IL,Cook (County),EVANSTON ,60202,1,1,1,0,0,0,1,1142,0,0,1142,1,0,0,0,403bbe954bfaeee3b1acc8062dfdd9e3,2015-03-02T18:42:55 +00:00
4116,Flood,IL,Cook (County),FOREST PARK,60130,58,51,42,6,0,3,17,60174,0,44650,15524,15,2,0,0,a259a7b69f2b478e116827239f9e74d7,2015-03-02T18:42:55 +00:00
4116,Flood,IL,Cook (County),GLENVIEW,60026,2,1,1,0,0,0,0,0,0,0,0,0,0,0,0,4b663f7b6f33d8904c658784d4ce0526,2015-03-02T18:42:55 +00:00
4116,Flood,IL,Cook (County),CHICAGO,60640,9,7,7,0,0,0,0,0,0,0,0,0,0,0,0,7acc0abb09c26a177566ad69e555bc89,2015-03-02T18:42:55 +00:00
4116,Flood,IL,Cook (County),CHICAGO,60645,36,32,25,5,1,1,13,35956,0,15173,20783,13,0,0,0,bbbf1eaccd7ac06b21c4888f5ebdbb6e,2015-03-02T18:42:55 +00:00
4116,Flood,IL,Cook (County),CHICAGO,60652,204,194,85,103,0,6,119,336275,0,251621,84654,116,3,0,0,234a7bfeb33ff681c18b004b94aeecf1,2015-03-02T18:42:55 +00:00
4116,Flood,IL,Cook (County),CHICAGO,60659,24,21,20,1,0,0,5,3752,0,0,3752,5,0,0,0,3ab5a616fd984bca4b7b6aca160d4aa8,2015-03-02T18:42:55 +00:00
4116,Flood,IL,Cook (County),CHICAGO,60827,137,120,89,24,0,7,48,113964,0,73363,40601,48,0,0,0,43988707d142232dfdb39700691e533b,2015-03-02T18:42:55 +00:00
4116,Flood,IL,Cook (County),COUNTRY CLUB HILLS,60478,211,201,82,65,2,52,127,443124,0,348395,94729,119,6,2,0,c4198c3b5b1e8052b823bff56e90a92a,2015-03-02T18:42:55 +00:00
4116,Flood,IL,Cook (County),DES PLAINES APT GS,60016,1,1,0,0,0,1,1,9006,0,1932,7074,1,0,0,0,6b779ff27dd5fd9f9a431b665075ec95,2015-03-02T18:42:55 +00:00
4116,Flood,IL,Cook (County),ELMWOOD PARK,60707,31,27,17,4,1,5,13,43760,0,17878,25882,13,0,0,0,d94556f088104032c2a3303e18123fde,2015-03-02T18:42:55 +00:00
4116,Flood,IL,Cook (County),HARVEY,60437,1,1,0,1,0,0,1,1930,0,1630,300,1,0,0,0,7ac9200e4acc324e6cd8029e1727c72c,2015-03-02T18:42:55 +00:00
4116,Flood,IL,Cook (County),HILLSIDE,60162,117,114,50,29,6,29,72,300925,0,129261,171665,66,6,0,0,078806b41ce608427411c39ea12f3922,2015-03-02T18:42:55 +00:00
4116,Flood,IL,Cook (County),LA GRANGE,60525,10,9,6,3,0,0,7,10894,0,8260,2634,7,0,0,0,38b5169a3cbc893432719d241a7626be,2015-03-02T18:42:55 +00:00
4116,Flood,IL,Cook (County),LYNWOOD,60411,57,52,31,16,0,5,26,86292,0,79248,7044,23,3,0,0,e3dd5bdd3eaa5965b9e417b02055e8e2,2015-03-02T18:42:55 +00:00
4116,Flood,IL,Cook (County),MAYWOOD,60153,526,503,276,142,2,83,294,956244,0,597860,358384,274,18,2,0,d4383e3388ade0436582b7d62a40fd52,2015-03-02T18:42:55 +00:00
4116,Flood,IL,Cook (County),MIDLOTHIAN,60445,33,28,19,6,3,0,16,34267,0,25796,8471,16,0,0,0,5cbf5f2d5bd384091612486e056b2d1c,2015-03-02T18:42:55 +00:00
4116,Flood,IL,Cook (County),NORRIDGE,60706,11,9,7,2,0,0,3,5320,0,2462,2858,3,0,0,0,0f93e3cfa74a4d7ea4c11a30fb80f96b,2015-03-02T18:42:55 +00:00
4116,Flood,IL,Cook (County),OAK FOREST,60452,15,14,10,3,0,1,8,20193,0,15636,4557,8,0,0,0,c6024fb073205d3ded4b77a136d398d1,2015-03-02T18:42:55 +00:00
4116,Flood,IL,Cook (County),ORLAND HILLS,60487,7,6,5,0,0,1,2,25900,1964,23314,622,0,2,0,0,67aec63abbd96478710a5b9d9e5651d8,2015-03-02T18:42:55 +00:00
4116,Flood,IL,Cook (County),EVERGREEN PARK,60805,44,41,25,9,0,7,18,61438,0,40711,20727,17,1,0,0,f23cc6af49dbd53b22d0a96bcdb9fe28,2015-03-02T18:42:55 +00:00
4116,Flood,IL,Cook (County),FOREST VIEW,60402,18,13,3,3,6,1,10,26011,0,14248,11763,10,0,0,0,4a1a8c62e17a955fdeee78a30bad2d01,2015-03-02T18:42:55 +00:00
4116,Flood,IL,Cook (County),GLENWOOD,60425,68,64,33,22,3,6,38,83275,0,55016,28259,37,1,0,0,b287e1d3240a07c765fd92fa4c2236cf,2015-03-02T18:42:55 +00:00
4116,Flood,IL,Cook (County),HARWOOD HEIGHTS,60706,4,2,2,0,0,0,0,0,0,0,0,0,0,0,0,18521febc57e91b0fd14197cdfdcf4e1,2015-03-02T18:42:55 +00:00
4116,Flood,IL,Cook (County),PALOS HILLS,60465,5,3,3,0,0,0,0,0,0,0,0,0,0,0,0,6cbbe9bdb11c2e770f4d27d41321abb6,2015-03-02T18:42:55 +00:00
4116,Flood,IL,Cook (County),POSEN,60469,33,31,20,8,1,2,20,32113,0,22488,9625,20,0,0,0,d3b43013d5110d7a66bb0566e8dc42da,2015-03-02T18:42:55 +00:00
4116,Flood,IL,Cook (County),RIVER GROVE,60171,22,21,12,4,2,3,11,44474,0,27442,17032,10,1,0,0,bb9219587a03dbd952ec3a3743d7a444,2015-03-02T18:42:55 +00:00
4116,Flood,IL,Cook (County),ROSEMONT,60018,4,4,4,0,0,0,3,2805,0,0,2805,3,0,0,0,8c0cbd4203d6346cb59e6ea3a0abd853,2015-03-02T18:42:55 +00:00
4116,Flood,IL,Cook (County),S CHICAGO HTS,60411,1,1,1,0,0,0,1,654,0,0,654,1,0,0,0,1ccd0af1f6915a7eda2def61cc0016ad,2015-03-02T18:42:55 +00:00
4116,Flood,IL,Cook (County),SOUTH HOLLAND,60473,266,257,153,71,6,27,137,430608,0,339482,91126,129,6,2,0,825e7ec61bb3e21cb104688ffac23915,2015-03-02T18:42:55 +00:00
4116,Flood,IL,Cook (County),SUMMIT,60501,7,7,5,2,0,0,6,17383,0,10974,6409,6,0,0,0,cc13b5c99bb4dbbd02596ae32249ffc7,2015-03-02T18:42:55 +00:00
4116,Flood,IL,Cook (County),UNIVERSITY PARK,60484,8,8,4,3,0,1,4,6497,0,6132,365,4,0,0,0,337490133f30ee8efd60c0b84812a94d,2015-03-02T18:42:55 +00:00
4116,Flood,IL,Cook (County),WORTH,60482,4,4,4,0,0,0,0,0,0,0,0,0,0,0,0,c807e3659ff4b0835927fa88160037ef,2015-03-02T18:42:55 +00:00
4116,Flood,IL,Cook (County),MT PROSPECT,60056,2,1,1,0,0,0,0,0,0,0,0,0,0,0,0,2dca58cc050d1abe11bbf1cc98931825,2015-03-02T18:42:55 +00:00
4116,Flood,IL,Cook (County),NORTHLAKE,60164,24,20,11,7,0,2,12,35608,0,21420,14188,11,1,0,0,abf0e67b6949d11566809a0bc8b2952f,2015-03-02T18:42:55 +00:00
4116,Flood,IL,Cook (County),OAK PARK,60304,18,16,11,2,1,2,4,11426,0,4092,7334,4,0,0,0,7544ff2ea6029bb28d70bfff6ee63e02,2015-03-02T18:42:55 +00:00
4116,Flood,IL,Cook (County),PALATINE,60067,2,2,2,0,0,0,2,1203,0,0,1203,2,0,0,0,bd5abff477c8c9881768954d6a280feb,2015-03-02T18:42:55 +00:00
4116,Flood,IL,Cook (County),PEORIA,61603,1,1,1,0,0,0,0,0,0,0,0,0,0,0,0,9870fa1ffbda4462a4a8831e75b2dd0c,2015-03-02T18:42:55 +00:00
4116,Flood,IL,Cook (County),RIVERDALE,60827,430,411,292,97,3,19,205,626957,0,440720,186237,190,13,2,0,ef2ea9d94bc5f5805626c54de3a87432,2015-03-02T18:42:55 +00:00
4116,Flood,IL,Cook (County),ROLLING MEADOWS,60008,3,3,3,0,0,0,1,2590,0,1932,658,1,0,0,0,73ed0a84848fadea49ebd24489704893,2015-03-02T18:42:55 +00:00
4116,Flood,IL,Cook (County),SCHAUMBURG,60193,1,1,0,1,0,0,1,1932,0,1932,0,1,0,0,0,0f8d50b40758c751131dee867e30b520,2015-03-02T18:42:55 +00:00
4116,Flood,IL,Cook (County),SKOKIE,60077,58,52,37,8,0,7,22,40668,0,22143,18525,22,0,0,0,99e9c9865c8cd67ef677cb6a6bc5f082,2015-03-02T18:42:55 +00:00
4116,Flood,IL,Cook (County),STONE PARK,60165,64,58,24,14,6,14,40,233058,0,78460,154598,34,6,0,0,9cce25d29e340245b301f4d8013f9288,2015-03-02T18:42:55 +00:00
4116,Flood,IL,Cook (County),TINLEY PARK,60477,5,5,4,1,0,0,3,3259,0,2462,797,3,0,0,0,367c7b1643103846a21649f6dd7a84e2,2015-03-02T18:42:55 +00:00
4116,Flood,IL,Cook (County),WILMETTE,60091,14,12,7,4,0,1,3,4138,0,2462,1676,3,0,0,0,b5a73c34e9ca282a5b9fd929ae5d4ae1,2015-03-02T18:42:55 +00:00
4116,Flood,IL,Cook (County),HOFFMAN ESTATES,60169,12,11,11,0,0,0,2,4890,0,0,4890,2,0,0,0,5d5924e1b4c693b1037ac669d1a661c9,2015-03-02T18:42:55 +00:00
4116,Flood,IL,Cook (County),LA GRANGE PARK,60526,11,9,7,1,0,1,5,5509,0,3562,1947,5,0,0,0,595a0bbbe824c2da05f7176e87690d5e,2015-03-02T18:42:55 +00:00
4116,Flood,IL,Cook (County),LYONS,60534,10,8,3,4,0,1,7,20829,0,11660,9169,7,0,0,0,9eae7ebd19b2e385315797fdf0dd9e26,2015-03-02T18:42:55 +00:00
4116,Flood,IL,Cook (County),MAYWOOD,60155,1,1,1,0,0,0,1,265,0,0,265,1,0,0,0,049216348fb32ccde37f49b60409336a,2015-03-02T18:42:55 +00:00
4116,Flood,IL,Cook (County),MORTON GROVE,60053,5,5,3,1,0,1,1,2462,0,2462,0,1,0,0,0,c1f51918f89b91cccb7354417c441005,2015-03-02T18:42:55 +00:00
4116,Flood,IL,Cook (County),NORTHBROOK,60062,1,1,1,0,0,0,0,0,0,0,0,0,0,0,0,fd35b568b2a2a223aad98829bdae13a5,2015-03-02T18:42:55 +00:00
4116,Flood,IL,Cook (County),OAK LAWN,60453,28,26,18,6,0,2,8,17922,0,11258,6664,8,0,0,0,ddabd0a65754479f3b1a99154cd62827,2015-03-02T18:42:55 +00:00
4116,Flood,IL,Cook (County),ORLAND PARK,60462,4,3,3,0,0,0,0,0,0,0,0,0,0,0,0,1eaae3d014361168ea994c4414b9a0fe,2015-03-02T18:42:55 +00:00
4116,Flood,IL,Cook (County),PARK FOREST,60466,209,195,132,55,0,8,85,248022,0,193560,54462,82,3,0,0,c5724f21ddc1952d82869242fdd63336,2015-03-02T18:42:55 +00:00
4116,Flood,IL,Cook (County),PROSPECT HEIGHTS,60070,5,2,2,0,0,0,1,331,0,0,331,1,0,0,0,dbf8cb36121a30c58813bfd03b66c0cd,2015-03-02T18:42:55 +00:00
4116,Flood,IL,Cook (County),RIVERSIDE,60546,40,35,17,5,4,9,21,78104,0,30354,47750,21,0,0,0,d0639e84af6867d26e2924d277d77ffc,2015-03-02T18:42:55 +00:00
4116,Flood,IL,Cook (County),SAUK VILLAGE,60411,192,184,113,58,0,13,101,276088,0,215034,61054,97,3,1,0,1953806e91f2339e31435163d6287166,2015-03-02T18:42:55 +00:00
4116,Flood,IL,Cook (County),SCHILLER PARK,60176,23,21,15,3,0,3,14,30328,0,11518,18810,14,0,0,0,7ca4b735908222b01f52c44f3e44a002,2015-03-02T18:42:55 +00:00
4116,Flood,IL,Cook (County),STEGER,60475,16,13,5,5,0,3,8,18861,0,9198,9663,8,0,0,0,4b7e4801f7a796e5a09f1077d79aff4c,2015-03-02T18:42:55 +00:00
4116,Flood,IL,Cook (County),SUMMIT ARGO,60501,16,16,10,4,1,1,12,30029,0,11518,18511,12,0,0,0,c9f8cfbabc2e90d90a004f576422bfad,2015-03-02T18:42:55 +00:00
4116,Flood,IL,Cook (County),WESTCHESTER,60154,91,84,49,24,2,9,46,135872,508,73685,61679,44,2,0,0,7b82a044004abae22395448f9958f2a3,2015-03-02T18:42:55 +00:00
